{"type":"FeatureCollection","crs":{"type":"name","properties":{"name":"EPSG:4326"}},"features":[{"type":"Feature","geometry":{"type":"Polygon","coordinates":[[[4.51123263400007,51.4797747220001],[4.51746074500005,51.4878116100001],[4.52368758400007,51.4958840020001],[4.52991662900007,51.5039560640001],[4.53614788000004,51.512027796],[4.54238134100007,51.5200991980001],[4.54861701100003,51.528170269],[4.55485489200004,51.53624101],[4.56109498600006,51.54431142],[4.56733729400003,51.552381498],[4.57358181700005,51.5604512460001],[4.57982855600005,51.568520661],[4.58607751300002,51.576589745],[4.59232869000004,51.5846584980001],[4.59858208700007,51.592726918],[4.60483770500002,51.6007950050001],[4.61109554700005,51.6088627600001],[4.61735561400008,51.616930182],[4.62361790600005,51.624997272],[4.62988242600005,51.633064027],[4.63614917400002,51.64113045],[4.64241815300005,51.6491965390001],[4.64868936200003,51.6572622940001],[4.65496280400004,51.665327715],[4.66123848000007,51.673392801],[4.66751639200004,51.681457553],[4.67379654000007,51.68952197],[4.68007892600002,51.6975860530001],[4.68636355100006,51.7056498000001],[4.69265041700004,51.7137132120001],[4.69893952600006,51.7217762880001],[4.70523087700008,51.7298390280001],[4.71152447400004,51.7379014320001],[4.71782031700008,51.7459635000001],[4.72411840700005,51.7540252320001],[4.73041874600005,51.762086627],[4.73672133500003,51.7701476840001],[4.74302617600006,51.778208405],[4.74933327000002,51.7862687890001],[4.75564261800002,51.794328835],[4.76195422200004,51.8023885430001],[4.76826808200002,51.8104479130001],[4.77458420200003,51.8185069450001],[4.78090258100002,51.826565638],[4.78722322100003,51.834623993],[4.79354612400004,51.842682009],[4.79987129000006,51.8507396850001],[4.80619872200003,51.8587970230001],[4.81252842100002,51.8668540210001],[4.81886038700003,51.874910679],[4.82519462300007,51.882966997],[4.83153112900004,51.8910229750001],[4.83786990800007,51.899078612],[4.84421096000005,51.907133909],[4.85055428700002,51.9151888650001],[4.85689989100007,51.9232434800001],[4.86324777200002,51.9312977540001],[4.86959793200003,51.9393516860001],[4.87595037200003,51.947405277],[4.88230509500005,51.955458525],[4.88866210000003,51.963511431],[4.89502139000007,51.9715639950001],[4.90138296600003,51.9796162160001],[4.90774682900008,51.9876680950001],[4.91411298100007,51.9957196300001],[4.92048142300007,52.003770822],[4.92685215600005,52.0118216700001],[4.93322518300005,52.019872175],[4.93960050400005,52.027922335],[4.94597812000006,52.0359721520001],[4.95235803300005,52.044021624],[4.95874024500006,52.052070751],[4.96512475700007,52.0601195340001],[4.97151157000008,52.068167971],[4.97790068600005,52.0762160640001],[4.98429210500007,52.08426381],[4.99068583000007,52.092311211],[4.99708186200007,52.1003582660001],[5.00348020200005,52.108404975],[5.00988085200004,52.1164513370001],[5.01628381300003,52.124497352],[5.02268908700006,52.1325430210001],[5.02909667400007,52.1405883420001],[5.03550657600005,52.1486333170001],[5.04191879600006,52.156677943],[5.04833333300007,52.1647222220001],[5.06180788800003,52.16215508],[5.07528088900006,52.1595864020001],[5.08875233300006,52.15701619],[5.10222222200002,52.154444444],[5.11160065400003,52.1476977740001],[5.12097624300003,52.14095036],[5.13034899300004,52.1342022040001],[5.13971890300007,52.127453304],[5.14908597500005,52.120703662],[5.15845021000007,52.113953279],[5.16781161000006,52.1072021530001],[5.17717017500007,52.1004502870001],[5.18652590800002,52.09369768],[5.19587880800003,52.086944332],[5.20522887800007,52.080190245],[5.21457611900007,52.073435418],[5.22392053100003,52.066679852],[5.23326211600005,52.059923547],[5.24260087600004,52.053166504],[5.25193681100006,52.0464087230001],[5.26126992400003,52.039650205],[5.27060021400007,52.032890949],[5.27992768300004,52.0261309570001],[5.28925233300004,52.0193702290001],[5.29857416500005,52.012608764],[5.30789317900008,52.0058465640001],[5.31720937800003,51.99908363],[5.32652276200002,51.99231996],[5.33583333300004,51.9855555560001],[5.32222149100005,51.984353421],[5.30861037900007,51.9831497170001],[5.29500000000007,51.9819444440001],[5.28356504700002,51.9764629860001],[5.27213289100007,51.970980421],[5.26070353300003,51.9654967490001],[5.24927697200008,51.960011971],[5.23785320600007,51.954526087],[5.22643223600005,51.9490390980001],[5.21501406100003,51.9435510050001],[5.20359867900004,51.9380618070001],[5.19218609100005,51.932571506],[5.18077629600003,51.9270801010001],[5.16936929200006,51.921587593],[5.15796508000005,51.916093984],[5.14656365800005,51.9105992720001],[5.13516502700003,51.905103459],[5.12376918400003,51.899606546],[5.11237613100008,51.8941085320001],[5.10098586500004,51.888609418],[5.08959838600003,51.883109205],[5.07821369400006,51.8776078930001],[5.06683178800006,51.872105483],[5.05545266700005,51.866601975],[5.04407633100004,51.861097369],[5.03270277800004,51.8555916670001],[5.02740230700005,51.8472594770001],[5.02210379900004,51.8389270500001],[5.01680725100005,51.8305943840001],[5.01151266300008,51.8222614800001],[5.00622003300003,51.813928339],[5.00092936000004,51.8055949610001],[4.99564064300006,51.797261345],[4.99035388100003,51.788927492],[4.98506907200004,51.7805934020001],[4.97978621400006,51.7722590750001],[4.97450530800006,51.763924511],[4.96922635100003,51.755589711],[4.96394934200003,51.747254674],[4.95867428100007,51.738919401],[4.95340116500006,51.7305838930001],[4.94812999400006,51.7222481480001],[4.94286076600002,51.713912168],[4.93759348000003,51.7055759510001],[4.93232813500003,51.6972395000001],[4.92706473000004,51.688902813],[4.92180326200003,51.6805658910001],[4.91654373200004,51.672228735],[4.91128613800004,51.663891343],[4.90603047900004,51.655553717],[4.90077675300006,51.6472158560001],[4.89552495900006,51.6388777610001],[4.89027509600004,51.630539432],[4.88502716200003,51.622200869],[4.87978115700002,51.6138620720001],[4.87453708000004,51.605523041],[4.86929492800004,51.5971837760001],[4.86405470100004,51.5888442790001],[4.85881639800004,51.5805045480001],[4.85358001700007,51.5721645840001],[4.84834555700007,51.5638243870001],[4.84311301600007,51.555483957],[4.83788239500007,51.5471432950001],[4.83265369100008,51.5388024000001],[4.82742690300006,51.5304612730001],[4.82220203000003,51.522119913],[4.81697907100005,51.5137783220001],[4.81175802400003,51.505436499],[4.80653888900002,51.497094444],[4.80554166700006,51.497308333],[4.80556388900004,51.497616667],[4.80459166700007,51.497588889],[4.80378333300007,51.4978444440001],[4.80361666700003,51.497680556],[4.80319166700002,51.4978472220001],[4.80292500000007,51.497480556],[4.80238611100003,51.497533333],[4.80200000000002,51.4976750000001],[4.80208611100005,51.497944444],[4.80177500000002,51.498341667],[4.79795000000007,51.499811111],[4.79646111100004,51.499425],[4.79538888900004,51.499561111],[4.79493333300007,51.4998138890001],[4.79396111100004,51.4997527780001],[4.79344722200005,51.499544444],[4.79332222200003,51.4990527780001],[4.79276388900007,51.4987166670001],[4.79256944400004,51.498366667],[4.79125833300003,51.4984555560001],[4.79082777800005,51.4981361110001],[4.79064722200008,51.498330556],[4.78990000000005,51.498369444],[4.78910555600004,51.4988555560001],[4.78854166700006,51.498780556],[4.78837777800004,51.499041667],[4.78768888900004,51.498988889],[4.78725000000003,51.498727778],[4.78607777800005,51.4988333330001],[4.78561111100004,51.499308333],[4.78522500000003,51.4993000000001],[4.78501944400006,51.4997333330001],[4.78443611100005,51.4994833330001],[4.78348333300005,51.4996444440001],[4.78300555600003,51.4995361110001],[4.78315555600005,51.499902778],[4.78264722200004,51.500233333],[4.78309722200004,51.500527778],[4.78235833300005,51.500580556],[4.78266666700006,51.501052778],[4.78228888900003,51.5012583330001],[4.78248333300007,51.50145],[4.78224166700005,51.501769444],[4.78160833300007,51.5018944440001],[4.78187777800002,51.502494444],[4.78077777800007,51.5025972220001],[4.78091944400006,51.503066667],[4.78146944400004,51.5031388890001],[4.78126388900006,51.503463889],[4.78069722200007,51.503683333],[4.78095555600004,51.5040666670001],[4.77383888900005,51.5051194440001],[4.76686228800003,51.503737707],[4.75988611100007,51.5023555560001],[4.75876388900002,51.500977778],[4.75835833300005,51.500138889],[4.75561666700003,51.5003472220001],[4.75296944400003,51.499558333],[4.75270555600002,51.499786111],[4.74893611100003,51.496686111],[4.74998888900006,51.495472222],[4.74975000000006,51.4943638890001],[4.74797777800006,51.4917194440001],[4.74699166700003,51.4907166670001],[4.74657777800007,51.4894583330001],[4.73802172500007,51.4868072560001],[4.72946666700005,51.4841555560001],[4.72510090500003,51.479095914],[4.72073611100006,51.474036111],[4.72016666700006,51.4736638890001],[4.72060833300003,51.4734388890001],[4.71832777800006,51.4725861110001],[4.71860277800005,51.472238889],[4.71594166700004,51.4711222220001],[4.71694444400003,51.4689194440001],[4.70325000000003,51.466986111],[4.70286111100006,51.466061111],[4.70405277800006,51.4655250000001],[4.70269722200004,51.4646222220001],[4.69933055600006,51.460925],[4.69912777800005,51.4598388890001],[4.69602750200005,51.4557708740001],[4.69292777800007,51.451702778],[4.68661111100005,51.451308333],[4.68243333300006,51.4496055560001],[4.68086111100007,51.449338889],[4.67373294900005,51.4468793830001],[4.66660555600004,51.4444194440001],[4.66805555600007,51.4367916670001],[4.66885286900003,51.431588892],[4.66965000000005,51.4263861110001],[4.66425833300002,51.4261527780001],[4.65950277800005,51.4252750000001],[4.65643611100006,51.4249888890001],[4.65364444400007,51.425852778],[4.65166944400005,51.4269],[4.65124444400004,51.426766667],[4.65103055600002,51.4263583330001],[4.65086111100004,51.4266416670001],[4.65058333300004,51.4265500000001],[4.65058333300004,51.4263250000001],[4.64971388900005,51.4265],[4.64942222200006,51.4263611110001],[4.64999722200002,51.426169444],[4.64956388900004,51.4258972220001],[4.64901666700007,51.4258833330001],[4.64947500000005,51.4254750000001],[4.64941111100006,51.4253305560001],[4.64786666700007,51.424833333],[4.64793055600006,51.4246583330001],[4.64832222200005,51.4247861110001],[4.64855000000006,51.4244555560001],[4.64831388900006,51.424280556],[4.64772222200003,51.424263889],[4.64765833300004,51.424527778],[4.64716944400004,51.424105556],[4.64657222200003,51.424],[4.64688611100007,51.4235166670001],[4.64680000000004,51.423355556],[4.64619166700004,51.423219444],[4.64621111100007,51.423458333],[4.64603333300005,51.4235416670001],[4.64591944400007,51.423125],[4.64419166700003,51.4230694440001],[4.64348888900003,51.422819444],[4.64195555600003,51.422702778],[4.64128333300005,51.4220361110001],[4.63978611100003,51.4222444440001],[4.63747500000005,51.423036111],[4.63394166700004,51.425108333],[4.63008611100003,51.4259500000001],[4.61615846800004,51.4276905390001],[4.60222976400007,51.429429428],[4.58830000000006,51.4311666670001],[4.58829444400004,51.4313333330001],[4.58253888900003,51.431355556],[4.58219166700007,51.431941667],[4.57471111100006,51.432836111],[4.56162127300007,51.4295644200001],[4.54853331000004,51.4262912720001],[4.53544722200007,51.4230166670001],[4.53393078600004,51.4299555650001],[4.53241388900005,51.4368944440001],[4.53115295200007,51.4432194510001],[4.52989166700007,51.449544444],[4.53596734100006,51.4574447590001],[4.54204511800003,51.4653447590001],[4.54812500000003,51.473244444],[4.54463055600007,51.4765472220001],[4.53822222200006,51.482388889],[4.52533713600008,51.4811417010001],[4.51245275500003,51.4798931010001],[4.51123263400007,51.4797747220001]]]},"properties":{"Name":"AMSTERDAM CTA SOUTH 2","Designator":"EHAMS2A","Type":"CTA","LocalType":"CTA","UpperLimit":195,"LowerLimit":95,"UpperLimitUnit":"FL","LowerLimitUnit":"FL","Class":"A","name":"AMSTERDAM CTA SOUTH 2"}},{"type":"Feature","geometry":{"type":"Polygon","coordinates":[[[6.33333333300004,52.4261111110001],[6.34441834800003,52.4202880990001],[6.35550043500007,52.414464051],[6.36657959500008,52.4086389670001],[6.37765582900005,52.4028128480001],[6.38872913700004,52.3969856940001],[6.39979952200002,52.3911575060001],[6.41086698300006,52.385328283],[6.42193152100003,52.3794980280001],[6.43299313800003,52.37366674],[6.44405183400005,52.3678344190001],[6.45510761000003,52.3620010670001],[6.46616046600008,52.356166683],[6.47721040500005,52.350331268],[6.48825742600008,52.344494823],[6.49930153000003,52.338657348],[6.51034271900005,52.332818844],[6.52138099400003,52.3269793110001],[6.53241635400008,52.3211387490001],[6.54344880100007,52.3152971590001],[6.55447833600005,52.309454542],[6.56550496000006,52.303610898],[6.57652867400003,52.2977662280001],[6.58754947700004,52.2919205310001],[6.59856737300004,52.2860738090001],[6.60958236000005,52.2802260620001],[6.62059444100004,52.2743772910001],[6.63160361500007,52.2685274950001],[6.64260988400002,52.2626766760001],[6.65361324900005,52.256824834],[6.66461371100007,52.250971969],[6.67561127000005,52.245118082],[6.68660592700007,52.239263173],[6.69759768300003,52.233407244],[6.70858654000006,52.2275502940001],[6.71957249700006,52.2216923230001],[6.73055555600007,52.215833333],[6.74500392500005,52.216782702],[6.75945291200003,52.2177303080001],[6.77390251400004,52.218676148],[6.78835273100003,52.219620224],[6.80280356300005,52.220562536],[6.81725500600004,52.221503082],[6.83170706200002,52.2224418640001],[6.84615972800003,52.22337888],[6.86061300300003,52.2243141320001],[6.87506688600007,52.225247617],[6.88952137700005,52.2261793380001],[6.90397647400005,52.2271092920001],[6.91843217500002,52.2280374810001],[6.93288848100002,52.2289639040001],[6.94734538900008,52.2298885610001],[6.96180289900008,52.2308114520001],[6.97626101000003,52.2317325760001],[6.99071972000007,52.232651934],[7.00517902800004,52.2335695250001],[7.01963893300007,52.2344853500001],[7.03409943500003,52.235399408],[7.04856053100002,52.2363116980001],[7.06302222200003,52.2372222220001],[7.06128611100007,52.2347111110001],[7.05019216400007,52.231142187],[7.03910000000008,52.227572222],[7.02640000000002,52.225716667],[7.02045277800005,52.225941667],[7.01918611100007,52.225058333],[7.01753333300007,52.225838889],[7.01466388900008,52.226511111],[7.01308611100006,52.2273500000001],[7.01241944400005,52.2270472220001],[7.01265555600003,52.2268083330001],[7.01179166700007,52.226883333],[7.01122500000002,52.2275916670001],[7.00349166700005,52.2285972220001],[6.99699166700003,52.2270361110001],[6.99425277800003,52.2269805560001],[6.99216666700005,52.227241667],[6.98983333300004,52.226991667],[6.98908055600003,52.2268527780001],[6.98883333300006,52.2263055560001],[6.98786111100003,52.225983333],[6.98710000000005,52.225455556],[6.98519444400006,52.2252722220001],[6.98502222200005,52.224513889],[6.98550000000006,52.224066667],[6.98542222200007,52.2234472220001],[6.98445555600006,52.223058333],[6.98444166700006,52.2228250000001],[6.98278333300004,52.2223416670001],[6.98122777800006,52.2210388890001],[6.98059444400008,52.219302778],[6.97975833300006,52.2181833330001],[6.98006111100005,52.2179750000001],[6.97971388900004,52.2172305560001],[6.97953333300006,52.216141667],[6.97976666700004,52.2145944440001],[6.97901388900004,52.213336111],[6.97863333300006,52.212222222],[6.97636111100007,52.2098888890001],[6.97463611100005,52.2068333330001],[6.97482500000007,52.2067805560001],[6.97408888900003,52.2054055560001],[6.97090555600005,52.2029805560001],[6.97035833300004,52.2019777780001],[6.96725000000004,52.198041667],[6.96740000000005,52.197894444],[6.96468888900006,52.196241667],[6.96415000000007,52.1953750000001],[6.96239444400004,52.1943000000001],[6.96213611100006,52.1922555560001],[6.96242222200004,52.1912888890001],[6.95738611100006,52.1870305560001],[6.95645277800003,52.185566667],[6.95446388900007,52.184080556],[6.95472777800006,52.183952778],[6.95124722200006,52.1810583330001],[6.95037222200006,52.181130556],[6.94950833300004,52.1805055560001],[6.93788611100007,52.1794694440001],[6.93628333300006,52.17875],[6.93374444400007,52.1784500000001],[6.92468880400003,52.1780322910001],[6.91563333300007,52.177613889],[6.91185555600003,52.177147222],[6.90806388900006,52.175961111],[6.90810833300003,52.1754638890001],[6.90675000000005,52.175069444],[6.90584166700006,52.1737944440001],[6.90596388900002,52.1726694440001],[6.90559166700007,52.172186111],[6.90588055600006,52.1715472220001],[6.90559166700007,52.1706583330001],[6.90589722200002,52.170069444],[6.90572222200007,52.1699166670001],[6.90083888900006,52.1670583330001],[6.89666388900002,52.164975],[6.88856168400002,52.160493333],[6.88046111100005,52.1560111110001],[6.88196666700003,52.1559777780001],[6.87907770900006,52.1483102560001],[6.87618974600002,52.1406426630001],[6.87330277800004,52.132975],[6.87303333300002,52.1319361110001],[6.87353333300007,52.1306555560001],[6.87346111100004,52.1302833330001],[6.87189722200003,52.1300000000001],[6.87104444400006,52.129522222],[6.87087222200006,52.1291694440001],[6.86709166700007,52.1280722220001],[6.86275277800007,52.1249666670001],[6.85547500000007,52.1204611110001],[6.84320000000002,52.1191972220001],[6.83295685300004,52.1188018330001],[6.82271388900006,52.118405556],[6.81028786200005,52.118482612],[6.79786179200005,52.118558363],[6.78543568000003,52.118632807],[6.77300952700006,52.118705946],[6.76058333300006,52.118777778],[6.75973055600002,52.1129527780001],[6.75959444400007,52.1093000000001],[6.75924166700003,52.107533333],[6.75878333300005,52.1065694440001],[6.75858333300005,52.105294444],[6.75840000000005,52.1053138890001],[6.75803333300007,52.1039638890001],[6.75763333300006,52.0993],[6.75656944400004,52.0979888890001],[6.75547500000005,52.0971305560001],[6.75631388900007,52.0969250000001],[6.75550833300002,52.0960166670001],[6.75526666700006,52.0952333330001],[6.75500833300003,52.0948638890001],[6.75329444400006,52.0958805560001],[6.75028055600006,52.0958027780001],[6.74870833300002,52.094844444],[6.74650277800004,52.0943888890001],[6.74551666700006,52.093191667],[6.74450555600004,52.0931194440001],[6.74520277800002,52.0920888890001],[6.74458611100005,52.091802778],[6.74508333300003,52.09115],[6.74550833300003,52.0900611110001],[6.75023055600008,52.0875611110001],[6.75108611100006,52.0854805560001],[6.75093055600007,52.085027778],[6.74761666700005,52.0819222220001],[6.74502500000006,52.080911111],[6.74402500000002,52.0803333330001],[6.73547222200006,52.0746333330001],[6.72467340300005,52.0737727160001],[6.71387500000003,52.0729111110001],[6.70492472300003,52.0715281170001],[6.69597500000003,52.0701444440001],[6.69466111100007,52.069808333],[6.69548611100004,52.0685861110001],[6.69646944400006,52.068302778],[6.69686666700005,52.067352778],[6.69588333300004,52.064269444],[6.69525555600006,52.0641972220001],[6.69170277800004,52.05915],[6.69149722200007,52.0591416670001],[6.68957222200004,52.0564527780001],[6.68740000000003,52.056397222],[6.68680833300004,52.055525],[6.68698611100007,52.0531500000001],[6.68674444400006,52.0525416670001],[6.68820000000005,52.05235],[6.68802775400007,52.0461041670001],[6.68785555600004,52.039858333],[6.70100135700005,52.0399660090001],[6.71414722200007,52.040072222],[6.72709206600007,52.036185677],[6.74003465800007,52.032297714],[6.75297500000005,52.0284083330001],[6.75853787900007,52.025361242],[6.76410000000004,52.022313889],[6.76631388900006,52.0187861110001],[6.77214166700003,52.017894444],[6.77625555600002,52.015636111],[6.78504702800006,52.0112523700001],[6.79383677800007,52.006867975],[6.80262480500005,52.002482925],[6.81141111100004,51.9980972220001],[6.80780000000004,51.994969444],[6.81720431800005,51.9942489860001],[6.82660833300002,51.993527778],[6.82832222200005,51.9897777780001],[6.83035277800008,51.986194444],[6.82960000000003,51.9794305560001],[6.83023333300002,51.9764083330001],[6.83230833300007,51.9743472220001],[6.83275555600005,51.972938889],[6.83281388900002,51.9718083330001],[6.83242777800007,51.9700472220001],[6.82853055600003,51.9641083330001],[6.82176944400004,51.964130556],[6.81383888900007,51.9636333330001],[6.81246111100006,51.9618333330001],[6.79887500000007,51.9587472220001],[6.79755950600003,51.9513625070001],[6.79624444400002,51.943977778],[6.79644444400003,51.943419444],[6.79727222200006,51.9425555560001],[6.79399166700006,51.935297222],[6.78597500000006,51.9311916670001],[6.78894444400004,51.929661111],[6.77948747100004,51.9229323230001],[6.77003333300007,51.9162027780001],[6.76599166700004,51.9160694440001],[6.76349166700004,51.9153944440001],[6.76165000000003,51.9144277780001],[6.75949166700002,51.9139888890001],[6.75691666700004,51.913802778],[6.75462500000003,51.9130944440001],[6.75402500000007,51.9126277780001],[6.75417500000003,51.9123555560001],[6.75403333300005,51.912041667],[6.75413333300003,51.9104722220001],[6.75439722200002,51.910069444],[6.75265555600004,51.908733333],[6.75205555600007,51.9085527780001],[6.75118611100004,51.907225],[6.74554166700005,51.9057250000001],[6.74050277800006,51.9052694440001],[6.73713888900005,51.904683333],[6.73252777800008,51.898705556],[6.72190000000006,51.896086111],[6.71256773700003,51.901239258],[6.70323333300007,51.906391667],[6.70383888900005,51.9093611110001],[6.70325833300006,51.9097305560001],[6.70137500000004,51.909722222],[6.69978055600006,51.909047222],[6.69762500000007,51.909844444],[6.69556111100007,51.9150638890001],[6.69576388900003,51.915175],[6.69553888900003,51.9157222220001],[6.69517777800007,51.915861111],[6.69260000000003,51.9147333330001],[6.69009166700005,51.9149472220001],[6.68984722200003,51.91515],[6.68955000000005,51.9150194440001],[6.68869722200003,51.9153833330001],[6.68425000000008,51.916169444],[6.68473333300005,51.917372222],[6.68408333300005,51.917594444],[6.67478888900007,51.9159388890001],[6.66872500000005,51.913866667],[6.66206944400005,51.911205556],[6.65545526100004,51.90920713],[6.64884166700006,51.907208333],[6.63767777800007,51.904469444],[6.63416388900004,51.9010527780001],[6.62772777800006,51.900875],[6.62533611100002,51.9019527780001],[6.61483139600006,51.8996074120001],[6.60432777800003,51.897261111],[6.59505522800004,51.895672587],[6.58578333300005,51.894083333],[6.57765364500005,51.8911975020001],[6.56952500000006,51.8883111110001],[6.56386944400003,51.8854944440001],[6.56277222200004,51.884416667],[6.56183333300004,51.8840638890001],[6.56099722200003,51.884127778],[6.56066944400004,51.882933333],[6.56100555600005,51.8825444440001],[6.56061111100007,51.882205556],[6.55880000000008,51.882533333],[6.55778333300003,51.8823972220001],[6.55764444400006,51.8822888890001],[6.55778888900005,51.8820138890001],[6.55750555600002,51.8818277780001],[6.55600000000004,51.881783333],[6.55528055600007,51.8826666670001],[6.55538055600005,51.8833638890001],[6.55524444400004,51.8835333330001],[6.55267777800003,51.8840638890001],[6.55232777800006,51.8862083330001],[6.54970277800004,51.885511111],[6.54827222200004,51.885366667],[6.54914166700007,51.883963889],[6.54989444400007,51.8834277780001],[6.54941111100004,51.8831250000001],[6.54765555600005,51.8832333330001],[6.54537222200003,51.8845972220001],[6.54379722200002,51.8844444440001],[6.54239166700006,51.8835250000001],[6.54215833300003,51.8826333330001],[6.54133333300007,51.881966667],[6.54070833300005,51.8817083330001],[6.53989166700006,51.880938889],[6.53894444400004,51.8808638890001],[6.53859444400007,51.880338889],[6.53722222200003,51.879597222],[6.53428333300008,51.8788666670001],[6.53181944400006,51.877736111],[6.52935277800003,51.8770027780001],[6.52920833300004,51.8765888890001],[6.52986666700002,51.8760361110001],[6.52444722200005,51.8741555560001],[6.52458611100008,51.8737194440001],[6.51816111100004,51.8731388890001],[6.51701944400003,51.8734166670001],[6.51545000000004,51.8735083330001],[6.51421666700003,51.873008333],[6.51248333300003,51.871941667],[6.51157222200004,51.8708972220001],[6.50853611100007,51.8697500000001],[6.50454166700007,51.8685583330001],[6.50306666700004,51.8675305560001],[6.50285555600004,51.8679138890001],[6.50190277800004,51.8678055560001],[6.50139444400003,51.868194444],[6.50106111100007,51.8680027780001],[6.50105277800003,51.8668777780001],[6.50209444400002,51.865683333],[6.50220833300006,51.8647083330001],[6.50084444400005,51.8626611110001],[6.50029166700006,51.8622750000001],[6.49637222200005,51.8609638890001],[6.49132500000007,51.859836111],[6.49030000000005,51.8593388890001],[6.48779166700007,51.8590444440001],[6.48291388900003,51.8571055560001],[6.47720277800005,51.856708333],[6.47389722200006,51.8554777780001],[6.47333055600006,51.854988889],[6.47335833300002,51.8547222220001],[6.47290000000004,51.8546000000001],[6.47251666700004,51.8538361110001],[6.46940833300005,51.85405],[6.46718611100005,51.854433333],[6.46399444400004,51.855377778],[6.46170555600003,51.8564388890001],[6.45903888900006,51.858086111],[6.45747222200004,51.8593222220001],[6.45536944400004,51.8613500000001],[6.45411944400007,51.862852778],[6.45175555600002,51.864611111],[6.45117222200003,51.865244444],[6.44847222200002,51.8655055560001],[6.44668055600005,51.865005556],[6.44548611100004,51.86375],[6.44401666700003,51.8628],[6.44246666700008,51.8623833330001],[6.44138055600007,51.8618611110001],[6.43873055600005,51.862108333],[6.43420277800004,51.8602194440001],[6.43376388900003,51.8599861110001],[6.43392777800005,51.8597444440001],[6.43242500000002,51.859408333],[6.43094166700007,51.8601555560001],[6.42937500000005,51.8606361110001],[6.42913611100005,51.8616777780001],[6.42953611100006,51.8621027780001],[6.42910555600002,51.8627416670001],[6.42926111100007,51.863275],[6.42884722200006,51.8634777780001],[6.42849166700006,51.865127778],[6.42772500000007,51.8656194440001],[6.42609722200007,51.8662027780001],[6.42543611100007,51.8658722220001],[6.42423611100003,51.8659500000001],[6.42377500000003,51.866463889],[6.42306666700006,51.8663222220001],[6.42202777800003,51.866922222],[6.42124722200003,51.8667055560001],[6.42020833300006,51.8667583330001],[6.41854722200003,51.8672083330001],[6.41406388900003,51.8694194440001],[6.41349444400004,51.86985],[6.41334444400007,51.8702777780001],[6.41227500000002,51.8710972220001],[6.41110000000003,51.870458333],[6.41102777800006,51.8702888890001],[6.41126388900005,51.8700111110001],[6.41073611100006,51.869872222],[6.41037222200003,51.8695000000001],[6.41001388900003,51.8698166670001],[6.40872777800007,51.869902778],[6.40672500000005,51.8706861110001],[6.40571666700004,51.870669444],[6.40450000000004,51.8702805560001],[6.40409444400007,51.869825],[6.40235555600003,51.869083333],[6.40135000000004,51.8693527780001],[6.40114722200002,51.869994444],[6.40078611100006,51.8704083330001],[6.39921666700008,51.870180556],[6.39829444400004,51.870908333],[6.39635000000004,51.8702388890001],[6.39590833300002,51.871133333],[6.39518055600007,51.8720027780001],[6.39366666700005,51.873038889],[6.39311944400004,51.8738222220001],[6.39225000000005,51.874005556],[6.39047777800005,51.873911111],[6.39103055600003,51.8728750000001],[6.39091666700006,51.8723583330001],[6.39047500000004,51.8720527780001],[6.38971111100005,51.8706916670001],[6.38835555600002,51.867188889],[6.38704444400003,51.8653583330001],[6.38682222200003,51.8645611110001],[6.38693888900002,51.8642055560001],[6.38756388900003,51.8636472220001],[6.38796666700006,51.8619027780001],[6.38899722200006,51.8617833330001],[6.38954166700006,51.861913889],[6.39034444400005,51.861408333],[6.39072777800004,51.8616027780001],[6.39145277800003,51.861383333],[6.39151666700008,51.860733333],[6.39183888900004,51.8604333330001],[6.39535000000006,51.8591888890001],[6.39690555600004,51.8577138890001],[6.39901944400003,51.8568861110001],[6.40004722200007,51.856025],[6.40135833300008,51.855466667],[6.40506666700003,51.8545888890001],[6.40761388900006,51.8544027780001],[6.40895000000006,51.8533305560001],[6.40896111100005,51.852663889],[6.40917500000006,51.852358333],[6.40485555600003,51.848788889],[6.40530555600003,51.8483861110001],[6.40518611100003,51.8473638890001],[6.40327777800007,51.8457916670001],[6.40243888900005,51.844469444],[6.40252500000003,51.8431944440001],[6.40423888900006,51.841113889],[6.40468333300004,51.8401944440001],[6.40548888900003,51.8396083330001],[6.40606388900005,51.838888889],[6.40694166700007,51.838322222],[6.40818055600005,51.8358944440001],[6.40738611100005,51.8357111110001],[6.40298888900003,51.836508333],[6.40454722200008,51.8332861110001],[6.40668333300005,51.829561111],[6.40718055600007,51.829086111],[6.40726388900003,51.828505556],[6.40753611100007,51.8281111110001],[6.40180833300008,51.827258333],[6.40005000000002,51.8286444440001],[6.39611944400002,51.8301500000001],[6.39514166700008,51.8300944440001],[6.39403611100005,51.8307444440001],[6.39246666700006,51.8312361110001],[6.39221111100005,51.831969444],[6.39176388900006,51.8323222220001],[6.39085277800007,51.832694444],[6.39003055600006,51.8326916670001],[6.38950277800006,51.8332722220001],[6.38800555600005,51.833680556],[6.38288611100006,51.834336111],[6.38213055600005,51.834772222],[6.37717777800003,51.8349638890001],[6.37288888900002,51.834580556],[6.37141111100004,51.8342277780001],[6.36924166700004,51.833358333],[6.36850555600006,51.8332750000001],[6.36332777800004,51.835161111],[6.36296666700002,51.8354138890001],[6.36285277800005,51.835808333],[6.36403888900003,51.838494444],[6.36255000000006,51.842675],[6.36020555600004,51.8458277780001],[6.35813888900003,51.8472972220001],[6.35659166700003,51.8478944440001],[6.35211944400004,51.8493444440001],[6.34874166700007,51.850044444],[6.34709166700003,51.850666667],[6.34331388900006,51.8510000000001],[6.33918888900007,51.8507138890001],[6.33304444400005,51.8515555560001],[6.32674722200005,51.851580556],[6.32456388900005,51.851377778],[6.32030555600005,51.851655556],[6.31902777800002,51.851563889],[6.31733888900004,51.851091667],[6.31290555600003,51.850322222],[6.31074166700006,51.8503388890001],[6.30838611100006,51.849886111],[6.30620000000005,51.8490861110001],[6.30455277800007,51.8529194440001],[6.30371944400002,51.8535972220001],[6.30246388900002,51.8565833330001],[6.30243888900003,51.856763889],[6.30280555600007,51.856977778],[6.30069444400004,51.8619861110001],[6.30044444400005,51.864516667],[6.29873055600007,51.8651694440001],[6.29820555600003,51.865961111],[6.29911388900007,51.8671583330001],[6.29895555600007,51.867808333],[6.29564444400006,51.868316667],[6.29416944400003,51.869069444],[6.28800833300005,51.871516667],[6.28345555600004,51.872166667],[6.28218888900005,51.873077778],[6.27995277800005,51.8740583330001],[6.27676944400002,51.8745388890001],[6.27271944400007,51.8747083330001],[6.27106388900006,51.874466667],[6.26977500000004,51.8740611110001],[6.26914166700004,51.87375],[6.26533333300006,51.869969444],[6.26229166700006,51.868261111],[6.26170277800003,51.8681111110001],[6.25919722200007,51.868183333],[6.25313055600003,51.868844444],[6.24821666700007,51.8695000000001],[6.24626388900003,51.8699333330001],[6.24432777800007,51.8696166670001],[6.24201111100007,51.868961111],[6.23953611100006,51.8690750000001],[6.23639166700002,51.869822222],[6.23373888900005,51.870191667],[6.22459722200006,51.8685222220001],[6.22261388900006,51.868458333],[6.21508888900007,51.8676194440001],[6.21018055600007,51.8690222220001],[6.20301944400006,51.8715722220001],[6.19604166700003,51.874702778],[6.18964166700005,51.878280556],[6.18355277800003,51.882533333],[6.18346388900005,51.8829416670001],[6.18361944400004,51.883252778],[6.18229166700007,51.8850027780001],[6.18201388900007,51.885780556],[6.18599166700005,51.886852778],[6.19143055600006,51.887352778],[6.18951944400004,51.8889444440001],[6.18986666700005,51.8896611110001],[6.19131666700002,51.8912083330001],[6.19108055600003,51.8916611110001],[6.18748888900006,51.8921527780001],[6.18256388900005,51.8939111110001],[6.18270833300005,51.894166667],[6.17624079000007,51.8977279550001],[6.16977222200006,51.9012888890001],[6.16891111100006,51.900822222],[6.16791388900003,51.9009444440001],[6.16668333300004,51.899880556],[6.16563611100003,51.898597222],[6.16302777800007,51.901141667],[6.16228333300006,51.900941667],[6.15986944400004,51.9032194440001],[6.15738888900006,51.9051027780001],[6.15620555600003,51.9052833330001],[6.15604444400003,51.9050111110001],[6.15428888900004,51.905202778],[6.15431111100003,51.904841667],[6.15405555600006,51.904555556],[6.14230216300007,51.9022075300001],[6.13055000000003,51.8998583330001],[6.13059444400005,51.899738889],[6.12872500000003,51.899338889],[6.12566944400004,51.8982055560001],[6.12426388900008,51.8987138890001],[6.12050277800006,51.9007194440001],[6.11792500000007,51.9016722220001],[6.11481944400003,51.8977166670001],[6.11234722200004,51.8989638890001],[6.11180277800003,51.8988138890001],[6.10927500000003,51.895847222],[6.11015833300007,51.8948750000001],[6.10345833300005,51.892472222],[6.10398611100004,51.8919527780001],[6.10622500000005,51.891680556],[6.11029722200004,51.892019444],[6.11321666700007,51.892552778],[6.11785277800004,51.892061111],[6.12109444400005,51.8910777780001],[6.12151388900003,51.8905472220001],[6.12260000000003,51.8900472220001],[6.12439722200003,51.8901555560001],[6.12690833300007,51.889455556],[6.12866388900005,51.8885138890001],[6.13011388900003,51.8882750000001],[6.13069722200004,51.887908333],[6.13092222200004,51.8874166670001],[6.13313055600003,51.8865555560001],[6.13544722200004,51.886386111],[6.13713055600005,51.885805556],[6.13786111100006,51.8850277780001],[6.13805555600004,51.883597222],[6.13911666700005,51.8825944440001],[6.13989444400005,51.881027778],[6.14079444400005,51.8803361110001],[6.14184166700005,51.8790222220001],[6.14284722200006,51.877286111],[6.14303611100007,51.8765861110001],[6.14361111100004,51.876252778],[6.14329722200006,51.8749805560001],[6.14374444400005,51.8741666670001],[6.14375277800002,51.873222222],[6.14462222200007,51.872069444],[6.14454166700006,51.8697472220001],[6.14564722200004,51.869255556],[6.14691666700003,51.869002778],[6.14838888900005,51.8682694440001],[6.14910555600005,51.8675111110001],[6.14918888900007,51.8670527780001],[6.15000000000003,51.866458333],[6.15082222200004,51.8661805560001],[6.15186111100007,51.8662555560001],[6.15510277800007,51.865775],[6.15622500000006,51.8654250000001],[6.15766944400002,51.864583333],[6.16006666700002,51.863816667],[6.16155833300007,51.8629722220001],[6.16475000000003,51.862216667],[6.16547500000007,51.8617083330001],[6.16708333300005,51.861605556],[6.16729444400005,51.8611722220001],[6.16712500000006,51.8607500000001],[6.16512500000005,51.859836111],[6.16443333300003,51.859],[6.16433611100007,51.857441667],[6.16360000000003,51.853680556],[6.16425277800005,51.851961111],[6.16523611100007,51.8509638890001],[6.16564166700005,51.8502111110001],[6.16610143700007,51.845466668],[6.16656111100002,51.8407222220001],[6.15966138500005,51.8425071460001],[6.15276111100007,51.844291667],[6.14364722200003,51.8460833330001],[6.13746111100005,51.846983333],[6.13245555600002,51.847438889],[6.12639444400003,51.8477250000001],[6.11894305700002,51.847734958],[6.11149166700005,51.8477444440001],[6.10510277800006,51.8483861110001],[6.10103055600007,51.8490472220001],[6.09368055600004,51.851075],[6.08927777800005,51.8527388890001],[6.08603055600003,51.8542944440001],[6.07864166700006,51.8584750000001],[6.07323055600006,51.861261111],[6.06352777800004,51.8653444440001],[6.06232500000004,51.8633],[6.06164166700006,51.861183333],[6.06043611100006,51.8612944440001],[6.05959722200004,51.8576305560001],[6.05401111100002,51.8573666670001],[6.05134722200006,51.856633333],[6.05309444400007,51.854966667],[6.05530833300003,51.852544444],[6.05526388900006,51.852372222],[6.04851904500003,51.8497057480001],[6.04177500000003,51.847038889],[6.03690833300004,51.844105556],[6.03562222200003,51.842661111],[6.03343611100007,51.8434222220001],[6.03267500000004,51.8423638890001],[6.02915277800003,51.845119444],[6.02278888900003,51.842844444],[6.02020833300003,51.8416388890001],[6.01826111100007,51.841669444],[6.01755277800004,51.8414333330001],[6.01698611100005,51.8408527780001],[6.01591666700006,51.838133333],[6.01007777800004,51.8351000000001],[6.00566111100005,51.8339916670001],[6.00194166700004,51.8324111110001],[5.99865833300004,51.8319222220001],[5.99672222200007,51.831297222],[5.99452500000007,51.830922222],[5.98680000000007,51.8306527780001],[5.98302777800006,51.831641667],[5.97828333300004,51.8324111110001],[5.97633888900003,51.8329833330001],[5.97309444400003,51.8333944440001],[5.97114444400006,51.8333416670001],[5.96817500000003,51.8343583330001],[5.96301666700003,51.836905556],[5.95885484100006,51.8339093270001],[5.95885555600006,51.8339083330001],[5.94855351600006,51.8401235590001],[5.93824863100002,51.846337884],[5.92794090100006,51.852551309],[5.91763032400007,51.8587638330001],[5.90731690000007,51.8649754560001],[5.89700062700007,51.871186176],[5.88668150500007,51.877395994],[5.87635953200004,51.88360491],[5.86603470800003,51.889812922],[5.85570703000008,51.89602003],[5.84537650000004,51.9022262340001],[5.83504311400003,51.9084315330001],[5.82470687300003,51.9146359270001],[5.81436777600004,51.920839416],[5.80402582000005,51.927041999],[5.79368100700003,51.933243675],[5.78333333300003,51.9394444440001],[5.77023937400003,51.942541598],[5.75714360600006,51.9456373],[5.74404603200003,51.9487315490001],[5.73094665000002,51.951824344],[5.71784546200007,51.954915686],[5.70474246700007,51.958005573],[5.69163766600008,51.9610940060001],[5.67853106100006,51.9641809840001],[5.66542265000004,51.967266507],[5.65231243400007,51.9703505740001],[5.63920041400007,51.9734331860001],[5.62608659000006,51.976514341],[5.61297096300007,51.9795940390001],[5.59985353300004,51.9826722810001],[5.58673430000005,51.985749065],[5.57361326500006,51.988824391],[5.56049042800004,51.991898259],[5.54736579000007,51.9949706690001],[5.53423935100005,51.998041619],[5.52111111100004,52.0011111110001],[5.53213281200004,52.0069704840001],[5.54315739800006,52.0128288270001],[5.55418487200006,52.018686142],[5.56521523400005,52.024542426],[5.57624848500006,52.0303976810001],[5.58728462500005,52.036251905],[5.59832365500006,52.042105097],[5.60936557700006,52.0479572580001],[5.62041039200005,52.0538083860001],[5.63145809900004,52.059658482],[5.64250870000006,52.0655075440001],[5.65356219600005,52.0713555730001],[5.66461858700006,52.0772025680001],[5.67567787500008,52.0830485280001],[5.68674006000003,52.088893453],[5.69780514400003,52.094737342],[5.70887312600007,52.1005801950001],[5.71994400900007,52.1064220120001],[5.73101779200005,52.112262791],[5.74209447600003,52.1181025330001],[5.75317406400006,52.1239412360001],[5.76425655400004,52.1297789020001],[5.77534194900005,52.1356155280001],[5.78643024800004,52.1414511140001],[5.79752145400005,52.1472856610001],[5.80861556600007,52.1531191660001],[5.81971258600004,52.158951631],[5.83081251400006,52.164783055],[5.84191535200006,52.1706134360001],[5.85302109900005,52.1764427750001],[5.86412975800005,52.1822710700001],[5.87524132900006,52.1880983230001],[5.88635581200003,52.1939245310001],[5.89747320900005,52.199749695],[5.90859352000007,52.205573814],[5.91971674600006,52.211396887],[5.93084288900008,52.217218915],[5.94197194800006,52.223039896],[5.95310392600004,52.22885983],[5.96423882200003,52.2346787160001],[5.97537663700007,52.240496555],[5.98651737300003,52.246313345],[5.99766103000007,52.2521290860001],[6.00880761000008,52.257943778],[6.01995711200004,52.26375742],[6.03110953800007,52.269570012],[6.04226488800003,52.2753815520001],[6.05342316400004,52.281192042],[6.06458436700007,52.2870014790001],[6.07574849600007,52.292809864],[6.08691555400003,52.2986171960001],[6.09808554000006,52.3044234750001],[6.10925845700007,52.310228699],[6.12043430300003,52.3160328700001],[6.13161308200006,52.3218359850001],[6.14279479200007,52.3276380450001],[6.15397943600004,52.333439049],[6.16516701300003,52.3392389970001],[6.17635752600006,52.345037888],[6.18755097400003,52.3508357220001],[6.19874735900004,52.3566324980001],[6.20994668100008,52.3624282150001],[6.22114894100002,52.368222874],[6.23235414000004,52.374016473],[6.24356228000005,52.3798090120001],[6.25477336000006,52.385600491],[6.26598738100006,52.3913909090001],[6.27720434600008,52.3971802660001],[6.28842425300007,52.40296856],[6.29964710500008,52.4087557930001],[6.31087290100004,52.414541962],[6.32210164400004,52.4203270690001],[6.33333333300004,52.4261111110001]]]},"properties":{"Name":"AMSTERDAM CTA EAST 2","Designator":"EHAME2A","Type":"CTA","LocalType":"CTA","UpperLimit":195,"LowerLimit":95,"UpperLimitUnit":"FL","LowerLimitUnit":"FL","Class":"A","name":"AMSTERDAM CTA EAST 2"}},{"type":"Feature","geometry":{"type":"Polygon","coordinates":[[[4.62583333300006,52.205475],[4.64023194900005,52.204552338],[4.65462996600007,52.203627924],[4.66902738400006,52.202701758],[4.68342420100004,52.20177384],[4.69782041600007,52.20084417],[4.71221602800006,52.1999127490001],[4.72661103700005,52.1989795760001],[4.74100544000004,52.198044651],[4.75539923700006,52.197107976],[4.76979242700003,52.196169549],[4.78418500900005,52.19522937],[4.79857698100005,52.1942874420001],[4.81296834300002,52.193343762],[4.82735909300004,52.192398332],[4.84174923100005,52.1914511510001],[4.85613875500007,52.1905022190001],[4.87052766400006,52.189551538],[4.88491595700003,52.188599106],[4.89930363300005,52.187644925],[4.91369069200005,52.1866889940001],[4.92807713100007,52.1857313130001],[4.94246294900006,52.1847718820001],[4.95684814700007,52.1838107020001],[4.97123272200002,52.182847773],[4.98561667300004,52.1818830940001],[5.00000000000006,52.1809166670001],[5.01221880400004,52.1834059350001],[5.02443897600006,52.18589394],[5.03666051600004,52.188380683],[5.04888342200007,52.1908661620001],[5.06110769400004,52.193350379],[5.07333333300005,52.1958333330001],[5.06691743900006,52.18780235],[5.06050386100003,52.1797710180001],[5.05409260000005,52.1717393390001],[5.04768365400002,52.163707313],[5.04127702000005,52.1556749390001],[5.03487269800007,52.147642219],[5.02847068700004,52.139609152],[5.02207098400004,52.131575738],[5.01567358900007,52.123541978],[5.00927850000005,52.1155078720001],[5.00288571600004,52.1074734200001],[4.99649523500005,52.099438623],[4.99010705600006,52.0914034800001],[4.98372117800005,52.083367992],[4.97733759800008,52.075332159],[4.97095631700006,52.0672959820001],[4.96457733200003,52.0592594600001],[4.95820064100008,52.0512225940001],[4.95182624500006,52.043185383],[4.94545414000004,52.035147829],[4.93908432700005,52.027109932],[4.93271680200007,52.0190716910001],[4.92635156600005,52.0110331060001],[4.91998861600007,52.002994179],[4.91362795200007,51.99495491],[4.90726957100003,51.9869152970001],[4.90091347300006,51.978875343],[4.89455965600007,51.970835046],[4.88820811900007,51.962794408],[4.88185886000002,51.9547534280001],[4.87551187800005,51.9467121070001],[4.86916717200006,51.9386704450001],[4.86282473900008,51.9306284410001],[4.85648458000003,51.9225860970001],[4.85014669200007,51.914543413],[4.84381107400003,51.906500388],[4.83747772500004,51.898457024],[4.83114664300007,51.8904133190001],[4.82481782700006,51.882369275],[4.81849127600003,51.8743248910001],[4.81216698800006,51.866280169],[4.80584496100005,51.858235107],[4.79952519600005,51.850189707],[4.79320768900004,51.8421439680001],[4.78689244000003,51.8340978910001],[4.78057944800003,51.826051475],[4.77426871000006,51.8180047220001],[4.76796022600007,51.8099576320001],[4.76165399500007,51.8019102040001],[4.75535001400004,51.7938624380001],[4.74904828300004,51.785814336],[4.74274880000007,51.7777658970001],[4.73645156400005,51.769717122],[4.73015657400003,51.7616680100001],[4.72386382800005,51.753618562],[4.71757332400006,51.7455687780001],[4.71128506200006,51.7375186580001],[4.70499904000008,51.7294682030001],[4.69871525700006,51.721417413],[4.69243371100004,51.713366288],[4.68615440200006,51.705314828],[4.67987732600005,51.6972630330001],[4.67360248500006,51.689210904],[4.66732987500006,51.681158441],[4.66105949600006,51.673105644],[4.65479134600002,51.665052513],[4.64852542400007,51.656999049],[4.64226172900004,51.648945252],[4.63600025900007,51.640891121],[4.62974101300006,51.632836657],[4.62348399000007,51.624781861],[4.61722918800007,51.6167267320001],[4.61097660600007,51.608671272],[4.60472624200003,51.6006154790001],[4.59847809600006,51.5925593540001],[4.59223216500004,51.584502898],[4.58598844900007,51.5764461100001],[4.57974694700005,51.5683889910001],[4.57350765600006,51.560331542],[4.56727057600006,51.552273761],[4.56103570500005,51.5442156500001],[4.55480304200006,51.5361572090001],[4.54857258500004,51.528098437],[4.54234433400006,51.5200393360001],[4.53611828700002,51.511979905],[4.52989444200006,51.5039201450001],[4.52367279900005,51.495860055],[4.51745335600003,51.4877996370001],[4.51123611100007,51.479738889],[4.51123263400007,51.4797747220001],[4.49956908000007,51.47864309],[4.48668611100004,51.4773916670001],[4.48004166700002,51.478244444],[4.47607777800005,51.478163889],[4.47182222200007,51.476391667],[4.46849444400004,51.474066667],[4.46803333300005,51.4733944440001],[4.46729166700004,51.4729305560001],[4.46670277800007,51.4719777780001],[4.46585833300003,51.4715138890001],[4.45699722200004,51.469777778],[4.44971519000006,51.469229392],[4.44243333300005,51.468680556],[4.43089664200005,51.4648105960001],[4.41936190700005,51.4609395050001],[4.40782912900005,51.4570672830001],[4.39629830900003,51.4531939290001],[4.38476944400003,51.4493194440001],[4.38266111100006,51.4501805560001],[4.38150277800003,51.4483083330001],[4.37976944400003,51.447722222],[4.37928611100006,51.4467333330001],[4.38664722200002,51.4451777780001],[4.38785277800002,51.4454777780001],[4.38808888900007,51.4452277780001],[4.39215000000007,51.446294444],[4.39310555600002,51.4451777780001],[4.39666388900002,51.4419222220001],[4.39701944400002,51.4408472220001],[4.39564166700006,51.4398694440001],[4.39517777800006,51.4380472220001],[4.39533055600003,51.436675],[4.39567500000004,51.4366444440001],[4.39544166700006,51.435525],[4.39891388900003,51.435269444],[4.39720000000005,51.4315611110001],[4.39259166700003,51.4327555560001],[4.39233611100002,51.431355556],[4.39455833300002,51.4314805560001],[4.39423611100005,51.4295333330001],[4.39468611100006,51.4287277780001],[4.39449444400003,51.42805],[4.39535000000006,51.427561111],[4.39515000000006,51.4269055560001],[4.39135833300003,51.4273805560001],[4.39048611100003,51.4242972220001],[4.38975277800006,51.4244694440001],[4.38365000000005,51.421052778],[4.38763666700004,51.4146792340001],[4.39162222200002,51.4083055560001],[4.39964300600008,51.401640538],[4.40766145300006,51.394974974],[4.41567756300003,51.3883088630001],[4.42369133700004,51.381642205],[4.43170277800004,51.3749750000001],[4.42540555600004,51.3713388890001],[4.42793333300006,51.3696416670001],[4.42986666700006,51.367425],[4.43123888900004,51.3649361110001],[4.43146944400007,51.3639250000001],[4.42211944400003,51.365219444],[4.41049060600005,51.3610422420001],[4.39886388900004,51.3568638890001],[4.39388055600006,51.3555916670001],[4.38984722200007,51.3553166670001],[4.38470833300005,51.3543666670001],[4.38424166700003,51.3552250000001],[4.37885277800007,51.3548916670001],[4.36983055600007,51.3567],[4.36824166700006,51.3560305560001],[4.36763055600005,51.3568138890001],[4.36661111100005,51.3572083330001],[4.36316111100007,51.3573250000001],[4.35470277800005,51.3580666670001],[4.35318888900002,51.358019444],[4.35323055600003,51.358177778],[4.35092500000007,51.358269444],[4.35086944400007,51.358697222],[4.34886666700004,51.358547222],[4.34352777800007,51.3576027780001],[4.34112500000003,51.3575527780001],[4.33892656900002,51.3642491150001],[4.33672749500005,51.370945412],[4.33452777800005,51.377641667],[4.32027073900002,51.3773383650001],[4.30601388900004,51.377033333],[4.29337941600005,51.376587806],[4.28074519000006,51.3761409200001],[4.26811121000003,51.375692675],[4.25547747900004,51.375243072],[4.24284399500004,51.37479211],[4.23021076200007,51.3743397900001],[4.21757777800002,51.373886111],[4.21993055600007,51.368325],[4.22206944400006,51.3645111110001],[4.22674722200003,51.3597611110001],[4.23439909500007,51.3568655270001],[4.24205000000006,51.353969444],[4.23360482500004,51.3471857580001],[4.22516215000007,51.3404014650001],[4.21672197400005,51.3336165650001],[4.20828429600004,51.326831059],[4.19984911400007,51.320044947],[4.19141642800003,51.313258229],[4.18298623700002,51.3064709060001],[4.17455853900003,51.299682977],[4.16613333300006,51.2928944440001],[4.15977777800003,51.2902194440001],[4.14868793600004,51.2852109500001],[4.13760051300005,51.280201409],[4.12651550900006,51.27519082],[4.11543292200002,51.2701791850001],[4.11406217200005,51.269559056],[4.11408888900007,51.2695000000001],[4.10075776100007,51.27247815],[4.08742490600002,51.2754547860001],[4.07409032300006,51.278429907],[4.06075401400005,51.281403514],[4.04741597800006,51.284375606],[4.03407621600007,51.2873461820001],[4.02073472800004,51.2903152420001],[4.00739151600004,51.2932827860001],[3.99404657900004,51.296248813],[3.98069991800003,51.299213324],[3.96735153400004,51.302176317],[3.95400142600005,51.305137793],[3.94064959600007,51.308097751],[3.92729604400006,51.31105619],[3.91394077000007,51.3140131110001],[3.90058377500003,51.3169685120001],[3.88722506000005,51.3199223940001],[3.87386462400002,51.3228747570001],[3.86050246800005,51.325825599],[3.84713859300007,51.328774921],[3.83377300000006,51.3317227220001],[3.82040568800005,51.3346690010001],[3.80703665900006,51.3376137590001],[3.79366591200005,51.340556996],[3.78029344800007,51.3434987100001],[3.76691926800004,51.3464389010001],[3.75354337200002,51.3493775700001],[3.74016576100007,51.352314715],[3.72678643500007,51.355250336],[3.71340539500005,51.3581844330001],[3.70002264100003,51.361117006],[3.68663817300006,51.3640480550001],[3.67325199300006,51.366977578],[3.65986410000005,51.3699055750001],[3.64647449500006,51.372832047],[3.63308317900004,51.375756993],[3.61969015200003,51.3786804120001],[3.60629541500003,51.3816023040001],[3.59289896700005,51.384522669],[3.57950081100006,51.3874415070001],[3.56610094500007,51.3903588160001],[3.55269937100007,51.3932745980001],[3.53929608900006,51.39618885],[3.52589110000002,51.399101574],[3.51248440300003,51.4020127680001],[3.49907600100005,51.404922432],[3.48566589200004,51.4078305670001],[3.47225407800005,51.4107371710001],[3.45884055900007,51.4136422440001],[3.44542533500004,51.416545786],[3.43200840800006,51.419447797],[3.41858977800007,51.422348275],[3.40516944400002,51.4252472220001],[3.41059005300002,51.43343387],[3.41601260400006,51.4416202680001],[3.42143710000005,51.4498064150001],[3.42686354100005,51.457992313],[3.43229192900003,51.466177959],[3.43772226600004,51.474363355],[3.44315455100002,51.4825485000001],[3.44858878600007,51.4907333950001],[3.45402497300006,51.4989180370001],[3.45946311300003,51.507102429],[3.46490320700002,51.5152865690001],[3.47034525600003,51.523470457],[3.47578926100005,51.531654093],[3.48123522400005,51.539837478],[3.48668314600008,51.54802061],[3.49213302800007,51.55620349],[3.49758487100007,51.564386117],[3.50303867700006,51.572568491],[3.50849444700003,51.5807506130001],[3.51395218100004,51.5889324820001],[3.51941188200004,51.597114097],[3.52487355000005,51.605295459],[3.53033718600005,51.6134765680001],[3.53580279300007,51.621657423],[3.54127037100005,51.629838024],[3.54673992000005,51.638018371],[3.55221144400002,51.6461984640001],[3.55768494200004,51.654378303],[3.56316041600007,51.662557887],[3.56863786800005,51.6707372160001],[3.57411729800003,51.6789162910001],[3.57959870700006,51.68709511],[3.58508209800004,51.6952736740001],[3.59056747000005,51.703451983],[3.59605482700005,51.7116300370001],[3.60154416700004,51.719807835],[3.60703549400006,51.727985377],[3.61252880800004,51.7361626630001],[3.61802411000002,51.744339692],[3.62352140200005,51.752516466],[3.62902068400007,51.7606929820001],[3.63452195900004,51.768869243],[3.64002522700002,51.7770452460001],[3.64553048900007,51.7852209920001],[3.65103774800002,51.7933964810001],[3.65654700300007,51.801571713],[3.66205825700007,51.809746687],[3.66757151000007,51.8179214040001],[3.67308676500005,51.826095862],[3.67860402100007,51.8342700630001],[3.68412328000005,51.8424440050001],[3.68964454400003,51.850617689],[3.69516781400006,51.858791115],[3.70069309100006,51.866964281],[3.70622037700002,51.875137189],[3.71174967200005,51.8833098380001],[3.71728097800008,51.891482227],[3.72281429600002,51.899654357],[3.72834962700006,51.907826228],[3.73388697300004,51.9159978390001],[3.73942633500008,51.92416919],[3.74496771400004,51.9323402800001],[3.75051111100004,51.940511111],[3.76436590600002,51.9423921480001],[3.77822186300006,51.9442715590001],[3.79207898000004,51.946149344],[3.80593725700004,51.9480255010001],[3.81979669300006,51.9499000320001],[3.83365728700005,51.9517729350001],[3.84751903900008,51.95364421],[3.86138194700004,51.9555138580001],[3.87524601100006,51.957381878],[3.88911123000003,51.95924827],[3.90297760300007,51.9611130330001],[3.91684512900002,51.9629761670001],[3.93071380700007,51.964837672],[3.94458363700005,51.9666975480001],[3.95845461800008,51.968555795],[3.97232674800006,51.970412411],[3.98620002800004,51.972267398],[4.00007445600005,51.9741207550001],[4.01395003100004,51.975972481],[4.02782675200007,51.9778225760001],[4.04170461900003,51.97967104],[4.05558363100005,51.981517873],[4.06946378700007,51.9833630750001],[4.08334508700005,51.9852066450001],[4.09722752800008,51.987048583],[4.11111111100007,51.9888888890001],[4.12302469200006,51.993951162],[4.13494096700003,51.999012232],[4.14685993600006,52.0040721],[4.15878160000005,52.0091307650001],[4.17070595900003,52.014188226],[4.18263301500002,52.0192444830001],[4.19456276600005,52.0242995350001],[4.20649521400003,52.0293533820001],[4.21843035900002,52.0344060240001],[4.23036820200002,52.0394574600001],[4.24230874300002,52.0445076890001],[4.25425198300007,52.049556711],[4.26619792100007,52.0546045250001],[4.27814655900005,52.0596511320001],[4.29009789700007,52.06469653],[4.30205193500007,52.069740718],[4.31400867400004,52.074783698],[4.32596811400003,52.079825467],[4.33793025500006,52.084866026],[4.34989509900004,52.0899053740001],[4.36186264600002,52.0949435100001],[4.37383289600007,52.099980434],[4.38580584900006,52.1050161460001],[4.39778150600006,52.1100506450001],[4.40975986700005,52.11508393],[4.42174093300002,52.120116002],[4.43372470500003,52.125146859],[4.44571118200003,52.1301765010001],[4.45770036600004,52.1352049270001],[4.46969225600003,52.140232138],[4.48168685300004,52.145258132],[4.49368415800006,52.1502829090001],[4.50568417000005,52.155306469],[4.51768689100004,52.1603288110001],[4.52969232100003,52.1653499350001],[4.54170046100006,52.170369839],[4.55371131000004,52.175388524],[4.56572486900006,52.1804059900001],[4.57774113900007,52.185422234],[4.58976011900006,52.190437258],[4.60178181200007,52.195451061],[4.61380621600006,52.200463642],[4.62583333300006,52.205475]]]},"properties":{"Name":"AMSTERDAM CTA SOUTH 1","Designator":"EHAMS1A","Type":"CTA","LocalType":"CTA","UpperLimit":195,"LowerLimit":55,"UpperLimitUnit":"FL","LowerLimitUnit":"FL","Class":"A","name":"AMSTERDAM CTA SOUTH 1"}},{"type":"Feature","geometry":{"type":"Polygon","coordinates":[[[4.93946944400005,52.7651333330001],[4.95391047800007,52.766639744],[4.96835251000005,52.768144401],[4.98279554100003,52.769647304],[4.99723956700007,52.7711484540001],[5.01168459000007,52.7726478490001],[5.02613060600004,52.7741454900001],[5.04057761700005,52.7756413760001],[5.05502561900005,52.7771355080001],[5.06947461300007,52.7786278840001],[5.08392459800007,52.7801185050001],[5.09837557100008,52.7816073710001],[5.11282753300003,52.783094481],[5.12728048200006,52.784579835],[5.14173441800006,52.786063433],[5.15618933800005,52.7875452740001],[5.17064524200003,52.789025359],[5.18510213000008,52.7905036870001],[5.19955999900003,52.7919802590001],[5.21401885000006,52.7934550730001],[5.22847868000002,52.7949281300001],[5.24293948900004,52.7963994290001],[5.25740127500006,52.7978689700001],[5.27186403900004,52.799336753],[5.28632777800004,52.800802778],[5.29796634400003,52.8063087800001],[5.30960785800005,52.811813644],[5.32125232000004,52.817317368],[5.33289973100005,52.822819952],[5.34455009300007,52.828321396],[5.35620340500003,52.8338216990001],[5.36785966800005,52.839320861],[5.37951888300006,52.844818881],[5.39118105100005,52.8503157590001],[5.40284617300006,52.8558114940001],[5.41451424900004,52.8613060850001],[5.42618527900004,52.8667995330001],[5.43785926600003,52.872291836],[5.44953620900003,52.877782994],[5.46121610900002,52.8832730060001],[5.47289896700005,52.8887618730001],[5.48458478300006,52.894249593],[5.49627355900003,52.8997361660001],[5.50796529500008,52.905221592],[5.51965999100003,52.910705869],[5.53135764900003,52.9161889980001],[5.54305826900003,52.9216709780001],[5.55476185200007,52.9271518080001],[5.56646839900003,52.932631488],[5.57817790900003,52.938110017],[5.58989038500005,52.9435873960001],[5.60160582700007,52.949063622],[5.61332423500005,52.954538696],[5.62504561000003,52.9600126180001],[5.63676995300006,52.9654853860001],[5.64849726500006,52.9709570000001],[5.66022754600004,52.9764274610001],[5.67196079700005,52.981896766],[5.68369701900002,52.987364916],[5.69543621300005,52.9928319100001],[5.70717837800004,52.998297748],[5.71892351700006,53.0037624280001],[5.73067162900003,53.0092259520001],[5.74242271500003,53.014688317],[5.75417677700005,53.020149524],[5.76593381400005,53.0256095720001],[5.77769382700006,53.03106846],[5.78945681800008,53.036526189],[5.80122278700003,53.041982756],[5.81299173400004,53.047438163],[5.82476366100002,53.052892408],[5.83653856700005,53.0583454910001],[5.84831645500003,53.0637974110001],[5.86009732300005,53.0692481680001],[5.87188117400007,53.074697761],[5.88366800800003,53.0801461900001],[5.89545782500005,53.085593454],[5.90725062700005,53.091039553],[5.91904641400004,53.0964844860001],[5.93084518600006,53.101928253],[5.94264694400005,53.107370852],[5.95445169000004,53.1128122850001],[5.96625942400004,53.118252549],[5.97807014600005,53.1236916450001],[5.98988385700005,53.1291295720001],[6.00170055800004,53.13456633],[6.01352025000006,53.1400019170001],[6.02534293300005,53.1454363340001],[6.03716860800006,53.1508695800001],[6.04899727600002,53.1563016540001],[6.06082893700005,53.1617325560001],[6.07266359200003,53.1671622860001],[6.08450124300003,53.172590842],[6.09634188800004,53.178018224],[6.10818553000007,53.183444432],[6.12003216900007,53.188869466],[6.13188180600002,53.1942933240001],[6.14373444100005,53.1997160060001],[6.15559007500002,53.2051375120001],[6.16744870800005,53.21055784],[6.17931034300005,53.215976992],[6.19117497800005,53.2213949650001],[6.20304261500007,53.22681176],[6.21491325500006,53.232227376],[6.22678689800006,53.237641812],[6.23866354500007,53.243055069],[6.25054319600002,53.2484671440001],[6.26242585300002,53.253878039],[6.27431151600007,53.259287751],[6.28620018500004,53.264696282],[6.29809186200004,53.2701036300001],[6.30998654700005,53.2755097940001],[6.32188424100002,53.280914775],[6.33378494400006,53.286318571],[6.34568865800003,53.291721183],[6.35759538200006,53.297122609],[6.36950511800006,53.3025228490001],[6.38141786700004,53.307921902],[6.39333362800005,53.313319769],[6.40525240300008,53.318716448],[6.41717419200006,53.324111939],[6.42909899600005,53.329506241],[6.44102681600003,53.3348993540001],[6.45295765300006,53.3402912780001],[6.46489150600007,53.3456820110001],[6.47682837700006,53.351071554],[6.48876826700007,53.3564599050001],[6.50071117600004,53.3618470640001],[6.51265710500007,53.3672330310001],[6.52460605400006,53.3726178050001],[6.53655802500003,53.3780013860001],[6.54851301800005,53.383383773],[6.56047103300006,53.3887649650001],[6.57243207100004,53.394144962],[6.58439613400003,53.399523764],[6.59636322100005,53.4049013690001],[6.60833333300008,53.4102777780001],[6.61783760600002,53.416989044],[6.62734488000007,53.423699555],[6.63685515500003,53.4304093120001],[6.64636843300002,53.4371183120001],[6.65588471500007,53.4438265570001],[6.66540400300005,53.450534045],[6.67492629700007,53.457240776],[6.68445160000005,53.46394675],[6.69397991300002,53.470651966],[6.70351123600005,53.477356424],[6.71304557200006,53.4840601240001],[6.72258292200007,53.4907630650001],[6.73212328600005,53.497465246],[6.74166666700006,53.504166667],[6.75412240900005,53.502781014],[6.76657733700006,53.501394066],[6.77903145000005,53.500005824],[6.79148474600004,53.4986162880001],[6.80393722600007,53.4972254580001],[6.81638888900005,53.4958333330001],[6.82819890900004,53.4904878560001],[6.84000595300006,53.4851412150001],[6.85181002000007,53.4797934110001],[6.86361111100007,53.474444444],[6.87142676300004,53.467578302],[6.87923988700004,53.4607116500001],[6.88705048400004,53.4538444880001],[6.89485855600003,53.4469768170001],[6.90266410300006,53.440108638],[6.91046712700006,53.433239949],[6.91826762900007,53.4263707530001],[6.92606561100007,53.419501048],[6.93386107300006,53.4126308360001],[6.94165401700008,53.4057601160001],[6.94944444400005,53.398888889],[6.95497236900007,53.391077281],[6.96049826500007,53.3832654180001],[6.96602213400007,53.3754533000001],[6.97154397600002,53.3676409270001],[6.97706379400006,53.3598282990001],[6.98258158800007,53.3520154170001],[6.98809736000004,53.34420228],[6.99361111100006,53.336388889],[7.00146105400006,53.3314591060001],[7.00930918300003,53.326528808],[7.01715549800002,53.321597995],[7.02500000000003,53.316666667],[7.03889385000002,53.3152866520001],[7.05278680200007,53.313905022],[7.06667885300004,53.3125217790001],[7.08057000400004,53.311136923],[7.09446025300002,53.3097504520001],[7.10834959900006,53.3083623690001],[7.12223804200005,53.306972672],[7.13612558000005,53.305581363],[7.15001221200004,53.3041884410001],[7.16389793800005,53.302793906],[7.17778275700005,53.3013977590001],[7.19166666700005,53.3000000000001],[7.19419905900003,53.2913335740001],[7.19673042300008,53.2826670950001],[7.19926076100006,53.274000562],[7.20179007300004,53.265333975],[7.20431836000006,53.256667335],[7.20684562200006,53.248000641],[7.20937186100002,53.239333894],[7.21189707700006,53.2306670940001],[7.21442127100005,53.2220002400001],[7.21694444400003,53.213333333],[7.21728893800002,53.207179167],[7.21763333300004,53.2010250000001],[7.21762500000006,53.1978222220001],[7.21655277800005,53.195552778],[7.21564444400008,53.194836111],[7.21345833300006,53.1938361110001],[7.21145555600003,53.192511111],[7.20804444400005,53.1884805560001],[7.21777315200006,53.184380952],[7.22750000000002,53.1802805560001],[7.22003165600006,53.178625234],[7.21256388900002,53.1769694440001],[7.20813611100004,53.1765444440001],[7.20365555600006,53.176566667],[7.19724194500003,53.1691321170001],[7.19083055600004,53.161697222],[7.19073611100004,53.160927778],[7.19121111100003,53.159886111],[7.19115277800006,53.159563889],[7.18931666700007,53.1573805560001],[7.18922500000002,53.1554444440001],[7.18962777800004,53.148013889],[7.18555833300007,53.1443972220001],[7.18389444400003,53.1422805560001],[7.18321666700007,53.1404055560001],[7.18025555600008,53.1380333330001],[7.17896666700005,53.1385388890001],[7.17893888900005,53.138158333],[7.18028611100004,53.1300277780001],[7.18093333300004,53.1278722220001],[7.18183055600002,53.1266722220001],[7.18361111100006,53.1248972220001],[7.18407500000006,53.124927778],[7.18589444400004,53.1242222220001],[7.18290000000007,53.1217694440001],[7.19284818900007,53.1175920810001],[7.20279444400006,53.1134138890001],[7.20190019500006,53.105407649],[7.20100627900007,53.0974014020001],[7.20011269600008,53.089395149],[7.19921944400005,53.081388889],[7.20094065600006,53.072575434],[7.20266116400006,53.063761954],[7.20438096700008,53.05494845],[7.20610006800007,53.04613492],[7.20781846500006,53.0373213660001],[7.20953616000003,53.0285077870001],[7.21125315300003,53.0196941840001],[7.21296944400007,53.0108805560001],[7.21744722200003,53.0070416670001],[7.21610555600006,53.005925],[7.21648888900006,53.0056527780001],[7.21513055600008,53.0051194440001],[7.20956388900004,53.000511111],[7.20934133200006,53.000044105],[7.20942222200006,53.0000055560001],[7.19486873600005,52.998329224],[7.18031638000002,52.9966511150001],[7.16576515500003,52.99497123],[7.15121506400004,52.9932895690001],[7.13666610600006,52.9916061320001],[7.12211828300002,52.989920919],[7.10757159600007,52.9882339310001],[7.09302604500004,52.9865451680001],[7.07848163200003,52.98485463],[7.06393835900008,52.9831623170001],[7.04939622500007,52.9814682300001],[7.03485523200004,52.979772369],[7.02031538100005,52.978074733],[7.00577667400006,52.9763753240001],[6.99123911000004,52.974674142],[6.97670269100007,52.972971187],[6.96216741900002,52.9712664580001],[6.94763329300002,52.9695599570001],[6.93310031600004,52.967851684],[6.91856848900005,52.9661416380001],[6.90403781100002,52.9644298210001],[6.88950828500003,52.9627162310001],[6.87497991100003,52.9610008710001],[6.86045269000005,52.9592837390001],[6.84592662400007,52.9575648360001],[6.83140171300005,52.9558441630001],[6.81687795800002,52.9541217190001],[6.80235536100002,52.9523975050001],[6.78783392300005,52.9506715220001],[6.77331364400004,52.948943768],[6.75879452500004,52.9472142450001],[6.74427656800003,52.9454829530001],[6.72975977300007,52.943749892],[6.71524414200007,52.942015063],[6.70072967600004,52.9402784650001],[6.68621637500007,52.9385400990001],[6.67170424100004,52.936799965],[6.65719327500005,52.935058063],[6.64268347700005,52.9333143950001],[6.62817484900006,52.9315689590001],[6.61366739200002,52.9298217560001],[6.59916110600005,52.928072786],[6.58465599300007,52.9263220500001],[6.57015205400006,52.9245695480001],[6.55564929000008,52.9228152810001],[6.54114770100006,52.9210592470001],[6.52664728900004,52.9193014480001],[6.51214805500007,52.917541885],[6.49765000000002,52.9157805560001],[6.48979928900008,52.9085527730001],[6.48195119800005,52.901324473],[6.47410572400003,52.894095656],[6.46626286800006,52.8868663220001],[6.45842262600007,52.8796364720001],[6.45058499900006,52.872406106],[6.44274998400005,52.8651752230001],[6.43491758100004,52.8579438260001],[6.42708778700006,52.8507119130001],[6.41926060200007,52.843479486],[6.41143602400007,52.8362465430001],[6.40361405100003,52.8290130870001],[6.39579468300008,52.8217791170001],[6.38797791800005,52.8145446330001],[6.38016375500007,52.8073096360001],[6.37235219200005,52.800074125],[6.36454322800006,52.7928381020001],[6.35673686100006,52.7856015670001],[6.34893309100005,52.778364519],[6.34113191500006,52.7711269600001],[6.33333333300004,52.763888889],[6.33333333300004,52.4261111110001],[6.32210164400004,52.4203270690001],[6.31087290100004,52.414541962],[6.29964710500008,52.4087557930001],[6.28842425300007,52.40296856],[6.27720434600008,52.3971802660001],[6.26598738100006,52.3913909090001],[6.25477336000006,52.385600491],[6.24356228000005,52.3798090120001],[6.23235414000004,52.374016473],[6.22114894100002,52.368222874],[6.20994668100008,52.3624282150001],[6.19874735900004,52.3566324980001],[6.18755097400003,52.3508357220001],[6.17635752600006,52.345037888],[6.16516701300003,52.3392389970001],[6.15397943600004,52.333439049],[6.14279479200007,52.3276380450001],[6.13161308200006,52.3218359850001],[6.12043430300003,52.3160328700001],[6.10925845700007,52.310228699],[6.09808554000006,52.3044234750001],[6.08691555400003,52.2986171960001],[6.07574849600007,52.292809864],[6.06458436700007,52.2870014790001],[6.05342316400004,52.281192042],[6.04226488800003,52.2753815520001],[6.03110953800007,52.269570012],[6.01995711200004,52.26375742],[6.00880761000008,52.257943778],[5.99766103000007,52.2521290860001],[5.98651737300003,52.246313345],[5.97537663700007,52.240496555],[5.96423882200003,52.2346787160001],[5.95310392600004,52.22885983],[5.94197194800006,52.223039896],[5.93084288900008,52.217218915],[5.91971674600006,52.211396887],[5.90859352000007,52.205573814],[5.89747320900005,52.199749695],[5.88635581200003,52.1939245310001],[5.87524132900006,52.1880983230001],[5.86412975800005,52.1822710700001],[5.85302109900005,52.1764427750001],[5.84191535200006,52.1706134360001],[5.83081251400006,52.164783055],[5.81971258600004,52.158951631],[5.80861556600007,52.1531191660001],[5.79752145400005,52.1472856610001],[5.78643024800004,52.1414511140001],[5.77534194900005,52.1356155280001],[5.76425655400004,52.1297789020001],[5.75317406400006,52.1239412360001],[5.74209447600003,52.1181025330001],[5.73101779200005,52.112262791],[5.71994400900007,52.1064220120001],[5.70887312600007,52.1005801950001],[5.69780514400003,52.094737342],[5.68674006000003,52.088893453],[5.67567787500008,52.0830485280001],[5.66461858700006,52.0772025680001],[5.65356219600005,52.0713555730001],[5.64250870000006,52.0655075440001],[5.63145809900004,52.059658482],[5.62041039200005,52.0538083860001],[5.60936557700006,52.0479572580001],[5.59832365500006,52.042105097],[5.58728462500005,52.036251905],[5.57624848500006,52.0303976810001],[5.56521523400005,52.024542426],[5.55418487200006,52.018686142],[5.54315739800006,52.0128288270001],[5.53213281200004,52.0069704840001],[5.52111111100004,52.0011111110001],[5.50685441500002,51.999924852],[5.49259847500002,51.9987368720001],[5.47834329200003,51.9975471710001],[5.46408886800003,51.996355749],[5.44983520200003,51.995162608],[5.43558229700005,51.9939677450001],[5.42133015300004,51.992771163],[5.40707877200003,51.9915728610001],[5.39282815300004,51.990372839],[5.37857829900003,51.9891710970001],[5.36432921000005,51.9879676360001],[5.35008088800004,51.9867624560001],[5.33583333300004,51.9855555560001],[5.32652276200002,51.99231996],[5.31720937800003,51.99908363],[5.30789317900008,52.0058465640001],[5.29857416500005,52.012608764],[5.28925233300004,52.0193702290001],[5.27992768300004,52.0261309570001],[5.27060021400007,52.032890949],[5.26126992400003,52.039650205],[5.25193681100006,52.0464087230001],[5.24260087600004,52.053166504],[5.23326211600005,52.059923547],[5.22392053100003,52.066679852],[5.21457611900007,52.073435418],[5.20522887800007,52.080190245],[5.19587880800003,52.086944332],[5.18652590800002,52.09369768],[5.17717017500007,52.1004502870001],[5.16781161000006,52.1072021530001],[5.15845021000007,52.113953279],[5.14908597500005,52.120703662],[5.13971890300007,52.127453304],[5.13034899300004,52.1342022040001],[5.12097624300003,52.14095036],[5.11160065400003,52.1476977740001],[5.10222222200002,52.154444444],[5.08875233300006,52.15701619],[5.07528088900006,52.1595864020001],[5.06180788800003,52.16215508],[5.04833333300007,52.1647222220001],[5.05458005500003,52.1725004950001],[5.06082896100003,52.1802784380001],[5.06708005300004,52.188056051],[5.07333333300005,52.1958333330001],[5.06110769400004,52.193350379],[5.04888342200007,52.1908661620001],[5.03666051600004,52.188380683],[5.02443897600006,52.18589394],[5.01221880400004,52.1834059350001],[5.00000000000006,52.1809166670001],[4.98558746000003,52.181885111],[4.97117429300005,52.1828517980001],[4.95676050000003,52.1838167290001],[4.94234608200003,52.184779904],[4.92793104000003,52.1857413230001],[4.91351537500003,52.186700984],[4.89909908900006,52.187658889],[4.88468218200006,52.188615037],[4.87026465500003,52.189569428],[4.85584651000005,52.1905220610001],[4.84142774800006,52.1914729380001],[4.82700836900005,52.192422057],[4.81258837500008,52.193369418],[4.79816776800004,52.1943150210001],[4.78374654700002,52.1952588670001],[4.76932471400005,52.1962009540001],[4.75490227100005,52.1971412830001],[4.74047921800008,52.1980798540001],[4.72605555600006,52.1990166670001],[4.72929755000007,52.2077290410001],[4.73254081500005,52.2164413260001],[4.73578535200005,52.225153522],[4.73903116400004,52.233865629],[4.74227824900004,52.242577646],[4.74552661000007,52.251289575],[4.74877624700002,52.260001415],[4.75202716100006,52.2687131650001],[4.75527935300005,52.2774248260001],[4.75853282300005,52.2861363980001],[4.76178757300005,52.2948478800001],[4.76504360400003,52.3035592730001],[4.76830091700003,52.3122705760001],[4.77155951100002,52.3209817900001],[4.77481938900007,52.3296929140001],[4.77808055100007,52.3384039480001],[4.78134299800007,52.347114892],[4.78460673100005,52.3558257460001],[4.78787175100007,52.364536511],[4.79113805900005,52.3732471850001],[4.79440565500005,52.38195777],[4.79767454100005,52.3906682640001],[4.80094471700005,52.3993786680001],[4.80421618500003,52.408088982],[4.80748894400006,52.4167992050001],[4.81076299700004,52.425509338],[4.81403834400004,52.434219381],[4.81731498600004,52.4429293330001],[4.82059292400004,52.451639195],[4.82387215900008,52.460348965],[4.82715269100004,52.4690586460001],[4.83043452200008,52.477768235],[4.83371765200008,52.4864777340001],[4.83700208300007,52.495187141],[4.84028781500007,52.503896458],[4.84357484900005,52.5126056830001],[4.84686318700005,52.5213148180001],[4.85015282800003,52.5300238610001],[4.85344377500007,52.5387328130001],[4.85673602700007,52.547441674],[4.86002958700004,52.5561504440001],[4.86332445300008,52.564859122],[4.86662062900007,52.573567708],[4.86991811400003,52.582276203],[4.87321691000005,52.5909846070001],[4.87651701700003,52.5996929180001],[4.87981843600005,52.608401138],[4.88312116900005,52.6171092660001],[4.88642521500003,52.6258173030001],[4.88973057700002,52.6345252470001],[4.89303725500002,52.643233099],[4.89634524900003,52.6519408600001],[4.89965456200002,52.6606485280001],[4.90296519300006,52.669356103],[4.90627714400006,52.6780635870001],[4.90959041600007,52.686770978],[4.91290500900004,52.6954782770001],[4.91622092500006,52.7041854830001],[4.91953816400007,52.7128925970001],[4.92285672800006,52.721599618],[4.92617661700007,52.7303065470001],[4.92949783200004,52.739013383],[4.93282037400007,52.747720126],[4.93614424500004,52.7564267760001],[4.93946944400005,52.7651333330001]]]},"properties":{"Name":"AMSTERDAM CTA EAST 1","Designator":"EHAME1A","Type":"CTA","LocalType":"CTA","UpperLimit":195,"LowerLimit":65,"UpperLimitUnit":"FL","LowerLimitUnit":"FL","Class":"A","name":"AMSTERDAM CTA EAST 1"}},{"type":"Feature","geometry":{"type":"Polygon","coordinates":[[[3.61556388900004,53.465252778],[3.61809324200004,53.456537031],[3.62062155700005,53.44782123],[3.62314883400006,53.439105376],[3.62567507500006,53.430389468],[3.62820028100003,53.421673507],[3.63072445100005,53.4129574930001],[3.63324758600004,53.4042414260001],[3.63576968800004,53.3955253060001],[3.63829075800004,53.3868091320001],[3.64081079500005,53.3780929060001],[3.64332980000006,53.3693766260001],[3.64584777600004,53.3606602940001],[3.64836472100006,53.3519439080001],[3.65088063700006,53.34322747],[3.65339552400008,53.334510978],[3.65590938400004,53.325794434],[3.65842221800006,53.3170778370001],[3.66093402400003,53.3083611870001],[3.66344480600003,53.299644485],[3.66595456300007,53.290927729],[3.66846329500004,53.2822109210001],[3.67097100500007,53.2734940610001],[3.67347769200006,53.2647771480001],[3.67598335700006,53.2560601820001],[3.67848800200005,53.247343164],[3.68099162600004,53.2386260930001],[3.68349423000006,53.2299089700001],[3.68599581600006,53.221191795],[3.68849638300003,53.2124745670001],[3.69099593300007,53.203757287],[3.69349446700005,53.195039954],[3.69599198400005,53.1863225700001],[3.69848848700002,53.177605133],[3.70098397400005,53.1688876440001],[3.70347844900004,53.160170103],[3.70597191000007,53.1514525090001],[3.70846435900006,53.142734864],[3.71095579600006,53.1340171670001],[3.71344622300006,53.1252994170001],[3.71593563900007,53.1165816160001],[3.71842404700004,53.1078637630001],[3.72091144500007,53.099145858],[3.72339783600006,53.0904279010001],[3.72588321900002,53.081709892],[3.72836759600006,53.0729918320001],[3.73085096700004,53.0642737200001],[3.73333333300008,53.0555555560001],[3.74565250500007,53.050615937],[3.75796885300002,53.0456750450001],[3.77028237800005,53.040732882],[3.78259307900004,53.0357894480001],[3.79490095800003,53.030844743],[3.80720601400003,53.025898768],[3.81950824900002,53.0209515240001],[3.83180766200007,53.0160030100001],[3.84410425300007,53.011053229],[3.85639802500003,53.006102179],[3.86868897600004,53.001149861],[3.88097710700004,52.9961962770001],[3.89326241900005,52.991241427],[3.90554491200004,52.98628531],[3.91782458700004,52.981327928],[3.93010144300007,52.9763692810001],[3.94237548200005,52.9714093700001],[3.95464670400003,52.9664481950001],[3.96691510900007,52.961485757],[3.97918069800005,52.956522056],[3.99144347200007,52.951557092],[4.00370342900004,52.9465908670001],[4.01596057200004,52.9416233810001],[4.02821490000002,52.936654634],[4.04046641400004,52.931684626],[4.05271511500007,52.9267133590001],[4.06496100200008,52.9217408330001],[4.07720407700003,52.9167670480001],[4.08944433900007,52.911792006],[4.10168178900005,52.906815705],[4.11391642800004,52.901838147],[4.12614825600002,52.8968593330001],[4.13837727400005,52.8918792630001],[4.15060348100008,52.8868979370001],[4.16282687900002,52.881915356],[4.17504746700007,52.87693152],[4.18726524700003,52.87194643],[4.19948021900007,52.8669600870001],[4.21169238200002,52.8619724910001],[4.22390173800005,52.856983643],[4.23610828700004,52.8519935420001],[4.24831203000002,52.8470021900001],[4.26051296700007,52.8420095880001],[4.27271109800006,52.837015734],[4.28490642400004,52.832020631],[4.29709894500007,52.8270242790001],[4.30928866200003,52.8220266770001],[4.32147557500002,52.8170278270001],[4.33365968400005,52.8120277300001],[4.34584099100005,52.807026385],[4.35801949600005,52.802023793],[4.37019519800003,52.7970199550001],[4.38236809900008,52.792014871],[4.39453819900007,52.7870085420001],[4.40670549800006,52.782000968],[4.41886999700006,52.7769921490001],[4.43103169600005,52.771982087],[4.44319059600002,52.766970782],[4.45534669700004,52.7619582340001],[4.46750000000003,52.7569444440001],[4.47920889400007,52.75295542],[4.49091564300005,52.748965244],[4.50262024800003,52.7449739150001],[4.51432270900006,52.740981434],[4.52602302500003,52.736987802],[4.53772119800004,52.732993019],[4.54941722600006,52.7289970840001],[4.56111111100006,52.7250000000001],[4.57565041500004,52.72656584],[4.59019076200002,52.728129901],[4.60473215200005,52.729692184],[4.61927458400004,52.731252689],[4.63381805600005,52.7328114140001],[4.64836256700005,52.7343683610001],[4.66290811700003,52.7359235280001],[4.67745470400007,52.7374769150001],[4.69200232700007,52.7390285230001],[4.70655098500004,52.7405783510001],[4.72110067800003,52.742126399],[4.73565140400007,52.7436726660001],[4.75020316200005,52.7452171520001],[4.76475595000005,52.7467598580001],[4.77930976900006,52.7483007820001],[4.79386461600006,52.749839926],[4.80842049200004,52.7513772870001],[4.82297739400002,52.7529128670001],[4.83753532100008,52.754446665],[4.85209427300003,52.7559786800001],[4.86665424900002,52.757508913],[4.88121524700006,52.7590373630001],[4.89577726700003,52.7605640310001],[4.91034030700007,52.762088915],[4.92490436600002,52.7636120160001],[4.93946944400005,52.7651333330001],[4.93614424500004,52.7564267760001],[4.93282037400007,52.747720126],[4.92949783200004,52.739013383],[4.92617661700007,52.7303065470001],[4.92285672800006,52.721599618],[4.91953816400007,52.7128925970001],[4.91622092500006,52.7041854830001],[4.91290500900004,52.6954782770001],[4.90959041600007,52.686770978],[4.90627714400006,52.6780635870001],[4.90296519300006,52.669356103],[4.89965456200002,52.6606485280001],[4.89634524900003,52.6519408600001],[4.89303725500002,52.643233099],[4.88973057700002,52.6345252470001],[4.88642521500003,52.6258173030001],[4.88312116900005,52.6171092660001],[4.87981843600005,52.608401138],[4.87651701700003,52.5996929180001],[4.87321691000005,52.5909846070001],[4.86991811400003,52.582276203],[4.86662062900007,52.573567708],[4.86332445300008,52.564859122],[4.86002958700004,52.5561504440001],[4.85673602700007,52.547441674],[4.85344377500007,52.5387328130001],[4.85015282800003,52.5300238610001],[4.84686318700005,52.5213148180001],[4.84357484900005,52.5126056830001],[4.84028781500007,52.503896458],[4.83700208300007,52.495187141],[4.83371765200008,52.4864777340001],[4.83043452200008,52.477768235],[4.82715269100004,52.4690586460001],[4.82387215900008,52.460348965],[4.82059292400004,52.451639195],[4.81731498600004,52.4429293330001],[4.81403834400004,52.434219381],[4.81076299700004,52.425509338],[4.80748894400006,52.4167992050001],[4.80421618500003,52.408088982],[4.80094471700005,52.3993786680001],[4.79767454100005,52.3906682640001],[4.79440565500005,52.38195777],[4.79113805900005,52.3732471850001],[4.78787175100007,52.364536511],[4.78460673100005,52.3558257460001],[4.78134299800007,52.347114892],[4.77808055100007,52.3384039480001],[4.77481938900007,52.3296929140001],[4.77155951100002,52.3209817900001],[4.76830091700003,52.3122705760001],[4.76504360400003,52.3035592730001],[4.76178757300005,52.2948478800001],[4.75853282300005,52.2861363980001],[4.75527935300005,52.2774248260001],[4.75202716100006,52.2687131650001],[4.74877624700002,52.260001415],[4.74552661000007,52.251289575],[4.74227824900004,52.242577646],[4.73903116400004,52.233865629],[4.73578535200005,52.225153522],[4.73254081500005,52.2164413260001],[4.72929755000007,52.2077290410001],[4.72605555600006,52.1990166670001],[4.71173988200007,52.1999444840001],[4.69742361000004,52.200870568],[4.68310674300005,52.2017949200001],[4.66878928000006,52.202717539],[4.65447122400008,52.2036384260001],[4.64015257400007,52.204557579],[4.62583333300006,52.205475],[4.61380619000005,52.200463642],[4.60178176000005,52.195451061],[4.58976004200002,52.1904372590001],[4.57774103500003,52.185422235],[4.56572473900007,52.1804059900001],[4.55371115400004,52.1753885250001],[4.54170027900005,52.17036984],[4.52969211400006,52.1653499350001],[4.51768665800006,52.160328812],[4.50568391100006,52.15530647],[4.49368387200008,52.15028291],[4.48168654200003,52.145258133],[4.46969191900007,52.140232139],[4.45770000300007,52.1352049280001],[4.44571079300005,52.130176502],[4.43372429000004,52.12514686],[4.42174049300007,52.1201160030001],[4.40975940100003,52.1150839310001],[4.39778101300004,52.110050646],[4.38580533000004,52.1050161470001],[4.37383235200002,52.0999804350001],[4.36186207600002,52.0949435110001],[4.34989450400008,52.0899053750001],[4.33792963400003,52.084866027],[4.32596746600007,52.0798254680001],[4.31400800100005,52.0747836990001],[4.30205123600007,52.06974072],[4.29009717200006,52.064696531],[4.27814580800003,52.059651133],[4.26619714500004,52.054604526],[4.25425118100003,52.049556712],[4.24230791500003,52.04450769],[4.23036734900006,52.039457461],[4.21842948000005,52.0344060250001],[4.20649430900005,52.0293533830001],[4.19456183500006,52.0242995360001],[4.18263205800002,52.0192444830001],[4.17070497700007,52.014188226],[4.15878059200003,52.0091307650001],[4.14685890200008,52.0040721],[4.13493990700005,51.999012232],[4.12302360700005,51.993951162],[4.11111000000005,51.9888888890001],[4.09722646000006,51.987048583],[4.08334406100005,51.9852066450001],[4.06946280500006,51.9833630750001],[4.05558269100004,51.981517873],[4.04170372200002,51.97967104],[4.02782589800006,51.9778225750001],[4.01394921900004,51.9759724800001],[4.00007368700005,51.9741207540001],[3.98619930200005,51.9722673970001],[3.97232606500006,51.970412411],[3.95845397700003,51.9685557940001],[3.94458303900007,51.9666975470001],[3.93071325200003,51.9648376710001],[3.91684461600005,51.962976166],[3.90297713300004,51.9611130320001],[3.88911080300005,51.9592482690001],[3.87524562700003,51.957381877],[3.86138160600007,51.9555138580001],[3.84751874000006,51.95364421],[3.83365703100003,51.9517729340001],[3.81979648000004,51.949900031],[3.80593708600003,51.9480255010001],[3.79207885200003,51.9461493430001],[3.77822177700006,51.9442715590001],[3.76436586300002,51.9423921480001],[3.75051111100004,51.940511111],[3.74496771400004,51.9323402800001],[3.73942633500008,51.92416919],[3.73388697300004,51.9159978390001],[3.72834962700006,51.907826228],[3.72281429600002,51.899654357],[3.71728097800008,51.891482227],[3.71174967200005,51.8833098380001],[3.70622037700002,51.875137189],[3.70069309100006,51.866964281],[3.69516781400006,51.858791115],[3.68964454400003,51.850617689],[3.68412328000005,51.8424440050001],[3.67860402100007,51.8342700630001],[3.67308676500005,51.826095862],[3.66757151000007,51.8179214040001],[3.66205825700007,51.809746687],[3.65654700300007,51.801571713],[3.65103774800002,51.7933964810001],[3.64553048900007,51.7852209920001],[3.64002522700002,51.7770452460001],[3.63452195900004,51.768869243],[3.62902068400007,51.7606929820001],[3.62352140200005,51.752516466],[3.61802411000002,51.744339692],[3.61252880800004,51.7361626630001],[3.60703549400006,51.727985377],[3.60154416700004,51.719807835],[3.59605482700005,51.7116300370001],[3.59056747000005,51.703451983],[3.58508209800004,51.6952736740001],[3.57959870700006,51.68709511],[3.57411729800003,51.6789162910001],[3.56863786800005,51.6707372160001],[3.56316041600007,51.662557887],[3.55768494200004,51.654378303],[3.55221144400002,51.6461984640001],[3.54673992000005,51.638018371],[3.54127037100005,51.629838024],[3.53580279300007,51.621657423],[3.53033718600005,51.6134765680001],[3.52487355000005,51.605295459],[3.51941188200004,51.597114097],[3.51395218100004,51.5889324820001],[3.50849444700003,51.5807506130001],[3.50303867700006,51.572568491],[3.49758487100007,51.564386117],[3.49213302800007,51.55620349],[3.48668314600008,51.54802061],[3.48123522400005,51.539837478],[3.47578926100005,51.531654093],[3.47034525600003,51.523470457],[3.46490320700002,51.5152865690001],[3.45946311300003,51.507102429],[3.45402497300006,51.4989180370001],[3.44858878600007,51.4907333950001],[3.44315455100002,51.4825485000001],[3.43772226600004,51.474363355],[3.43229192900003,51.466177959],[3.42686354100005,51.457992313],[3.42143710000005,51.4498064150001],[3.41601260400006,51.4416202680001],[3.41059005300002,51.43343387],[3.40516944400002,51.4252472220001],[3.39179539300005,51.4284387970001],[3.37841947400005,51.43162885],[3.36504168700003,51.43481738],[3.35166203400007,51.4380043880001],[3.33828051300003,51.441189873],[3.32489712600005,51.444373834],[3.31151187300003,51.4475562710001],[3.29812475500006,51.450737184],[3.28473577200003,51.4539165730001],[3.27134492300007,51.457094436],[3.25795221100003,51.460270774],[3.24455763500004,51.463445586],[3.23116119500003,51.466618871],[3.21776289300004,51.4697906310001],[3.20436272700005,51.472960863],[3.19096070000006,51.476129567],[3.17755681100004,51.4792967440001],[3.16415106100004,51.482462393],[3.15074345000005,51.485626514],[3.13733397800007,51.4887891050001],[3.12392264700003,51.491950167],[3.11050945600005,51.4951096990001],[3.09709440600005,51.4982677020001],[3.08367749700005,51.5014241740001],[3.07025873000003,51.5045791150001],[3.05683810500005,51.5077325240001],[3.04341562300004,51.510884403],[3.02999128400006,51.5140347490001],[3.01656508800005,51.5171835630001],[3.00313703600006,51.5203308440001],[2.98970712900007,51.5234765910001],[2.97627536700003,51.526620806],[2.96284174900006,51.529763486],[2.94940627800003,51.5329046320001],[2.93596895200005,51.536044244],[2.92252977300006,51.5391823200001],[2.90908874100006,51.5423188610001],[2.89564585700003,51.5454538660001],[2.88220112000005,51.548587335],[2.86875453200003,51.5517192670001],[2.85530609300002,51.554849662],[2.84185580300004,51.5579785200001],[2.82840366200003,51.56110584],[2.81494967200007,51.5642316220001],[2.80149383200006,51.5673558650001],[2.78803614300006,51.570478569],[2.77457660600004,51.5735997350001],[2.76111522100007,51.57671936],[2.74765198800003,51.5798374450001],[2.73418690800003,51.5829539900001],[2.72071998100006,51.5860689940001],[2.70725120800006,51.589182457],[2.69378058900003,51.5922943780001],[2.68030812500007,51.595404758],[2.66683381600006,51.598513595],[2.65335766300007,51.6016208890001],[2.63987966500002,51.6047266400001],[2.62639982400003,51.6078308470001],[2.61291814000003,51.610933511],[2.59943461400007,51.61403463],[2.58594924500005,51.6171342050001],[2.57246203400007,51.6202322340001],[2.55897298300005,51.623328718],[2.54548209000006,51.626423657],[2.53198935800003,51.6295170490001],[2.51849478500003,51.632608894],[2.50499837300003,51.6356991930001],[2.49150012300004,51.6387879440001],[2.47800003400005,51.6418751480001],[2.46449810700005,51.6449608030001],[2.45099434200006,51.6480449100001],[2.43748874100004,51.651127468],[2.42398130200007,51.6542084770001],[2.41047202800007,51.657287936],[2.39696091900004,51.6603658450001],[2.38344797400003,51.663442204],[2.36993319400005,51.666517012],[2.35641658000003,51.6695902690001],[2.34289813300006,51.6726619740001],[2.32937785200005,51.6757321270001],[2.31585573900003,51.6788007280001],[2.30233179300006,51.681867777],[2.28880601600002,51.6849332720001],[2.27527840700003,51.6879972140001],[2.26174896700007,51.6910596020001],[2.24821769700003,51.6941204350001],[2.23468459800006,51.6971797140001],[2.22114966800007,51.700237439],[2.20761291000002,51.703293607],[2.19407432400004,51.706348221],[2.18053390900008,51.709401278],[2.16699166700005,51.7124527780001],[2.17334845600004,51.72049565],[2.17970750700005,51.7285381790001],[2.18606882100005,51.7365803640001],[2.19243239900004,51.744622206],[2.19879824400005,51.752663705],[2.20516635500007,51.760704859],[2.21153673500004,51.7687456690001],[2.21790938600003,51.7767861350001],[2.22428430700006,51.784826256],[2.23066150100004,51.7928660320001],[2.23704097000007,51.800905463],[2.24342271300003,51.808944549],[2.24980673400006,51.8169832890001],[2.25619303300005,51.825021683],[2.26258161100003,51.833059732],[2.26897247000005,51.8410974340001],[2.27536561200003,51.8491347900001],[2.28176103700002,51.8571717990001],[2.28815874800006,51.8652084610001],[2.29455874400003,51.873244776],[2.30096102900006,51.881280744],[2.30736560300005,51.8893163640001],[2.31377246700004,51.897351637],[2.32018162400004,51.9053865610001],[2.32659307400007,51.9134211370001],[2.33300681800006,51.921455365],[2.33942285900002,51.9294892440001],[2.34584119700003,51.937522775],[2.35226183400005,51.9455559560001],[2.35868477100007,51.9535887870001],[2.36511001000002,51.9616212700001],[2.37153755200006,51.9696534020001],[2.37796739900006,51.9776851840001],[2.38439955100006,51.985716616],[2.39083401000005,51.993747698],[2.39727077900005,52.0017784290001],[2.40370985700002,52.009808809],[2.41015124700004,52.0178388370001],[2.41659494900006,52.0258685150001],[2.42304096600003,52.0338978400001],[2.42948929800002,52.0419268140001],[2.43593994700007,52.0499554360001],[2.44239291500003,52.057983705],[2.44884820200002,52.0660116220001],[2.45530581100007,52.074039186],[2.46176574300006,52.0820663980001],[2.46822799800003,52.090093256],[2.47469257900002,52.09811976],[2.48115948700007,52.1061459110001],[2.48762872200007,52.1141717080001],[2.49410028800003,52.12219715],[2.50057418500006,52.130222239],[2.50705041400005,52.138246973],[2.51352897700002,52.146271352],[2.52000987500003,52.1542953750001],[2.52649311000005,52.1623190440001],[2.53297868300007,52.170342357],[2.53946659600007,52.1783653140001],[2.54595685000004,52.1863879160001],[2.55244944600003,52.1944101610001],[2.55894438600006,52.202432049],[2.56544167100003,52.2104535810001],[2.57194130200003,52.218474756],[2.57844328200002,52.2264955740001],[2.58494761200006,52.2345160350001],[2.59145429200004,52.242536138],[2.59796332400003,52.2505558830001],[2.60447471000003,52.2585752700001],[2.61098845200007,52.266594298],[2.61750455000004,52.274612968],[2.62402300600007,52.28263128],[2.63054382200005,52.2906492320001],[2.63706699800002,52.2986668250001],[2.64359253700007,52.3066840590001],[2.65012044000002,52.314700933],[2.65665070800003,52.3227174470001],[2.66318334200002,52.3307336],[2.66971834500004,52.338749394],[2.67625571700006,52.346764826],[2.68279546000002,52.3547798980001],[2.68933757500002,52.362794609],[2.69588206400005,52.3708089580001],[2.70242892900006,52.3788229460001],[2.70897817000002,52.386836572],[2.71552978900007,52.394849836],[2.72208378800002,52.4028627370001],[2.72864016800003,52.4108752760001],[2.73519893100007,52.4188874530001],[2.74176007700004,52.4268992660001],[2.74832360900007,52.434910716],[2.75488952800004,52.4429218020001],[2.76145783500004,52.450932525],[2.76802853200007,52.4589428840001],[2.77460161900007,52.466952878],[2.78117710000004,52.4749625090001],[2.78775497500004,52.4829717740001],[2.79433524500007,52.4909806750001],[2.80091791200005,52.49898921],[2.80750297800006,52.50699738],[2.81409044400004,52.5150051850001],[2.82068031100005,52.5230126230001],[2.82727258100005,52.531019696],[2.83386725500003,52.539026402],[2.84046433500004,52.5470327410001],[2.84706382200005,52.555038714],[2.85366571800006,52.563044319],[2.86027002400004,52.571049558],[2.86687674200004,52.5790544280001],[2.87348587300005,52.5870589310001],[2.88009741800005,52.5950630660001],[2.88671138000007,52.6030668330001],[2.89332775900004,52.611070231],[2.89994655700002,52.619073261],[2.90656777600003,52.627075921],[2.91319141600007,52.6350782120001],[2.91981748000006,52.6430801340001],[2.92644596900004,52.6510816860001],[2.93307688400006,52.659082868],[2.93971022700003,52.6670836800001],[2.94634599900007,52.6750841210001],[2.95298420200004,52.6830841920001],[2.95962483800002,52.6910838910001],[2.96626790700003,52.69908322],[2.97291341200003,52.7070821770001],[2.97956135300007,52.7150807620001],[2.98621173200007,52.7230789760001],[2.99286455200007,52.731076817],[2.99951981200007,52.7390742860001],[3.00617751500005,52.747071383],[3.01283766200004,52.7550681060001],[3.01950025500003,52.7630644560001],[3.02616529600004,52.7710604330001],[3.03283278400005,52.779056037],[3.03950272300006,52.787051266],[3.04617511400005,52.795046121],[3.05284995800002,52.8030406020001],[3.05952725700007,52.8110347090001],[3.06620701100007,52.8190284400001],[3.07288922300006,52.827021797],[3.07957389500007,52.8350147780001],[3.08626102700003,52.843007383],[3.09295062100006,52.8509996130001],[3.09964267900006,52.8589914660001],[3.10633720200002,52.866982944],[3.11303419200004,52.8749740440001],[3.11973365000006,52.8829647680001],[3.12643557800004,52.8909551150001],[3.13313997700004,52.898945084],[3.13984684900004,52.906934676],[3.14655619400003,52.9149238900001],[3.15326801600003,52.922912726],[3.15998231500004,52.9309011830001],[3.16669909300003,52.938889262],[3.17341835100007,52.9468769630001],[3.18014009000007,52.9548642840001],[3.18686431300006,52.9628512260001],[3.19359102100003,52.970837788],[3.20032021600002,52.9788239700001],[3.20705189800003,52.9868097730001],[3.21378606900004,52.9947951950001],[3.22052273200006,53.002780236],[3.22726188700005,53.0107648970001],[3.23400353600005,53.018749176],[3.24074768000003,53.026733074],[3.24749432200002,53.0347165910001],[3.25424346200003,53.0426997260001],[3.26099510200004,53.0506824780001],[3.26774924400007,53.0586648490001],[3.27450588900007,53.0666468360001],[3.28126503900006,53.0746284410001],[3.28802669500004,53.082609663],[3.29479085900005,53.0905905020001],[3.30155753200006,53.098570957],[3.30832671600007,53.1065510280001],[3.31509841200005,53.1145307140001],[3.32187262200006,53.1225100170001],[3.32864934800006,53.1304889350001],[3.33542859100004,53.138467468],[3.34221035200005,53.1464456160001],[3.34899463300007,53.154423378],[3.35578143700008,53.1624007550001],[3.36257076300006,53.170377746],[3.36936261400007,53.1783543510001],[3.37615699100007,53.1863305700001],[3.38295389600006,53.1943064010001],[3.38975333100007,53.2022818460001],[3.39655529600003,53.2102569040001],[3.40335979400004,53.2182315740001],[3.41016682700007,53.2262058570001],[3.41697639400007,53.2341797510001],[3.42378849900007,53.242153258],[3.43060314300004,53.250126376],[3.43742032700004,53.258099105],[3.44424005200005,53.2660714450001],[3.45106232200004,53.2740433970001],[3.45788713600007,53.282014958],[3.46471449700005,53.28998613],[3.47154440500003,53.2979569120001],[3.47837686400004,53.305927303],[3.48521187400007,53.3138973040001],[3.49204943600006,53.321866915],[3.49888955300003,53.3298361340001],[3.50573222600002,53.3378049620001],[3.51257745700002,53.3457733980001],[3.51942524600003,53.3537414420001],[3.52627559600006,53.361709095],[3.53312850900005,53.3696763550001],[3.53998398500005,53.3776432220001],[3.54684202700003,53.3856096970001],[3.55370263600003,53.3935757790001],[3.56056581300004,53.4015414670001],[3.56743156000005,53.409506761],[3.57429987900002,53.4174716620001],[3.58117077200006,53.425436168],[3.58804423900006,53.4334002800001],[3.59492028300002,53.4413639970001],[3.60179890500007,53.4493273190001],[3.60868010600007,53.4572902460001],[3.61556388900004,53.465252778]]]},"properties":{"Name":"AMSTERDAM CTA WEST","Designator":"EHAMWA","Type":"CTA","LocalType":"CTA","UpperLimit":195,"LowerLimit":55,"UpperLimitUnit":"FL","LowerLimitUnit":"FL","Class":"A","name":"AMSTERDAM CTA WEST"}},{"type":"Feature","geometry":{"type":"Polygon","coordinates":[[[4.61705109300004,53.2500000000001],[4.61705118700007,53.2494909070001],[4.61705928800006,53.2485169270001],[4.61707530900003,53.247542982],[4.61709925000002,53.246569096],[4.61713111000006,53.2455952920001],[4.61717089000007,53.244621592],[4.61721858700002,53.2436480200001],[4.61727420100004,53.2426745990001],[4.61733773000003,53.2417013530001],[4.61740917400004,53.2407283040001],[4.61748852900007,53.239755476],[4.61757579500005,53.238782891],[4.61767096900007,53.237810573],[4.61777404900005,53.2368385450001],[4.61788503200006,53.2358668310001],[4.61800391600002,53.234895452],[4.61813069900006,53.233924433],[4.61826537600007,53.2329537960001],[4.61840794500006,53.2319835650001],[4.61855840300007,53.231013762],[4.61871674500003,53.2300444110001],[4.61888296900003,53.229075535],[4.61905706900006,53.2281071570001],[4.61923904300005,53.227139299],[4.61942888500005,53.2261719850001],[4.61962659100004,53.2252052380001],[4.61983215700008,53.2242390810001],[4.62004557800003,53.2232735370001],[4.62026684700004,53.2223086290001],[4.62049596200006,53.2213443790001],[4.62073291400003,53.220380811],[4.62097770000003,53.2194179480001],[4.62123031300007,53.2184558120001],[4.62149074800004,53.2174944270001],[4.62175899700003,53.216533815],[4.62203505600007,53.2155739990001],[4.62231891600004,53.2146150020001],[4.62261057200004,53.213656847],[4.62291001600005,53.2126995560001],[4.62321724200007,53.211743153],[4.62353224100002,53.2107876600001],[4.62385500700003,53.2098331],[4.62418553200007,53.2088794950001],[4.62452380800005,53.2079268680001],[4.62486982700005,53.206975243],[4.62522358100006,53.2060246410001],[4.62558506000005,53.205075085],[4.62595425800004,53.2041265980001],[4.62633116400002,53.2031792020001],[4.62671577100002,53.20223292],[4.62710806800004,53.201287775],[4.62750804600006,53.2003437880001],[4.62791569700005,53.199400982],[4.62833101000007,53.1984593810001],[4.62875397500005,53.1975190050001],[4.62918458200005,53.1965798780001],[4.62962282200004,53.1956420220001],[4.63006868300005,53.194705458],[4.63052215500005,53.1937702110001],[4.63098322700006,53.1928363010001],[4.63145188900006,53.191903751],[4.63192812800003,53.1909725830001],[4.63241193500005,53.190042819],[4.63290329700004,53.189114481],[4.63340220200007,53.1881875920001],[4.63390863900003,53.1872621740001],[4.63442259600004,53.186338248],[4.63494406000007,53.1854158360001],[4.63541944400004,53.1850000000001],[4.64322885100006,53.178945465],[4.65103605300004,53.1728904190001],[4.65884105200007,53.1668348630001],[4.66664384900002,53.1607787980001],[4.67444444400007,53.154722222],[4.66220858400004,53.1507340090001],[4.64997499800006,53.1467445420001],[4.63774368400004,53.142753822],[4.62551464300003,53.138761849],[4.61328787600007,53.1347686230001],[4.60106338100007,53.1307741460001],[4.58884115900003,53.126778416],[4.57662121000004,53.1227814360001],[4.56440353400006,53.1187832040001],[4.55218813000005,53.114783722],[4.53997500000003,53.1107829900001],[4.52776414200002,53.106781009],[4.51555555600004,53.1027777780001],[4.50175355300007,53.101166183],[4.48795258500007,53.099552992],[4.47415265200004,53.0979382040001],[4.46035375500003,53.0963218210001],[4.44655589600006,53.094703843],[4.43275907500004,53.093084269],[4.41896329300005,53.0914630990001],[4.40516855100003,53.0898403350001],[4.39137485000003,53.0882159760001],[4.37758219000006,53.086590023],[4.36379057300007,53.0849624750001],[4.35000000000002,53.083333333],[4.35000000000002,52.8053194440001],[4.33773645400004,52.810355347],[4.32547006600004,52.8153899850001],[4.31320083700007,52.820423358],[4.30092876600003,52.825455467],[4.28865385300003,52.830486309],[4.27637609600004,52.8355158850001],[4.26409549600004,52.8405441940001],[4.25181205200005,52.8455712360001],[4.23952576400006,52.8505970100001],[4.22723663100004,52.8556215150001],[4.21494465200004,52.8606447510001],[4.20264982800006,52.8656667180001],[4.19035215700006,52.8706874150001],[4.17805164000004,52.8757068410001],[4.16574827600004,52.880724996],[4.15344206400005,52.8857418800001],[4.14113300400004,52.890757492],[4.12882109600002,52.8957718300001],[4.11650633800002,52.9007848960001],[4.10418873200007,52.9057966880001],[4.09186827500002,52.9108072060001],[4.07954496800005,52.915816449],[4.06721881100003,52.9208244160001],[4.05488980200005,52.9258311080001],[4.04255794100004,52.930836524],[4.03022322900006,52.935840662],[4.01788566400006,52.9408435230001],[4.00554524500006,52.9458451070001],[3.99320197400004,52.950845412],[3.98085584800003,52.955844438],[3.96850686800002,52.9608421840001],[3.95615503400006,52.9658386500001],[3.94380034400007,52.9708338360001],[3.93144279800003,52.975827741],[3.91908239600002,52.9808203640001],[3.90671913800003,52.9858117050001],[3.89435302300006,52.990801763],[3.88198405000003,52.9957905380001],[3.86961221900003,53.0007780290001],[3.85723753000002,53.0057642360001],[3.84485998200006,53.0107491590001],[3.83247957500004,53.0157327960001],[3.82009630800007,53.020715147],[3.80771018100006,53.0256962110001],[3.79532119400005,53.030675989],[3.78292934500007,53.0356544800001],[3.77053463600004,53.040631682],[3.75813706400004,53.0456075960001],[3.74573663000007,53.0505822210001],[3.73333333300008,53.0555555560001],[3.73085096700004,53.0642737200001],[3.72836759600006,53.0729918320001],[3.72588321900002,53.081709892],[3.72339783600006,53.0904279010001],[3.72091144500007,53.099145858],[3.71842404700004,53.1078637630001],[3.71593563900007,53.1165816160001],[3.71344622300006,53.1252994170001],[3.71095579600006,53.1340171670001],[3.70846435900006,53.142734864],[3.70597191000007,53.1514525090001],[3.70347844900004,53.160170103],[3.70098397400005,53.1688876440001],[3.69848848700002,53.177605133],[3.69599198400005,53.1863225700001],[3.69349446700005,53.195039954],[3.69099593300007,53.203757287],[3.68849638300003,53.2124745670001],[3.68599581600006,53.221191795],[3.68349423000006,53.2299089700001],[3.68099162600004,53.2386260930001],[3.67848800200005,53.247343164],[3.67598335700006,53.2560601820001],[3.67347769200006,53.2647771480001],[3.67097100500007,53.2734940610001],[3.66846329500004,53.2822109210001],[3.66595456300007,53.290927729],[3.66344480600003,53.299644485],[3.66093402400003,53.3083611870001],[3.65842221800006,53.3170778370001],[3.65590938400004,53.325794434],[3.65339552400008,53.334510978],[3.65088063700006,53.34322747],[3.64836472100006,53.3519439080001],[3.64584777600004,53.3606602940001],[3.64332980000006,53.3693766260001],[3.64081079500005,53.3780929060001],[3.63829075800004,53.3868091320001],[3.63576968800004,53.3955253060001],[3.63324758600004,53.4042414260001],[3.63072445100005,53.4129574930001],[3.62820028100003,53.421673507],[3.62567507500006,53.430389468],[3.62314883400006,53.439105376],[3.62062155700005,53.44782123],[3.61809324200004,53.456537031],[3.61556388900004,53.465252778],[3.62247693600006,53.4732448450001],[3.62939258600005,53.481236514],[3.63631084300005,53.489227783],[3.64323170700004,53.4972186520001],[3.65015518000007,53.5052091210001],[3.65708126400006,53.5131991910001],[3.66400996000004,53.5211888590001],[3.67094127000007,53.5291781280001],[3.67787519500007,53.5371669950001],[3.68481173800006,53.545155461],[3.69175089900006,53.5531435250001],[3.69869268000002,53.561131188],[3.70563708400005,53.569118448],[3.71258411100007,53.5771053070001],[3.71953376300007,53.585091763],[3.72648604300002,53.5930778150001],[3.73344095000004,53.601063465],[3.74039848800004,53.6090487120001],[3.74735865800005,53.617033554],[3.75432146100007,53.625017993],[3.76128689900003,53.6330020280001],[3.76825497300007,53.640985658],[3.77522568600006,53.6489688840001],[3.78219903900003,53.6569517040001],[3.78917503300005,53.6649341190001],[3.79615367100007,53.672916129],[3.80313495300004,53.6808977320001],[3.81011888200004,53.68887893],[3.81710545900006,53.6968597210001],[3.82409468500003,53.7048401060001],[3.83108656300004,53.712820084],[3.83808109500006,53.7207996540001],[3.84507828000005,53.728778817],[3.85207812200002,53.736757573],[3.85908062200002,53.74473592],[3.86608578200003,53.752713859],[3.87309360300003,53.76069139],[3.88010408700006,53.768668511],[3.88711723500006,53.776645224],[3.89413305000005,53.7846215270001],[3.90115153300008,53.792597421],[3.90817268500007,53.800572904],[3.91519650800007,53.808547978],[3.92222300400005,53.8165226400001],[3.92925217500004,53.8244968930001],[3.93628402200005,53.832470734],[3.94331854700005,53.840444163],[3.95035575100007,53.848417182],[3.95739563700005,53.8563897880001],[3.96443820500002,53.864361982],[3.97148345800002,53.8723337640001],[3.97853139700004,53.880305133],[3.98558202400005,53.888276089],[3.99263534000005,53.896246632],[3.99969134800006,53.904216761],[4.00675004800007,53.912186476],[4.01381144400005,53.920155778],[4.02087553500007,53.928124665],[4.02794232400004,53.9360931370001],[4.03501181300004,53.944061194],[4.04208400300007,53.9520288360001],[4.04915889600005,53.9599960630001],[4.05623649300003,53.9679628740001],[4.06331679700003,53.9759292690001],[4.07039980900004,53.9838952470001],[4.07748553100004,53.9918608090001],[4.08457396400007,53.9998259540001],[4.09166511000006,54.0077906820001],[4.09875897100005,54.015754993],[4.10585554800002,54.0237188850001],[4.11295484300007,54.03168236],[4.12005685900004,54.039645416],[4.12716159500008,54.0476080540001],[4.13426905500006,54.0555702730001],[4.14137924000005,54.063532072],[4.14849215200007,54.0714934530001],[4.15560779100002,54.0794544130001],[4.16272616100002,54.0874149540001],[4.16984726300007,54.0953750740001],[4.17697109700003,54.1033347740001],[4.18409766800005,54.1112940520001],[4.19122697400007,54.1192529100001],[4.19835902000005,54.1272113460001],[4.20549380500006,54.1351693610001],[4.21263133300005,54.143126953],[4.21977160400007,54.151084123],[4.22691462100005,54.1590408710001],[4.23406038500002,54.1669971960001],[4.24120889700004,54.1749530980001],[4.24836016000006,54.182908576],[4.25551417600008,54.1908636300001],[4.26267094500002,54.198818261],[4.26983047000004,54.2067724670001],[4.27699275200007,54.2147262490001],[4.28415779300002,54.222679606],[4.29132559600004,54.2306325370001],[4.29849616100006,54.2385850430001],[4.30566949000007,54.246537124],[4.31284558500005,54.2544887780001],[4.32002444800003,54.2624400060001],[4.32720608000005,54.2703908080001],[4.33439048400004,54.2783411820001],[4.34157766000004,54.2862911300001],[4.34876761200007,54.2942406500001],[4.35596033900003,54.3021897420001],[4.36315584500005,54.3101384060001],[4.37035413100006,54.3180866420001],[4.37755519800004,54.3260344490001],[4.38475904800003,54.333981828],[4.39196568400007,54.3419287770001],[4.39917510700008,54.3498752960001],[4.40638731800004,54.3578213860001],[4.41360231900006,54.365767046],[4.42082011300005,54.3737122750001],[4.42804070000005,54.381657074],[4.43526408300005,54.3896014410001],[4.44249026400007,54.3975453780001],[4.44971924300006,54.405488882],[4.45695102300004,54.4134319550001],[4.46418560600006,54.4213745960001],[4.47142299300003,54.429316805],[4.47866318600006,54.43725858],[4.48590618700007,54.4451999230001],[4.49315199800003,54.453140832],[4.50040062000005,54.4610813080001],[4.50765205500005,54.46902135],[4.51490630500007,54.4769609580001],[4.52216337200002,54.4849001310001],[4.52942325700008,54.4928388690001],[4.53668596200004,54.500777172],[4.54395149000004,54.50871504],[4.55121984100003,54.516652472],[4.55849101700005,54.524589468],[4.56576502100006,54.5325260280001],[4.57304185400005,54.540462151],[4.58032151800006,54.548397838],[4.58760401400002,54.556333087],[4.59488934400002,54.5642678990001],[4.60217751100004,54.5722022730001],[4.60946851600005,54.580136209],[4.61676236000005,54.5880697060001],[4.62405904600007,54.596002765],[4.63135857500004,54.6039353850001],[4.63866094900004,54.6118675660001],[4.64596617000007,54.6197993070001],[4.65327424000003,54.627730608],[4.66058516000004,54.6356614690001],[4.66789893200007,54.64359189],[4.67521555900004,54.6515218700001],[4.68253504100005,54.6594514080001],[4.68985738000003,54.667380506],[4.69718257900007,54.675309161],[4.70451064000002,54.683237375],[4.71184156300006,54.6911651460001],[4.71917535100005,54.699092475],[4.72651200500007,54.7070193610001],[4.73385152800006,54.7149458040001],[4.74119392100005,54.722871803],[4.74853918600007,54.7307973590001],[4.75588732500006,54.73872247],[4.76323834000004,54.7466471370001],[4.77059223200007,54.7545713590001],[4.77794900300006,54.762495136],[4.78530865500005,54.7704184680001],[4.79267119000002,54.7783413550001],[4.80003660900007,54.7862637950001],[4.80740491500006,54.794185789],[4.81477611000003,54.8021073370001],[4.82215019400007,54.810028437],[4.82952717100005,54.8179490910001],[4.83690704100007,54.8258692970001],[4.84428980600006,54.8337890550001],[4.85167546900004,54.841708366],[4.85906403200005,54.849627228],[4.86645549500003,54.8575456410001],[4.87384986100005,54.8654636050001],[4.88124713200006,54.87338112],[4.88864730900002,54.881298185],[4.89605039500003,54.889214801],[4.90345639100002,54.8971309660001],[4.91086529900002,54.9050466800001],[4.91827712100007,54.9129619440001],[4.92569185800005,54.920876757],[4.93310951300003,54.928791118],[4.94053008700007,54.9367050270001],[4.94795358300007,54.944618484],[4.95538000100004,54.9525314890001],[4.96280934500004,54.9604440410001],[4.97024161500002,54.9683561400001],[4.97767681400006,54.9762677860001],[4.98511494300004,54.984178978],[4.99255600400005,54.9920897160001],[5.00000000000006,55.0000000000001],[5.01562383900006,55.0000950950001],[5.03124775200007,55.000188189],[5.04687173700006,55.0002792810001],[5.06249579100006,55.000368371],[5.07811991500006,55.0004554590001],[5.09374410500004,55.000540545],[5.10936836100007,55.0006236300001],[5.12499268100004,55.0007047120001],[5.14061706300004,55.000783793],[5.15624150600007,55.000860872],[5.17186600800005,55.0009359490001],[5.18749056800004,55.001009024],[5.20311518400007,55.001080098],[5.21873985500002,55.001149169],[5.23436457800005,55.001216238],[5.24998935400004,55.0012813060001],[5.26561417900007,55.0013443710001],[5.28123905200005,55.001405435],[5.29686397200004,55.001464496],[5.31248893800006,55.0015215560001],[5.32811394700008,55.001576614],[5.34373899800005,55.0016296690001],[5.35936409000004,55.001680723],[5.37498922000003,55.0017297740001],[5.39061438800007,55.001776824],[5.40623959200002,55.0018218710001],[5.42186483100005,55.001864916],[5.43749010200003,55.00190596],[5.45311540400007,55.0019450010001],[5.46874073600003,55.00198204],[5.48436609600003,55.0020170770001],[5.49999148300003,55.0020501120001],[5.51561689400006,55.002081145],[5.53124232900007,55.002110176],[5.54686778600006,55.0021372050001],[5.56249326300002,55.0021622310001],[5.57811875800007,55.0021852560001],[5.59374427100005,55.0022062780001],[5.60936980000002,55.002225298],[5.62499534200003,55.002242316],[5.64062089700008,55.0022573320001],[5.65624646300006,55.002270346],[5.67187203800006,55.0022813580001],[5.68749762100003,55.002290368],[5.70312321000006,55.0022973750001],[5.71874880400003,55.0023023800001],[5.73437440100003,55.0023053840001],[5.75000000000006,55.0023063850001],[5.76562559900003,55.0023053840001],[5.78125119600003,55.0023023800001],[5.79687679000006,55.0022973750001],[5.81250237900002,55.002290368],[5.82812796200005,55.0022813580001],[5.84375353700005,55.002270346],[5.85937910300004,55.0022573320001],[5.87500465800002,55.002242316],[5.89063020000003,55.002225298],[5.90625572900007,55.0022062780001],[5.92188124200004,55.0021852560001],[5.93750673700004,55.0021622310001],[5.95313221400005,55.0021372050001],[5.96875767100005,55.002110176],[5.98438310600005,55.002081145],[6.00000851700003,55.0020501120001],[6.01563390400003,55.0020170770001],[6.03125926400003,55.00198204],[6.04688459600004,55.0019450010001],[6.06250989800003,55.00190596],[6.07813516900006,55.001864916],[6.09376040800004,55.0018218710001],[6.10938561200004,55.001776824],[6.12501078000003,55.0017297740001],[6.14063591000007,55.001680723],[6.15626100200006,55.0016296690001],[6.17188605300004,55.001576614],[6.18751106200006,55.0015215560001],[6.20313602800007,55.001464496],[6.21876094800007,55.001405435],[6.23438582100005,55.0013443710001],[6.25001064600002,55.0012813060001],[6.26563542200006,55.001216238],[6.28126014500003,55.001149169],[6.29688481600004,55.001080098],[6.31250943200007,55.001009024],[6.32813399200006,55.0009359490001],[6.34375849400004,55.000860872],[6.35938293700002,55.000783793],[6.37500731900008,55.0007047120001],[6.39063163900005,55.0006236300001],[6.40625589500007,55.000540545],[6.42188008500005,55.0004554590001],[6.43750420900005,55.000368371],[6.45312826300005,55.0002792810001],[6.46875224800004,55.000188189],[6.48437616100006,55.0000950950001],[6.50000000000006,55.0000000000001],[6.50000000000006,53.6666666670001],[6.48558554500005,53.6641577],[6.47117280800006,53.6616470020001],[6.45676178700006,53.6591345730001],[6.44235248600006,53.6566204150001],[6.42794490300003,53.6541045270001],[6.41353904100004,53.65158691],[6.39913489900005,53.6490675640001],[6.38473248000003,53.64654649],[6.37033178200005,53.6440236870001],[6.35593280900002,53.6414991570001],[6.34153555900002,53.6389728990001],[6.32714003400002,53.636444914],[6.31274623500002,53.6339152030001],[6.29835416300006,53.6313837650001],[6.28396381800007,53.6288506010001],[6.26957520100007,53.6263157120001],[6.25518831300008,53.6237790980001],[6.24080315500004,53.6212407580001],[6.22641972800005,53.618700694],[6.21203803200007,53.6161589070001],[6.19765806900006,53.6136153950001],[6.18327983900002,53.6110701600001],[6.16890334200002,53.6085232020001],[6.15452858000003,53.6059745220001],[6.14015555300006,53.6034241190001],[6.12578426300007,53.600871994],[6.11141471000008,53.598318148],[6.09704689500006,53.59576258],[6.08268081800003,53.5932052920001],[6.06831648100007,53.5906462840001],[6.05395388400007,53.5880855550001],[6.03959302800007,53.585523107],[6.02523391400007,53.582958939],[6.01087654300005,53.580393052],[5.99652091500008,53.5778254470001],[5.98216703100007,53.5752561240001],[5.96781489300002,53.5726850830001],[5.95346450000005,53.570112324],[5.93911585300003,53.567537848],[5.92476895500005,53.564961656],[5.91042380400006,53.5623837470001],[5.89608040200005,53.559804123],[5.88173875000007,53.5572227820001],[5.86739884800005,53.5546397270001],[5.85306069800004,53.5520549560001],[5.83872430000002,53.5494684710001],[5.82438965500006,53.5468802720001],[5.81005676300003,53.54429036],[5.79572562600003,53.541698733],[5.78139624400006,53.539105394],[5.76706861800005,53.536510342],[5.75274274900005,53.5339135780001],[5.73841863700005,53.5313151030001],[5.72409628400004,53.5287149150001],[5.70977569000007,53.5261130170001],[5.69545685500003,53.5235094070001],[5.68113978100007,53.5209040870001],[5.66682446900006,53.518297058],[5.65251091900006,53.5156883180001],[5.63819913200007,53.5130778700001],[5.62388910800007,53.510465712],[5.60958084900005,53.5078518460001],[5.59527435600006,53.505236272],[5.58096962800005,53.502618989],[5.56666666700005,53.5000000000001],[5.55236153100003,53.4978801600001],[5.53805782600006,53.4957586130001],[5.52375555200007,53.4936353580001],[5.50945471200004,53.4915103970001],[5.49515530500003,53.4893837280001],[5.48085733200003,53.4872553530001],[5.46656079500002,53.4851252720001],[5.45226569400006,53.4829934860001],[5.43797203000003,53.4808599930001],[5.42367980500006,53.4787247960001],[5.40938901800007,53.476587894],[5.39509967100003,53.474449287],[5.38081176500003,53.472308975],[5.36652530100002,53.47016696],[5.35224027900006,53.468023241],[5.33795670000006,53.4658778190001],[5.32367456600002,53.463730694],[5.30939387700005,53.4615818660001],[5.29511463400007,53.459431335],[5.28083683800003,53.457279102],[5.26656049000007,53.4551251680001],[5.25228559100003,53.4529695320001],[5.23801214100007,53.450812194],[5.22374014200005,53.448653156],[5.20946959400004,53.4464924170001],[5.19520049800008,53.444329978],[5.18093285600003,53.442165839],[5.16666666700007,53.4400000000001],[5.15263126200006,53.4369088820001],[5.13859789900005,53.433816119],[5.12456657800004,53.430721711],[5.11053730200007,53.42762566],[5.09651006900003,53.424527965],[5.08248488100003,53.4214286260001],[5.06846173800005,53.418327645],[5.05444064000005,53.4152250220001],[5.04042158900006,53.4121207570001],[5.02640458400003,53.4090148510001],[5.01238962700006,53.405907303],[4.99837671800003,53.4027981150001],[4.98436585700006,53.3996872870001],[4.97035704500007,53.3965748190001],[4.95635028300006,53.393460712],[4.94234557000004,53.390344966],[4.92834290800005,53.387227581],[4.91434229800007,53.384108559],[4.90034373900005,53.3809878980001],[4.88634723200005,53.3778656010001],[4.87257884200005,53.374767831],[4.87235277800005,53.3747416670001],[4.87133746400002,53.3744882020001],[4.87009866700004,53.3742040770001],[4.86886272200007,53.373915518],[4.86762967500005,53.373622535],[4.86639956800008,53.373325138],[4.86517244600003,53.3730233380001],[4.86394835200002,53.3727171460001],[4.86272733100003,53.372406573],[4.86150942600005,53.3720916290001],[4.86029468000004,53.371772327],[4.85908313600004,53.371448677],[4.85787483900003,53.371120691],[4.85666983000004,53.3707883800001],[4.85546815400005,53.3704517570001],[4.85426985300006,53.3701108340001],[4.85307497000002,53.369765622],[4.85188354700006,53.3694161350001],[4.85069562700005,53.3690623840001],[4.84951125300006,53.368704382],[4.84833046600005,53.3683421420001],[4.84715330900002,53.3679756770001],[4.84597982400004,53.367605],[4.84481005300006,53.3672301240001],[4.84364403700005,53.3668510630001],[4.84248181800007,53.36646783],[4.84132343800007,53.366080438],[4.84016893900002,53.365688903],[4.83901836000007,53.3652932370001],[4.83787174400004,53.3648934540001],[4.83672913100003,53.36448957],[4.83559056200005,53.364081598],[4.83445607700003,53.3636695540001],[4.83332571800003,53.3632534500001],[4.83219952500002,53.362833304],[4.83107753700006,53.3624091290001],[4.82995979500004,53.3619809410001],[4.82884633900005,53.3615487540001],[4.82773720900002,53.3611125850001],[4.82663244300005,53.36067245],[4.82553208200005,53.360228362],[4.82443616500007,53.35978034],[4.82334473000003,53.3593283980001],[4.82225781800003,53.358872553],[4.82117546600006,53.3584128200001],[4.82009771400004,53.3579492170001],[4.81902460000003,53.35748176],[4.81795616100004,53.3570104660001],[4.81689243700004,53.356535351],[4.81583346600007,53.356056433],[4.81477928400005,53.3555737280001],[4.81372993000002,53.3550872530001],[4.81268544100004,53.3545970270001],[4.81164585500005,53.354103067],[4.81061120800007,53.35360539],[4.80958153800003,53.3531040140001],[4.80855688100007,53.3525989560001],[4.80753727400003,53.352090236],[4.80652275400007,53.3515778710001],[4.80551335600006,53.351061879],[4.80450911600008,53.3505422790001],[4.80351007100006,53.35001909],[4.80251625500006,53.349492329],[4.80152770600006,53.3489620170001],[4.80054445700006,53.3484281710001],[4.79956654400007,53.3478908110001],[4.79859400200007,53.3473499560001],[4.79762686500004,53.346805626],[4.79666516900005,53.346257839],[4.79570894700004,53.345706616],[4.79475823400003,53.3451519750001],[4.79381306300007,53.3445939380001],[4.79287346800004,53.3440325230001],[4.79193948300002,53.343467751],[4.79101114200006,53.3428996420001],[4.79008847600005,53.342328217],[4.78917152000002,53.341753495],[4.78826030600004,53.3411754970001],[4.78735486700003,53.340594244],[4.78645523400007,53.340009756],[4.78556144000004,53.3394220550001],[4.78467351700004,53.338831161],[4.78379149700004,53.3382370960001],[4.78291541100003,53.337639881],[4.78204529000004,53.3370395360001],[4.78118116500002,53.3364360850001],[4.78032306800003,53.3358295470001],[4.77947102800005,53.3352199440001],[4.77862507700007,53.334607299],[4.77778524500008,53.333991634],[4.77695156100003,53.33337297],[4.77612405500003,53.3327513290001],[4.77530275700002,53.332126734],[4.77448769600005,53.331499206],[4.77367890100004,53.3308687690001],[4.77287640200007,53.330235445],[4.77208022600007,53.3295992560001],[4.77129040200003,53.3289602250001],[4.77050695900004,53.328318375],[4.76972992400005,53.3276737290001],[4.76895932600007,53.3270263100001],[4.76819519000003,53.32637614],[4.76743754600005,53.3257232440001],[4.76668642000004,53.325067645],[4.76594183800006,53.3244093650001],[4.76520382800004,53.323748429],[4.76447241500006,53.3230848590001],[4.76374762700004,53.322418681],[4.76302948800003,53.321749917],[4.76231802400002,53.3210785910001],[4.76161326100004,53.320404727],[4.76091522400003,53.31972835],[4.76022393700003,53.3190494840001],[4.75953942600006,53.3183681520001],[4.75886171500002,53.3176843790001],[4.75819082800007,53.31699819],[4.75752679000004,53.316309608],[4.75686962300006,53.31561866],[4.75621935100003,53.314925368],[4.75557599800004,53.3142297590001],[4.75493958600003,53.3135318560001],[4.75431013800005,53.312831686],[4.75368767700007,53.3121292710001],[4.75307222500004,53.3114246390001],[4.75246380300007,53.310717814],[4.75186243400003,53.3100088210001],[4.75126813900005,53.309297685],[4.75068094000005,53.3085844330001],[4.75010085600007,53.3078690890001],[4.74952790900005,53.3071516780001],[4.74896212000004,53.3064322280001],[4.74840350800002,53.305710762],[4.74785209400005,53.3049873080001],[4.74730789700004,53.3042618900001],[4.74677093700006,53.303534535],[4.74624123200005,53.302805269],[4.74571880200006,53.3020741170001],[4.74520366600007,53.3013411060001],[4.74469584100007,53.3006062630001],[4.74419534600003,53.2998696120001],[4.74370219900004,53.2991311810001],[4.74321641700004,53.2983909960001],[4.74273801800007,53.2976490830001],[4.74226701900005,53.2969054690001],[4.74180343600005,53.2961601810001],[4.74134728600006,53.295413244],[4.74089858600007,53.294664686],[4.74045735100003,53.2939145330001],[4.74002359800005,53.293162813],[4.73959734100004,53.292409551],[4.73917859600004,53.291654775],[4.73876737700004,53.2908985130001],[4.73836370100003,53.2901407900001],[4.73796758000003,53.2893816330001],[4.73757903000006,53.2886210710001],[4.73719806300005,53.2878591300001],[4.73682469400006,53.287095837],[4.73645893600008,53.2863312200001],[4.73610080200007,53.2855653060001],[4.73575030400002,53.284798122],[4.73540745600008,53.2840296960001],[4.73507226900006,53.283260054],[4.73474475600005,53.2824892260001],[4.73442492800007,53.2817172370001],[4.73411279600003,53.2809441160001],[4.73380837300004,53.2801698900001],[4.73351166700007,53.2793945870001],[4.73322269100004,53.2786182340001],[4.73294145500006,53.27784086],[4.73266796800004,53.277062492],[4.73240224000006,53.2762831570001],[4.73214428100005,53.275502884],[4.73189410000003,53.274721701],[4.73165170600004,53.273939635],[4.73141710700003,53.273156714],[4.73119031300007,53.2723729670001],[4.73097133100003,53.271588421],[4.73076016800007,53.270803104],[4.73055683300004,53.270017044],[4.73036133200003,53.26923027],[4.73017367400007,53.2684428090001],[4.72999386300006,53.267654689],[4.72982190700003,53.2668659400001],[4.72965781300007,53.266076588],[4.72950158500004,53.2652866620001],[4.72935322900003,53.26449619],[4.72921275100003,53.2637052010001],[4.72908015500008,53.2629137230001],[4.72895544700003,53.2621217830001],[4.72883863100003,53.2613294110001],[4.72872971100003,53.2605366340001],[4.72862869100004,53.259743481],[4.72853557400003,53.2589499810001],[4.72845036400003,53.2581561600001],[4.72837306400004,53.2573620490001],[4.72830367700004,53.2565676740001],[4.72824220500007,53.255773065],[4.72818865000005,53.2549782500001],[4.72814301400007,53.2541832580001],[4.72810529900005,53.2533881160001],[4.72807550700003,53.2525928530001],[4.72805363700007,53.251797497],[4.72803969200004,53.2510020770001],[4.72803367100005,53.2502066220001],[4.72803333300004,53.2500000000001],[4.71416042000004,53.250005636],[4.70028750400007,53.2500096620001],[4.68641458600007,53.2500120780001],[4.67254166700008,53.2500128830001],[4.65866874700004,53.2500120780001],[4.64479582900003,53.2500096620001],[4.63092291300006,53.250005636],[4.61705109300004,53.2500000000001]]]},"properties":{"Name":"NIEUW MILLIGEN CTA NORTH","Designator":"EHMCNA","Type":"CTA","LocalType":"CTA","UpperLimit":195,"LowerLimit":55,"UpperLimitUnit":"FL","LowerLimitUnit":"FL","Class":"A","name":"NIEUW MILLIGEN CTA NORTH"}}]}