{"type":"FeatureCollection","crs":{"type":"name","properties":{"name":"EPSG:4326"}},"features":[{"type":"Feature","geometry":{"type":"Polygon","coordinates":[[[5.64922222200005,50.8263555560001],[5.65182500000003,50.827525],[5.65623333300005,50.824338889],[5.65550000000007,50.8237972220001],[5.65644722200005,50.8231666670001],[5.65432222200008,50.821266667],[5.65520000000004,50.8209583330001],[5.65400555600007,50.8200944440001],[5.65900000000005,50.818486111],[5.66322777800002,50.8180444440001],[5.66363333300006,50.8177694440001],[5.66385833300006,50.8172611110001],[5.66524166700003,50.817033333],[5.66553055600002,50.817233333],[5.66668888900006,50.8172611110001],[5.66610000000003,50.816952778],[5.66618055600003,50.816847222],[5.66768333300007,50.8165472220001],[5.66795555600004,50.816941667],[5.66807222200003,50.817736111],[5.66943611100004,50.8178333330001],[5.66966388900005,50.8172500000001],[5.67272777800002,50.8169500000001],[5.67314722200007,50.8160111110001],[5.67828055600006,50.8164694440001],[5.67844722200005,50.815063889],[5.67949166700004,50.814344444],[5.67993888900003,50.812563889],[5.68058888900003,50.8120305560001],[5.68175000000002,50.8122111110001],[5.68263888900003,50.8129500000001],[5.68435000000005,50.813422222],[5.68496944400005,50.812811111],[5.68591388900006,50.812494444],[5.68598611100003,50.8122250000001],[5.68690833300008,50.8123166670001],[5.68680555600002,50.8121166670001],[5.68860000000006,50.811872222],[5.68876666700004,50.8116305560001],[5.69150555600004,50.8118416670001],[5.69168055600005,50.812125],[5.69270833300004,50.811372222],[5.69264722200006,50.811144444],[5.69318055600007,50.810577778],[5.69417500000003,50.810244444],[5.69719722200006,50.8080833330001],[5.69850277800003,50.806633333],[5.69892222200002,50.8053166670001],[5.69866666700005,50.8041166670001],[5.69833055600003,50.8034805560001],[5.69736111100002,50.80235],[5.69214722200007,50.7983222220001],[5.69137500000005,50.797083333],[5.69135833300004,50.796447222],[5.69192500000003,50.7951722220001],[5.69605916500007,50.7900893410001],[5.69605833300005,50.7900888890001],[5.68436540100004,50.7949306720001],[5.67267004700005,50.7997712870001],[5.66097226900007,50.8046107320001],[5.64927206800007,50.8094490070001],[5.63756944400006,50.8142861110001],[5.64339508000006,50.820320979],[5.64922222200005,50.8263555560001]]]},"properties":{"Name":"MAASTRICHT CTR","Designator":"EHBK3C","Type":"CTR_P","LocalType":"CTR","UpperLimit":3000,"LowerLimit":0,"UpperLimitUnit":"FT","LowerLimitUnit":"FT","Class":"C","name":"MAASTRICHT CTR"}},{"type":"Feature","geometry":{"type":"Polygon","coordinates":[[[5.87727127700003,51.0334970820001],[5.88715464300003,51.0294394790001],[5.89713807600003,51.0253392180001],[5.90711974200002,51.0212381060001],[5.91709964300003,51.0171361450001],[5.92707777800007,51.0130333330001],[5.93819449000006,51.0129390170001],[5.94931115700007,51.0128436470001],[5.96042777800005,51.012747222],[5.96042777800005,50.9833980600001],[5.95739166700002,50.985005556],[5.95518333300004,50.988419444],[5.95013333300005,50.9872083330001],[5.94200956000003,50.9862822260001],[5.93388611100005,50.9853555560001],[5.92765000000003,50.9822861110001],[5.92299166700008,50.9795472220001],[5.91855277800005,50.9777472220001],[5.91717222200003,50.978086111],[5.91558888900005,50.9778250000001],[5.91172777800006,50.9764111110001],[5.90560000000005,50.974722222],[5.90469444400003,50.974552778],[5.90242777800006,50.9745833330001],[5.89708611100002,50.9748666670001],[5.89680555600006,50.976486111],[5.89618333300007,50.9771027780001],[5.89566666700006,50.9773083330001],[5.89378333300004,50.979555556],[5.89259444400005,50.980308333],[5.89380277800007,50.9810972220001],[5.89566944400002,50.981352778],[5.89949722200004,50.9843472220001],[5.90373611100006,50.987205556],[5.90435277800003,50.9961388890001],[5.90551666700003,51.0021722220001],[5.89547500000003,51.004533333],[5.89563888900005,51.0110194440001],[5.89271388900005,51.0123],[5.88834722200005,51.013475],[5.88544722200004,51.0138166670001],[5.88426111100006,51.013386111],[5.87887222200004,51.0178388890001],[5.87853333300006,51.018661111],[5.87898055600004,51.0198750000001],[5.87891388900005,51.020619444],[5.87665277800005,51.0238805560001],[5.87665555600006,51.024616667],[5.87538333300006,51.0267694440001],[5.87459166700006,51.0292166670001],[5.87687500000004,51.0315694440001],[5.87727127700003,51.0334970820001]]]},"properties":{"Name":"MAASTRICHT CTR","Designator":"EHBK2D","Type":"CTR_P","LocalType":"CTR","UpperLimit":3000,"LowerLimit":0,"UpperLimitUnit":"FT","LowerLimitUnit":"FT","Class":"D","name":"MAASTRICHT CTR"}},{"type":"Feature","geometry":{"type":"Polygon","coordinates":[[[5.41969833300004,52.4678555560001],[5.41969766000005,52.458960888],[5.41969698800006,52.4500662200001],[5.41969631600006,52.4411715520001],[5.41969564400006,52.432276884],[5.41969497200006,52.423382216],[5.41969430100005,52.4144875480001],[5.41969363000004,52.40559288],[5.41969295900003,52.396698212],[5.41969228900007,52.3878035440001],[5.41969161900005,52.3789088760001],[5.41969094900003,52.370014209],[5.41969027900006,52.3611195410001],[5.41968961000003,52.3522248730001],[5.41968894000007,52.343330205],[5.41968827200003,52.334435537],[5.41968760300006,52.3255408690001],[5.41968693500007,52.316646201],[5.41968626700003,52.307751533],[5.41968559900005,52.2988568650001],[5.41968493100006,52.2899621970001],[5.41968426400007,52.281067529],[5.41968359700007,52.2721728610001],[5.41359388900003,52.2693375000001],[5.40146432900002,52.2698750590001],[5.38933447500006,52.270411375],[5.37720432800006,52.2709464480001],[5.36507388900003,52.2714802780001],[5.35577007300003,52.278067664],[5.34646349100007,52.284654319],[5.33715414100004,52.2912402420001],[5.32784202400006,52.2978254330001],[5.31852713600006,52.304409891],[5.30920947800007,52.3109936170001],[5.29988904800007,52.3175766090001],[5.29056584500006,52.3241588670001],[5.28123986800006,52.3307403920001],[5.27191111500002,52.337321181],[5.26257958500003,52.3439012360001],[5.25324527800007,52.350480556],[5.25379664600007,52.3587343550001],[5.25434822000005,52.366988151],[5.25490000000002,52.375241944],[5.26517962700007,52.3810369990001],[5.27546195300005,52.3868311620001],[5.28574697800002,52.392624433],[5.29603470300003,52.3984168110001],[5.30632512900007,52.404208296],[5.31661825800006,52.409998887],[5.32691408800002,52.415788584],[5.33721262300003,52.4215773870001],[5.34751386200003,52.427365294],[5.35781780700006,52.4331523070001],[5.36812445700002,52.4389384240001],[5.37843381500005,52.4447236440001],[5.38874588000004,52.4505079680001],[5.39906065500003,52.4562913950001],[5.40937813900007,52.462073924],[5.41969833300004,52.4678555560001]]]},"properties":{"Name":"LELYSTAD CTR 1","Designator":"EHLE1D","Type":"CTR","LocalType":"CTR","UpperLimit":1500,"LowerLimit":0,"UpperLimitUnit":"FT","LowerLimitUnit":"FT","Class":"D","name":"LELYSTAD CTR 1"}},{"type":"Feature","geometry":{"type":"Polygon","coordinates":[[[5.62016444400007,52.579671944],[5.62936822800003,52.573523106],[5.63856943100006,52.5673735550001],[5.64776805400004,52.561223291],[5.65696409800006,52.555072314],[5.66615756400006,52.5489206250001],[5.67534845300003,52.542768225],[5.68453676600006,52.536615112],[5.69372250300006,52.530461288],[5.70290566700004,52.5243067540001],[5.71208625700007,52.5181515090001],[5.72126427500007,52.5119955540001],[5.73043972200003,52.5058388890001],[5.71958429700004,52.499815003],[5.70873184600003,52.493790125],[5.69788236900007,52.4877642540001],[5.68703586500004,52.4817373910001],[5.67619233200003,52.4757095360001],[5.66535177000003,52.4696806900001],[5.65451417800006,52.463650853],[5.64367955400007,52.4576200270001],[5.63284789800002,52.4515882110001],[5.62201920900003,52.4455554050001],[5.61119348600005,52.439521611],[5.60037072800003,52.4334868290001],[5.58955093300006,52.4274510590001],[5.57873410100007,52.4214143020001],[5.56792023200006,52.415376558],[5.55710932300002,52.409337828],[5.54630137400005,52.4032981130001],[5.53549638400006,52.397257412],[5.52469435300003,52.391215726],[5.51389527800006,52.385173056],[5.52132995900007,52.378727192],[5.52876246900007,52.372280861],[5.53619281000005,52.3658340640001],[5.54362098200005,52.3593868020001],[5.55104698800005,52.3529390740001],[5.55847082700006,52.34649088],[5.56589250000007,52.3400422220001],[5.55462974100004,52.3348279160001],[5.54336963800006,52.329612539],[5.53211219000002,52.324396092],[5.52085739700004,52.3191785750001],[5.50960525700003,52.3139599890001],[5.49835577100004,52.308740334],[5.48710893700007,52.3035196110001],[5.47586475600002,52.2982978200001],[5.46462322600007,52.2930749610001],[5.45338434700005,52.2878510350001],[5.44214811900002,52.2826260430001],[5.43091454000006,52.277399985],[5.41968361100004,52.2721728610001],[5.41968427700004,52.281067529],[5.41968494400004,52.2899621970001],[5.41968561100003,52.2988568650001],[5.41968627800003,52.307751533],[5.41968694500002,52.316646201],[5.41968761300006,52.3255408690001],[5.41968828100005,52.334435537],[5.41968894900003,52.343330205],[5.41968961800006,52.3522248730001],[5.41969028700004,52.3611195410001],[5.41969095600007,52.370014209],[5.41969162500004,52.3789088760001],[5.41969229500006,52.3878035440001],[5.41969296400003,52.396698212],[5.41969363500004,52.40559288],[5.41969430500006,52.4144875480001],[5.41969497600007,52.423382216],[5.41969564700003,52.432276884],[5.41969631800004,52.4411715520001],[5.41969698900004,52.4500662200001],[5.41969766100004,52.458960888],[5.41969833300004,52.4678555560001],[5.43022376000005,52.473749061],[5.44075200700007,52.479641631],[5.45128307400006,52.4855332670001],[5.46181696200006,52.491423968],[5.47235367200005,52.4973137330001],[5.48289320500004,52.5032025610001],[5.49343556300005,52.509090454],[5.50398074500004,52.514977409],[5.51452875200005,52.5208634260001],[5.52507958700005,52.526748506],[5.53563324800007,52.5326326480001],[5.54618973900006,52.5385158500001],[5.55674905800004,52.544398114],[5.56731120800004,52.550279437],[5.57787619000004,52.5561598210001],[5.58844400300006,52.5620392640001],[5.59901464900003,52.5679177650001],[5.60958812900003,52.573795326],[5.62016444400007,52.579671944]]]},"properties":{"Name":"LELYSTAD CTR 2","Designator":"EHLE2D","Type":"CTR","LocalType":"CTR","UpperLimit":2500,"LowerLimit":0,"UpperLimitUnit":"FT","LowerLimitUnit":"FT","Class":"D","name":"LELYSTAD CTR 2"}},{"type":"Feature","geometry":{"type":"Polygon","coordinates":[[[5.76053561300006,50.808121736],[5.75414603300004,50.8018834750001],[5.74775766200003,50.7956443790001],[5.74137099600006,50.7894049350001],[5.73498603500008,50.783165142],[5.72860277800004,50.7769250000001],[5.71775666600007,50.7813139690001],[5.70690851700004,50.7857019320001],[5.69605833300005,50.7900888890001],[5.69605916500007,50.7900893410001],[5.69480555600006,50.792397222],[5.69192500000003,50.7951722220001],[5.69135833300004,50.796447222],[5.69137500000005,50.797083333],[5.69214722200007,50.7983222220001],[5.69736111100002,50.80235],[5.69833055600003,50.8034805560001],[5.69866666700005,50.8041166670001],[5.69892222200002,50.8053166670001],[5.69850277800003,50.806633333],[5.69719722200006,50.8080833330001],[5.69417500000003,50.810244444],[5.69318055600007,50.810577778],[5.69264722200006,50.811144444],[5.69270833300004,50.811372222],[5.69168055600005,50.812125],[5.69150555600004,50.8118416670001],[5.68876666700004,50.8116305560001],[5.68860000000006,50.811872222],[5.68680555600002,50.8121166670001],[5.68690833300008,50.8123166670001],[5.68598611100003,50.8122250000001],[5.68591388900006,50.812494444],[5.68496944400005,50.812811111],[5.68435000000005,50.813422222],[5.68263888900003,50.8129500000001],[5.68175000000002,50.8122111110001],[5.68058888900003,50.8120305560001],[5.67993888900003,50.812563889],[5.67949166700004,50.814344444],[5.67844722200005,50.815063889],[5.67828055600006,50.8164694440001],[5.67314722200007,50.8160111110001],[5.67272777800002,50.8169500000001],[5.66966388900005,50.8172500000001],[5.66943611100004,50.8178333330001],[5.66807222200003,50.817736111],[5.66795555600004,50.816941667],[5.66768333300007,50.8165472220001],[5.66618055600003,50.816847222],[5.66610000000003,50.816952778],[5.66668888900006,50.8172611110001],[5.66553055600002,50.817233333],[5.66524166700003,50.817033333],[5.66385833300006,50.8172611110001],[5.66363333300006,50.8177694440001],[5.66322777800002,50.8180444440001],[5.65900000000005,50.818486111],[5.65400555600007,50.8200944440001],[5.65520000000004,50.8209583330001],[5.65432222200008,50.821266667],[5.65644722200005,50.8231666670001],[5.65550000000007,50.8237972220001],[5.65623333300005,50.824338889],[5.65182500000003,50.827525],[5.64922222200005,50.8263555560001],[5.64883888900005,50.826719444],[5.64887222200002,50.8270527780001],[5.65021388900004,50.828833333],[5.65030277800003,50.8298638890001],[5.65113888900004,50.831147222],[5.65136111100003,50.8320138890001],[5.65100000000007,50.8327722220001],[5.65001944400007,50.833905556],[5.64829444400004,50.833202778],[5.64801388900003,50.8349138890001],[5.64720555600007,50.835836111],[5.64747222200003,50.835927778],[5.64374722200006,50.8379305560001],[5.64534722200005,50.8394000000001],[5.64186944400006,50.8408000000001],[5.64280277800003,50.841458333],[5.64118611100002,50.842925],[5.64227777800005,50.843111111],[5.64056944400005,50.844711111],[5.63920277800003,50.8463944440001],[5.63890000000004,50.847725],[5.64071111100003,50.847738889],[5.64027222200002,50.8494916670001],[5.64265555600002,50.8501000000001],[5.64190833300006,50.8511444440001],[5.64176111100005,50.8525805560001],[5.64032777800003,50.8537416670001],[5.64350555600004,50.8567861110001],[5.64164722200007,50.857569444],[5.64381944400003,50.8588777780001],[5.64186388900004,50.8591750000001],[5.64196111100006,50.8595500000001],[5.64357222200005,50.860480556],[5.64224166700006,50.8613888890001],[5.64403333300004,50.8629500000001],[5.64164722200007,50.8641500000001],[5.64733888900003,50.8669472220001],[5.64950000000005,50.868352778],[5.64907777800005,50.868672222],[5.64781111100007,50.869094444],[5.64542777800006,50.870758333],[5.64415833300006,50.871355556],[5.64679166700006,50.873158333],[5.64788888900006,50.873725],[5.64858055600007,50.8733111110001],[5.65135000000004,50.8750694440001],[5.65334166700006,50.873947222],[5.65669444400004,50.876372222],[5.65741666700006,50.8762944440001],[5.65793055600005,50.8765861110001],[5.65869444400005,50.8761944440001],[5.66102500000005,50.877416667],[5.66066111100002,50.877733333],[5.66151111100004,50.878077778],[5.66170277800006,50.878661111],[5.66396944400003,50.8790277780001],[5.66671944400002,50.880063889],[5.66882500000003,50.8810750000001],[5.66963333300004,50.881825],[5.67195833300002,50.8811138890001],[5.67638055600003,50.8808777780001],[5.67671111100003,50.8804000000001],[5.67953611100006,50.880538889],[5.67930833300005,50.882127778],[5.67938055600007,50.883452778],[5.68027777800006,50.885422222],[5.68161388900006,50.887447222],[5.68338888900007,50.888927778],[5.68544166700002,50.8902694440001],[5.69079722200007,50.8928916670001],[5.69237777800004,50.8939083330001],[5.69497222200005,50.8968305560001],[5.69587222200005,50.898677778],[5.69646666700004,50.9007388890001],[5.69666111100003,50.9021611110001],[5.69622777800004,50.9066861110001],[5.69639444400002,50.907477778],[5.69684166700006,50.908311111],[5.69767222200005,50.909247222],[5.69941388900003,50.9103305560001],[5.70424166700008,50.911580556],[5.70752777800004,50.9116861110001],[5.71030277800003,50.9109361110001],[5.71350833300005,50.909061111],[5.71536388900006,50.908480556],[5.71796944400006,50.9080388890001],[5.72020555600005,50.908363889],[5.72157777800004,50.9088750000001],[5.72289722200003,50.9096250000001],[5.72445277800006,50.9110111110001],[5.72565000000003,50.912488889],[5.72658888900003,50.9143666670001],[5.72673333300003,50.9160666670001],[5.72611111100002,50.918830556],[5.72612500000003,50.9203416670001],[5.72703055600005,50.923058333],[5.72835555600005,50.925272222],[5.73306944400002,50.9300944440001],[5.73984722200004,50.934438889],[5.74098333300003,50.935405556],[5.74573055600007,50.9427138890001],[5.74589444400004,50.945633333],[5.74696666700004,50.9470555560001],[5.74803611100003,50.9477027780001],[5.75141388900005,50.9489055560001],[5.75678333300004,50.9500861110001],[5.75776666700006,50.950725],[5.75845000000004,50.9515222220001],[5.75875000000002,50.9523083330001],[5.75870000000003,50.9537083330001],[5.75790000000006,50.955169444],[5.75689444400007,50.9563166670001],[5.75482500000004,50.9581000000001],[5.75281944400007,50.9593],[5.75085000000007,50.960197222],[5.74870833300002,50.960844444],[5.74608888900002,50.9612805560001],[5.74398888900004,50.961047222],[5.74166666700006,50.960027778],[5.73909444400005,50.9578638890001],[5.73645833300003,50.956363889],[5.73251666700003,50.9555111110001],[5.72938333300004,50.9552833330001],[5.72627500000004,50.9556166670001],[5.72420833300004,50.9562638890001],[5.72292500000003,50.9569083330001],[5.72194166700007,50.9576750000001],[5.72073611100006,50.9594277780001],[5.72048333300006,50.9601361110001],[5.72061111100004,50.9617250000001],[5.72140277800003,50.963172222],[5.72195555600007,50.9638027780001],[5.72633888900003,50.967686111],[5.72904166700005,50.9698861110001],[5.73231111100006,50.9716194440001],[5.73404444400006,50.9730416670001],[5.73506388900006,50.9744666670001],[5.73564722200007,50.976483333],[5.73662222200005,50.977991667],[5.73870000000005,50.9792166670001],[5.74522500000006,50.980547222],[5.74715555600005,50.9811916670001],[5.74875000000003,50.982097222],[5.75022777800007,50.9832666670001],[5.75537222200006,50.9899638890001],[5.75656388900006,50.991158333],[5.75831388900002,50.9924111110001],[5.76332777800008,50.9953194440001],[5.76556944400005,50.9970638890001],[5.76645000000002,50.9981194440001],[5.76685361800003,50.9988950530001],[5.76697222200005,50.9988333330001],[5.77428984500006,51.005820699],[5.78160967300005,51.0128076070001],[5.78893170700007,51.019794059],[5.79625594700002,51.026780052],[5.80358239600002,51.0337655880001],[5.81091105300004,51.0407506650001],[5.81824192100004,51.0477352840001],[5.82557500000007,51.0547194440001],[5.83589766300003,51.050485151],[5.84621843900004,51.0462499480001],[5.85653732800006,51.0420138370001],[5.86685432900003,51.0377768170001],[5.87716944400006,51.0335388890001],[5.87727539400004,51.0335171080001],[5.87687500000004,51.0315694440001],[5.87459166700006,51.0292166670001],[5.87538333300006,51.0267694440001],[5.87665555600006,51.024616667],[5.87665277800005,51.0238805560001],[5.87891388900005,51.020619444],[5.87898055600004,51.0198750000001],[5.87853333300006,51.018661111],[5.87887222200004,51.0178388890001],[5.88426111100006,51.013386111],[5.88544722200004,51.0138166670001],[5.88834722200005,51.013475],[5.89271388900005,51.0123],[5.89563888900005,51.0110194440001],[5.89547500000003,51.004533333],[5.90551666700003,51.0021722220001],[5.90435277800003,50.9961388890001],[5.90373611100006,50.987205556],[5.89949722200004,50.9843472220001],[5.89566944400002,50.981352778],[5.89380277800007,50.9810972220001],[5.89259444400005,50.980308333],[5.89378333300004,50.979555556],[5.89566666700006,50.9773083330001],[5.89618333300007,50.9771027780001],[5.89680555600006,50.976486111],[5.89708611100002,50.9748666670001],[5.90242777800006,50.9745833330001],[5.90469444400003,50.974552778],[5.90560000000005,50.974722222],[5.91172777800006,50.9764111110001],[5.91558888900005,50.9778250000001],[5.91717222200003,50.978086111],[5.91855277800005,50.9777472220001],[5.92299166700008,50.9795472220001],[5.92765000000003,50.9822861110001],[5.93388611100005,50.9853555560001],[5.94200956000003,50.9862822260001],[5.95013333300005,50.9872083330001],[5.95518333300004,50.988419444],[5.95739166700002,50.985005556],[5.96088055600006,50.9831583330001],[5.96078611100006,50.983058333],[5.96501111100002,50.9809416670001],[5.96632500000004,50.9797722220001],[5.96757500000007,50.979397222],[5.96850833300005,50.9794277780001],[5.97393611100006,50.9805555560001],[5.97957500000007,50.982916667],[5.98135833300006,50.983219444],[5.98224166700004,50.9830694440001],[5.98422222200003,50.9821166670001],[5.99526924000003,50.982546412],[6.00631646300008,50.982975116],[6.01736388900002,50.983402778],[6.01722500000005,50.9836805560001],[6.01870000000002,50.9838194440001],[6.02293055600006,50.983272222],[6.02651111100005,50.983272222],[6.02689444400005,50.9816416670001],[6.02680277800005,50.9813111110001],[6.02264444400004,50.974022222],[6.02116388900004,50.9710055560001],[6.01945555600003,50.9689500000001],[6.01730833300007,50.9652750000001],[6.01520833300003,50.962366667],[6.01300000000003,50.9604],[6.01068611100004,50.9600333330001],[6.00908055600007,50.959486111],[6.00663888900004,50.9580583330001],[6.00519722200005,50.9567777780001],[6.01180000000005,50.9543027780001],[6.01685277800004,50.952644444],[6.01507777800003,50.947883333],[6.01664049900006,50.9412930660001],[6.01820277800005,50.934702778],[6.02839625400003,50.9327837770001],[6.03858888900004,50.9308638890001],[6.03979166700003,50.930852778],[6.04441388900005,50.9293416670001],[6.04500000000007,50.928958333],[6.04558333300002,50.9280805560001],[6.04719444400007,50.9284305560001],[6.04914722200004,50.929386111],[6.05087222200007,50.9299055560001],[6.05616111100005,50.9271555560001],[6.05402222200007,50.9222500000001],[6.06180833300004,50.9212388890001],[6.06296666700007,50.9220361110001],[6.06576666700005,50.9210138890001],[6.06818333300004,50.920655556],[6.07177500000006,50.9231333330001],[6.07746388900006,50.922586111],[6.08213333300006,50.921538889],[6.08383888900005,50.9209333330001],[6.08683055600005,50.919372222],[6.08943888900006,50.918525],[6.09016666700006,50.9195722220001],[6.09372777800007,50.9212305560001],[6.09416388900007,50.9207138890001],[6.09417222200005,50.9203138890001],[6.09347222200006,50.9190750000001],[6.09209166700003,50.917436111],[6.08933055600005,50.9162305560001],[6.08683611100003,50.9141000000001],[6.08677222200004,50.9130027780001],[6.08643611100007,50.912277778],[6.08503403900005,50.9115264610001],[6.08503333300007,50.911527778],[6.07163741900007,50.911663698],[6.05824142600005,50.911798086],[6.04484535700004,50.911930941],[6.03144921200004,50.9120622630001],[6.01805299200004,50.9121920520001],[6.00465669700003,50.9123203080001],[5.99126032900006,50.9124470310001],[5.97786388900005,50.9125722220001],[5.97066399100004,50.9056032840001],[5.96346624900002,50.898633902],[5.95627066100008,50.8916640790001],[5.94907722700003,50.8846938130001],[5.94188594400003,50.877723105],[5.93469681300007,50.870751956],[5.92750983200006,50.8637803650001],[5.92032500000005,50.8568083330001],[5.92050406700002,50.856897051],[5.92050519100007,50.856897071],[5.91986610600003,50.856279601],[5.91922037400008,50.8556649000001],[5.91856802700005,50.855052997],[5.91790909400004,50.8544439200001],[5.91724360700005,50.8538376980001],[5.91657159500005,50.8532343580001],[5.91589309100004,50.852633929],[5.91520812600004,50.8520364400001],[5.91451673200004,50.8514419160001],[5.91381894000006,50.850850387],[5.91311478400007,50.8502618800001],[5.91240429600003,50.849676421],[5.91168751000004,50.8490940390001],[5.91096445700003,50.8485147600001],[5.91023517300005,50.8479386120001],[5.90949969100006,50.8473656210001],[5.90875804500007,50.846795813],[5.90801027000003,50.846229216],[5.90725640000005,50.845665855],[5.90649647100003,50.8451057570001],[5.90573051700005,50.8445489470001],[5.90495857600007,50.843995453],[5.90418068100007,50.8434452990001],[5.90339687000005,50.842898511],[5.90260717900003,50.842355114],[5.90181164500007,50.8418151340001],[5.90101030400007,50.8412785960001],[5.90020319500007,50.840745525],[5.89939035400005,50.8402159450001],[5.89857181900004,50.839689881],[5.89774762900004,50.8391673580001],[5.89691782100005,50.8386484000001],[5.89608243500004,50.838133031],[5.89524150800003,50.837621276],[5.89439508100003,50.837113157],[5.89354319300003,50.8366086980001],[5.89268588200002,50.836107923],[5.89182319000003,50.8356108560001],[5.89095515600008,50.8351175190001],[5.89008182000003,50.8346279350001],[5.88920322400003,50.8341421270001],[5.88831940700004,50.8336601180001],[5.88743041200007,50.8331819300001],[5.88653627900004,50.832707585],[5.88563705000007,50.832237105],[5.88473276700006,50.831770513],[5.88382347200007,50.8313078290001],[5.88290920700007,50.830849076],[5.88199001500004,50.8303942750001],[5.88106593800006,50.8299434470001],[5.88013701900007,50.8294966120001],[5.87920330200006,50.8290537920001],[5.87826483000003,50.8286150070001],[5.87732164700003,50.828180278],[5.87637379600005,50.8277496250001],[5.87542132200002,50.8273230680001],[5.87446426800005,50.8269006260001],[5.87350268000006,50.8264823200001],[5.87253660200003,50.8260681680001],[5.87156607900005,50.8256581910001],[5.87059115600005,50.8252524060001],[5.86961187800006,50.8248508340001],[5.86862829200004,50.824453492],[5.86764044200004,50.8240604000001],[5.86664837500007,50.823671575],[5.86565213700004,50.8232870350001],[5.86465177400004,50.8229067990001],[5.86364733200003,50.8225308830001],[5.86263885900007,50.822159307],[5.86162640100002,50.8217920860001],[5.86061000500007,50.8214292380001],[5.85958971900004,50.8210707800001],[5.85856559000007,50.820716728],[5.85753766600004,50.8203670990001],[5.85650599400003,50.820021909],[5.85547062200004,50.819681175],[5.85443159900007,50.819344911],[5.85338897300005,50.819013134],[5.85234279200006,50.8186858600001],[5.85129310500002,50.818363102],[5.85023996100006,50.818044877],[5.84918340900003,50.817731199],[5.84812349800006,50.8174220830001],[5.84706027600004,50.8171175430001],[5.84599379500003,50.8168175930001],[5.84492410300004,50.8165222480001],[5.84385124900007,50.81623152],[5.84277528500007,50.8159454240001],[5.84169625900006,50.815663973],[5.84061422300005,50.815387179],[5.83952922600002,50.8151150560001],[5.83844131800004,50.8148476170001],[5.83735055100004,50.8145848730001],[5.83625697600007,50.8143268370001],[5.83516064200006,50.8140735210001],[5.83406160100003,50.813824938],[5.83295990400006,50.8135810970001],[5.83185560300007,50.813342011],[5.83074874800008,50.813107691],[5.82963939100006,50.812878148],[5.82852758400003,50.8126533920001],[5.82741337900006,50.8124334340001],[5.82629682600003,50.812218284],[5.82517797900005,50.812007952],[5.82405688900008,50.811802448],[5.82293360800003,50.8116017820001],[5.82180818900002,50.811405962],[5.82068068300003,50.811214998],[5.81955114400006,50.8110288980001],[5.81841962400006,50.8108476720001],[5.81728617500005,50.8106713280001],[5.81615085000004,50.8104998740001],[5.81501370200004,50.8103333180001],[5.81387478400006,50.8101716670001],[5.81273414900005,50.8100149300001],[5.81159184900002,50.8098631140001],[5.81044793800004,50.8097162240001],[5.80930247000003,50.80957427],[5.80815549600004,50.8094372560001],[5.80700707200003,50.80930519],[5.80585724900004,50.8091780770001],[5.80470608300004,50.8090559240001],[5.80355362500006,50.8089387360001],[5.80239993000004,50.808826518],[5.80124505100002,50.808719276],[5.80008904200002,50.808617015],[5.79893195700004,50.8085197390001],[5.79777385000006,50.8084274540001],[5.79661477400003,50.8083401630001],[5.79545478300003,50.80825787],[5.79429393200007,50.8081805800001],[5.79313227400007,50.8081082950001],[5.79196986300008,50.808041019],[5.79080675300003,50.8079787560001],[5.78964299900002,50.807921508],[5.78847865500006,50.8078692780001],[5.78731377400004,50.8078220680001],[5.78614841100006,50.807779881],[5.78498262000005,50.807742718],[5.78381645500002,50.807710581],[5.78264997100007,50.8076834720001],[5.78148322100003,50.8076613920001],[5.78031626000006,50.8076443420001],[5.77914914300004,50.8076323230001],[5.77798192300003,50.8076253350001],[5.77681465400002,50.8076233780001],[5.77564739200005,50.8076264540001],[5.77448019000008,50.807634561],[5.77331310300002,50.807647699],[5.77214618400006,50.8076658680001],[5.77097948900007,50.8076890660001],[5.76981307100004,50.8077172930001],[5.76864698500003,50.8077505480001],[5.76748128400004,50.8077888280001],[5.76631602300006,50.807832133],[5.76515125700007,50.807880459],[5.76398703900003,50.8079338050001],[5.76282342400003,50.807992169],[5.76166046500003,50.808055547],[5.76053561300006,50.808121736]],[[5.76050036900006,50.80812381],[5.76049821700008,50.8081239370001],[5.76049834600008,50.8081239000001],[5.76050036900006,50.80812381]]]},"properties":{"Name":"MAASTRICHT CTR","Designator":"EHBK1C","Type":"CTR_P","LocalType":"CTR","UpperLimit":3000,"LowerLimit":0,"UpperLimitUnit":"FT","LowerLimitUnit":"FT","Class":"C","name":"MAASTRICHT CTR"}},{"type":"Feature","geometry":{"type":"Polygon","coordinates":[[[5.44944638700002,51.325465921],[5.45066123600003,51.325753638],[5.45187325600006,51.3260459780001],[5.45308240200006,51.326342928],[5.45428862800003,51.326644479],[5.45549189000008,51.3269506180001],[5.45669214300005,51.3272613340001],[5.45788934200004,51.327576616],[5.45908344300005,51.3278964520001],[5.46027440100005,51.3282208300001],[5.46146217300003,51.328549738],[5.46264671400007,51.328883164],[5.46382798000008,51.329221096],[5.46500592800004,51.3295635200001],[5.46618051300004,51.329910425],[5.46735169100003,51.3302617960001],[5.46851942000006,51.3306176230001],[5.46968365600003,51.33097789],[5.47084435600004,51.331342584],[5.47200147500007,51.331711693],[5.47315497300002,51.332085202],[5.47430480500003,51.3324630980001],[5.47545092900003,51.3328453660001],[5.47659330300007,51.333231993],[5.47773188300005,51.333622963],[5.47886662800005,51.334018262],[5.47999749500002,51.334417876],[5.48112444300006,51.33482179],[5.48224742900004,51.335229989],[5.48336641200007,51.3356424580001],[5.48448135000007,51.3360591800001],[5.48559220200002,51.336480142],[5.48669892700002,51.3369053270001],[5.48780148300006,51.3373347190001],[5.48889982900005,51.337768302],[5.48999392500002,51.3382060610001],[5.49108373000007,51.338647979],[5.49216920300006,51.339094039],[5.49325030500006,51.339544226],[5.49432699400006,51.339998522],[5.49539923100002,51.3404569100001],[5.49646697700007,51.3409193740001],[5.49753019100007,51.3413858960001],[5.49858883300004,51.3418564580001],[5.49964286600004,51.342331044],[5.50069224800006,51.342809636],[5.50173694200004,51.3432922160001],[5.50277690900003,51.3437787660001],[5.50381211000007,51.3442692680001],[5.50484250600005,51.3447637040001],[5.50586805900002,51.345262055],[5.50688873200005,51.3457643030001],[5.50790448500004,51.3462704290001],[5.50891528200003,51.3467804140001],[5.50992108500003,51.3472942400001],[5.51092185600004,51.347811887],[5.51191755900004,51.348333337],[5.51290815600004,51.3488585690001],[5.51389361000003,51.349387564],[5.51487388600003,51.349920303],[5.51584894500007,51.350456765],[5.51681875300005,51.350996932],[5.51778327400007,51.351540782],[5.51874247000006,51.352088295],[5.51969630700006,51.3526394520001],[5.52064475000003,51.3531942320001],[5.52158776200002,51.353752614],[5.52252530900006,51.3543145770001],[5.52345735700004,51.3548801000001],[5.52438387000007,51.3554491630001],[5.52499444400007,51.3559250000001],[5.52530481400004,51.3560217450001],[5.53505026600004,51.3622009680001],[5.54510884500007,51.368476076],[5.55517018100005,51.3747503220001],[5.56523427400003,51.3810237060001],[5.57530112700005,51.3872962280001],[5.58537074000003,51.3935678870001],[5.59544311300004,51.399838683],[5.60551824900006,51.406108616],[5.61559614800007,51.412377684],[5.62567681100006,51.4186458880001],[5.63576023900004,51.424913227],[5.64584643300003,51.4311797010001],[5.65593539300005,51.4374453090001],[5.66602712200006,51.443710051],[5.67612162000006,51.449973926],[5.68621888800004,51.456236935],[5.69631892700005,51.462499075],[5.70642173800007,51.468760348],[5.71652732200005,51.4750207530001],[5.72663568000007,51.481280289],[5.73674681300002,51.487538955],[5.74686072200006,51.493796752],[5.75697740800007,51.5000536790001],[5.76709687200002,51.506309736],[5.77721911500004,51.512564921],[5.78734413800004,51.5188192360001],[5.79747194200007,51.5250726780001],[5.80760252700003,51.531325248],[5.81773589600004,51.5375769460001],[5.82787204900006,51.5438277700001],[5.83801098700008,51.550077721],[5.84815271100007,51.556326798],[5.85829722200003,51.562575],[5.85860988800005,51.562671686],[5.85952917500003,51.5632416600001],[5.86044171400005,51.5638150500001],[5.86134865000002,51.5643918690001],[5.86224995000003,51.564972095],[5.86314558300006,51.5655557060001],[5.86403551400002,51.5661426820001],[5.86491971000004,51.566733001],[5.86579814100003,51.56732664],[5.86667077200002,51.5679235790001],[5.86753757300005,51.568523795],[5.86839851200006,51.5691272670001],[5.86925355600005,51.5697339720001],[5.87010267500006,51.5703438880001],[5.87094583600003,51.570956992],[5.87178301100005,51.5715732620001],[5.87261416600006,51.572192676],[5.87343927300003,51.57281521],[5.87425830100005,51.5734408430001],[5.87507121900006,51.57406955],[5.87587799900007,51.574701308],[5.87667860900007,51.5753360960001],[5.87747302200006,51.5759738890001],[5.87826120700004,51.576614663],[5.87904313600006,51.577258396],[5.87981878000005,51.577905064],[5.88058811100007,51.578554642],[5.88135110000007,51.579207108],[5.88210771900003,51.579862437],[5.88285794100005,51.5805206050001],[5.88360173800004,51.581181588],[5.88433908300004,51.5818453620001],[5.88506994900007,51.5825119020001],[5.88579430800007,51.5831811840001],[5.88651213500003,51.5838531840001],[5.88722340200007,51.584527876],[5.88792808500006,51.585205236],[5.88862615600004,51.585885239],[5.88931759100007,51.5865678590001],[5.89000236400005,51.5872530730001],[5.89068044900006,51.5879408550001],[5.89135182300004,51.58863118],[5.89201645900005,51.589324021],[5.89267433500004,51.590019355],[5.89332542500006,51.590717155],[5.89396970600006,51.5914173950001],[5.89460715500007,51.5921200510001],[5.89523774700007,51.5928250950001],[5.89586146000005,51.5935325030001],[5.89647827000005,51.594242249],[5.89708815600005,51.594954305],[5.89769109400004,51.5956686470001],[5.89828706300005,51.596385248],[5.89887604100005,51.5971040810001],[5.89945800500004,51.597825121],[5.90003293600006,51.59854834],[5.90060081100006,51.5992737130001],[5.90116160900004,51.6000012120001],[5.90171531100003,51.6007308120001],[5.90226189600003,51.6014624840001],[5.90280134400007,51.6021962020001],[5.90333363500002,51.6029319400001],[5.90385874900005,51.60366967],[5.90437666700007,51.604409366],[5.90488737100003,51.605150999],[5.90539084100004,51.6058945440001],[5.90588705800008,51.606639972],[5.90637600600007,51.607387256],[5.90685766500008,51.6081363690001],[5.90733201900002,51.6088872830001],[5.90779904900006,51.609639971],[5.90825873900008,51.6103944050001],[5.90871107100003,51.6111505580001],[5.90915603000008,51.6119084010001],[5.90959359800007,51.6126679070001],[5.91002376000006,51.6134290480001],[5.91044650000003,51.6141917960001],[5.91086180200006,51.6149561230001],[5.91126965100005,51.6157220000001],[5.91167003200007,51.6164894010001],[5.91206293100004,51.617258297],[5.91244833300004,51.6180286580001],[5.91282622400007,51.6188004580001],[5.91309667700006,51.6193650820001],[5.91400442400004,51.619164831],[5.91510971100007,51.6189157330001],[5.91621226800004,51.618661968],[5.91731204300004,51.6184035470001],[5.91840898700002,51.6181404820001],[5.91950304700003,51.6178727860001],[5.92059417600007,51.6176004700001],[5.92168232100005,51.6173235480001],[5.92276743400004,51.617042031],[5.92384946400006,51.6167559340001],[5.92492836100007,51.6164652680001],[5.92600407800006,51.616170047],[5.92707656200002,51.6158702860001],[5.92814576700005,51.615565996],[5.92921164200004,51.615257194],[5.93027413800007,51.614943892],[5.93133320700002,51.6146261060001],[5.93238880100006,51.6143038490001],[5.93344087000003,51.6139771370001],[5.93448936600004,51.6136459840001],[5.93553424100003,51.613310406],[5.93657544800004,51.612970418],[5.93761293800003,51.6126260360001],[5.93864666400003,51.6122772750001],[5.93967657800005,51.6119241530001],[5.94070263200007,51.6115666840001],[5.94172478100006,51.6112048850001],[5.94274297700002,51.6108387730001],[5.94375717300005,51.610468365],[5.94476732200008,51.6100936770001],[5.94577337900006,51.609714727],[5.94677529700004,51.609331533],[5.94777302900007,51.608944111],[5.94876653100005,51.6085524800001],[5.94975575700005,51.608156658],[5.95074066000006,51.607756663],[5.95172119700004,51.607352512],[5.95269732100007,51.6069442260001],[5.95366898900005,51.6065318220001],[5.95463615400007,51.606115319],[5.95559877400007,51.6056947370001],[5.95655680400006,51.605270095],[5.95751020000006,51.604841412],[5.95845891700003,51.604408709],[5.95940291300008,51.6039720040001],[5.96034214400004,51.6035313180001],[5.96127656800007,51.603086671],[5.96220614000003,51.6026380850001],[5.96313081900007,51.602185578],[5.96405056100002,51.601729172],[5.96496532600003,51.601268888],[5.96587507000004,51.600804748],[5.96677975200004,51.600336772],[5.96767933000007,51.5998649810001],[5.96857376400004,51.5993893990001],[5.96946301100007,51.5989100460001],[5.97034703200006,51.598426944],[5.97122578500006,51.5979401160001],[5.97209923100007,51.5974495830001],[5.97296732800004,51.59695537],[5.97383003800007,51.5964574970001],[5.97468732100003,51.5959559890001],[5.97553913600007,51.5954508670001],[5.97638544600005,51.5949421560001],[5.97722621200006,51.5944298790001],[5.97806139300008,51.5939140580001],[5.97889095400006,51.5933947190001],[5.97971485400006,51.592871884],[5.98053305700006,51.592345578],[5.98134552500005,51.591815825],[5.98215222000005,51.591282649],[5.98295310600002,51.590746074],[5.98374814500005,51.5902061260001],[5.98453730200004,51.5896628290001],[5.98532054000003,51.5891162090001],[5.98609782200003,51.588566289],[5.98686911400006,51.5880130960001],[5.98763438000003,51.5874566540001],[5.98839358400005,51.5868969900001],[5.98914669300007,51.5863341290001],[5.98989367000007,51.585768097],[5.99063448300006,51.58519892],[5.99136909700007,51.5846266240001],[5.99209747800006,51.5840512350001],[5.99281959200005,51.5834727800001],[5.99353540800007,51.5828912850001],[5.99424489100005,51.582306778],[5.99494800900004,51.581719284],[5.99564473000004,51.5811288310001],[5.99633502300003,51.5805354460001],[5.99701885400003,51.5799391560001],[5.99769619300002,51.5793399890001],[5.99836700900005,51.5787379710001],[5.99903127000005,51.5781331320001],[5.99968894800003,51.5775254980001],[6.00034001000006,51.576915097],[6.00098442700005,51.576301958],[6.00162217100007,51.5756861090001],[6.00225321100004,51.575067577],[6.00287751800005,51.574446392],[6.00349506400005,51.5738225810001],[6.00410582000006,51.573196174],[6.00470975900004,51.572567199],[6.00530685200005,51.5719356860001],[6.00589707300003,51.5713016620001],[6.00648039300006,51.5706651580001],[6.00705678700007,51.5700262020001],[6.00762622800005,51.5693848230001],[6.00818869000005,51.5687410520001],[6.00874414600003,51.568094918],[6.00929257200005,51.56744645],[6.00983394200006,51.5667956790001],[6.01036823200008,51.5661426340001],[6.01089541600004,51.5654873440001],[6.01141547100002,51.5648298410001],[6.01192837200006,51.5641701550001],[6.01243409700004,51.563508315],[6.01293262100006,51.5628443520001],[6.01342392300006,51.5621782970001],[6.01390797900007,51.561510179],[6.01438476700002,51.5608400310001],[6.01485426600004,51.560167882],[6.01531645300003,51.5594937640001],[6.01577130900006,51.558817708],[6.01621881000005,51.558139743],[6.01665893800003,51.5574599030001],[6.01709167200005,51.556778217],[6.01751699200003,51.5560947170001],[6.01793487800006,51.5554094350001],[6.01834531200006,51.554722402],[6.01874827400007,51.5540336490001],[6.01914374700004,51.5533432080001],[6.01953171100007,51.552651112],[6.01991214900005,51.551957391],[6.02028504300006,51.551262077],[6.02065037700004,51.5505652030001],[6.02100813400006,51.5498668010001],[6.02135829700006,51.5491669020001],[6.02170085000006,51.5484655380001],[6.02203577700004,51.5477627430001],[6.02236306400005,51.5470585470001],[6.02268269400003,51.5463529840001],[6.02299465400006,51.545646086],[6.02329892900002,51.5449378850001],[6.02359550400007,51.544228414],[6.02388436800004,51.543517706],[6.02416550500004,51.5428057920001],[6.02443890300003,51.5420927060001],[6.02470455100007,51.541378481],[6.02496243400003,51.5406631490001],[6.02521254200008,51.539946743],[6.02545486400004,51.539229296],[6.02568938700006,51.5385108410001],[6.02591610200005,51.537791412],[6.02613499800003,51.5370710400001],[6.02634606400005,51.5363497590001],[6.02654929100004,51.5356276030001],[6.02674467100007,51.534904603],[6.02693219200006,51.5341807950001],[6.02711184900005,51.5334562100001],[6.02728363100005,51.5327308820001],[6.02744753100006,51.5320048450001],[6.02760354100008,51.5312781310001],[6.02775165500003,51.5305507750001],[6.02789186600006,51.5298228090001],[6.02802416700007,51.5290942670001],[6.02814855100007,51.5283651820001],[6.02826501400006,51.5276355880001],[6.02837355000003,51.5269055190001],[6.02847415400004,51.5261750070001],[6.02856682200007,51.525444087],[6.02865154800003,51.5247127920001],[6.02872833000004,51.523981156],[6.02879716300004,51.5232492110001],[6.02885804500005,51.5225169930001],[6.02891097300005,51.5217845340001],[6.02895594400007,51.521051868],[6.02899295600002,51.5203190280001],[6.02902200800003,51.5195860490001],[6.02904309700006,51.5188529640001],[6.02905622500003,51.5181198070001],[6.02906138900005,51.5173866110001],[6.02905858900004,51.5166534100001],[6.02904782600007,51.515920237],[6.02902909900007,51.515187127],[6.02900241100002,51.5144541130001],[6.02896776200004,51.5137212290001],[6.02892515400004,51.512988508],[6.02887458800006,51.512255984],[6.02881606700004,51.51152369],[6.02874959400003,51.510791661],[6.02867517100003,51.5100599300001],[6.02859280300004,51.5093285300001],[6.02850249300008,51.5085974950001],[6.02840424400006,51.5078668580001],[6.02829806300002,51.5071366540001],[6.02818395200006,51.5064069160001],[6.02806191900004,51.5056776760001],[6.02793196800008,51.50494897],[6.02779410500005,51.5042208290001],[6.02764833600003,51.5034932880001],[6.02749466900002,51.50276638],[6.02733311000003,51.502040139],[6.02716366800007,51.501314597],[6.02698634800004,51.5005897880001],[6.02680116000005,51.4998657460001],[6.02660811300007,51.499142503],[6.02640721400007,51.498420093],[6.02619847400007,51.4976985480001],[6.02598190200007,51.4969779030001],[6.02575750700004,51.49625819],[6.02552530100007,51.495539443],[6.02528529300002,51.4948216930001],[6.02503749600004,51.494104975],[6.02478191900002,51.4933893210001],[6.02451857500006,51.4926747630001],[6.02424747700007,51.491961336],[6.02396863500007,51.491249071],[6.02368206400007,51.4905380010001],[6.02338777700004,51.4898281600001],[6.02308578600002,51.489119578],[6.02277610600004,51.48841229],[6.02245875200003,51.4877063270001],[6.02213373700005,51.4870017220001],[6.02180107600003,51.4862985080001],[6.02146078500004,51.485596716],[6.02111288000003,51.4848963790001],[6.02075737600006,51.484197528],[6.02039428900002,51.4835001970001],[6.02002363800005,51.4828044170001],[6.01964543700007,51.48211022],[6.01925970500002,51.481417638],[6.01886646000003,51.480726702],[6.01846572000005,51.4800374450001],[6.01805750200003,51.4793498980001],[6.01764182600004,51.4786640930001],[6.01721871100006,51.477980061],[6.01678817600003,51.4772978330001],[6.01635024100005,51.4766174420001],[6.01590492600008,51.4759389170001],[6.01545225200005,51.475262291],[6.01499223900004,51.4745875940001],[6.01452490800006,51.4739148570001],[6.01405028200003,51.473244112],[6.01356838100003,51.472575389],[6.01307922800004,51.4719087180001],[6.01258284500005,51.471244131],[6.01207925600005,51.4705816580001],[6.01156848300008,51.4699213280001],[6.01105054900006,51.469263174],[6.01052547900002,51.468607224],[6.00999329600006,51.46795351],[6.00945402500003,51.4673020600001],[6.00890769200004,51.466652905],[6.00835432000002,51.4660060750001],[6.00779393500005,51.4653616000001],[6.00722656300007,51.464719508],[6.00665223100003,51.4640798300001],[6.00607096400006,51.4634425950001],[6.00548278900004,51.4628078310001],[6.00488773300003,51.4621755700001],[6.00428582300003,51.4615458380001],[6.00367708800007,51.4609186660001],[6.00306155500004,51.460294081],[6.00243925200004,51.4596721140001],[6.00181020800005,51.459052791],[6.00117445100005,51.458436142],[6.00053201200006,51.4578221960001],[5.99988291900007,51.4572109790001],[5.99922720300003,51.456602521],[5.99856489300004,51.455996849],[5.99789601900005,51.4553939910001],[5.99722061400007,51.454793975],[5.99653870600002,51.4541968280001],[5.99585032900006,51.4536025780001],[5.99515551300004,51.4530112520001],[5.99445429000002,51.4524228760001],[5.99374669300005,51.4518374790001],[5.99303275500006,51.451255087],[5.99231250600008,51.450675727],[5.99158598200006,51.4500994250001],[5.99085321500007,51.4495262080001],[5.99011424000003,51.4489561030001],[5.98936908800005,51.4483891340001],[5.98861779600003,51.4478253290001],[5.98786039800007,51.447264713],[5.98709692800003,51.4467073120001],[5.98632742100006,51.4461531520001],[5.98555191400004,51.4456022580001],[5.98477044000003,51.445054655],[5.98398303700003,51.4445103690001],[5.98318974000006,51.443969424],[5.98239058600007,51.4434318460001],[5.98158561200006,51.442897658],[5.98077485400006,51.442366887],[5.97995834900007,51.4418395550001],[5.97913613600002,51.441315687],[5.97830825200003,51.440795307],[5.97747473500004,51.44027844],[5.97663562400004,51.4397651080001],[5.97579095600003,51.439255336],[5.97494077000005,51.4387491460001],[5.97408510700006,51.4382465630001],[5.97322400400003,51.4377476080001],[5.97235750200002,51.4372523060001],[5.97148564000003,51.436760678],[5.97060845800007,51.4362727480001],[5.96972599700007,51.4357885380001],[5.96883829700005,51.4353080700001],[5.96794539800004,51.434831365],[5.96704734300005,51.4343584470001],[5.96614417200004,51.433889336],[5.96523592600005,51.433424055],[5.96432264800006,51.432962624],[5.96340437800006,51.432505065],[5.96248116100003,51.4320513980001],[5.96155303700004,51.431601646],[5.96062004900006,51.4311558270001],[5.95968224100005,51.4307139630001],[5.95873965500004,51.4302760750001],[5.95779233400003,51.429842181],[5.95684032300005,51.429412303],[5.95588366400005,51.428986459],[5.95492240300007,51.4285646700001],[5.95395658200005,51.4281469540001],[5.95298624600002,51.4277333310001],[5.95201144000004,51.42732382],[5.95103220900006,51.4269184400001],[5.95004859700003,51.4265172090001],[5.94906065000004,51.4261201460001],[5.94806841300004,51.425727269],[5.94707193100004,51.4253385960001],[5.94607125100003,51.4249541450001],[5.94506641800007,51.424573933],[5.94405747900004,51.424197979],[5.94304448000003,51.4238262980001],[5.94202746600007,51.423458909],[5.94100648600005,51.423095828],[5.93998158600004,51.4227370720001],[5.93895281300007,51.4223826570001],[5.93792021400003,51.4220326000001],[5.93688383600005,51.4216869160001],[5.93584372800007,51.421345622],[5.93479993700004,51.4210087340001],[5.93375251000003,51.420676266],[5.93270149700004,51.420348233],[5.93164694500007,51.4200246520001],[5.93058890300006,51.419705537],[5.92952741800002,51.4193909030001],[5.92846254100004,51.4190807630001],[5.92739432000008,51.4187751320001],[5.92632280400005,51.4184740250001],[5.92524804200002,51.418177455],[5.92417008400002,51.4178854360001],[5.92308897800007,51.41759798],[5.92200477600005,51.4173151030001],[5.92091752500005,51.4170368150001],[5.91982727700002,51.41676313],[5.91873408200007,51.416494061],[5.91763798900007,51.4162296210001],[5.91653904900005,51.41596982],[5.91543731300004,51.415714671],[5.91433283100002,51.4154641860001],[5.91322565300004,51.415218377],[5.91211583100005,51.4149772540001],[5.91100341600003,51.414740828],[5.90988845800007,51.414509111],[5.90877101000007,51.4142821140001],[5.90765112100007,51.414059846],[5.90652884400004,51.413842317],[5.90641388900002,51.4138305560001],[5.89301112200008,51.411263225],[5.87960986000007,51.4086943660001],[5.86621010400006,51.406123979],[5.85281185600007,51.4035520640001],[5.83941511400008,51.4009786220001],[5.82601988100004,51.3984036530001],[5.81262615500003,51.395827157],[5.79923394000002,51.393249134],[5.78584323300004,51.3906695850001],[5.77245403700005,51.388088511],[5.75906635200005,51.3855059110001],[5.74568017800004,51.3829217850001],[5.73229551700007,51.3803361350001],[5.71891236800008,51.3777489600001],[5.70553073200006,51.3751602610001],[5.69215060900007,51.372570038],[5.67877200200007,51.369978292],[5.66539490900004,51.3673850220001],[5.65201933100008,51.3647902290001],[5.63864527000004,51.3621939130001],[5.62527272500006,51.3595960750001],[5.61190169800005,51.356996715],[5.59853218800004,51.3543958330001],[5.58516419600005,51.35179343],[5.57179772400002,51.349189505],[5.55843277100007,51.3465840600001],[5.54506933800008,51.3439770940001],[5.53170742600003,51.341368608],[5.51834703500003,51.338758602],[5.50498816600003,51.3361470770001],[5.49163081900002,51.333534032],[5.47827499500005,51.330919468],[5.46492069500005,51.3283033860001],[5.45156791900007,51.3256857860001],[5.44944638700002,51.325465921]]]},"properties":{"Name":"DE PEEL CTR","Designator":"EHDPD","Type":"CTR","LocalType":"CTR","UpperLimit":3000,"LowerLimit":0,"UpperLimitUnit":"FT","LowerLimitUnit":"FT","Class":"D","name":"DE PEEL CTR"}},{"type":"Feature","geometry":{"type":"Polygon","coordinates":[[[4.79654034300006,51.499575538],[4.79653928300007,51.4995755620001],[4.79580404800004,51.500149365],[4.79507507800002,51.500726264],[4.79435240700008,51.501306233],[4.79363606800007,51.501889245],[4.79292609500004,51.5024752740001],[4.79222252000005,51.503064292],[4.79152537500005,51.5036562720001],[4.79083469300002,51.5042511870001],[4.79015050500004,51.50484901],[4.78947284400004,51.5054497130001],[4.78880173900006,51.5060532680001],[4.78813722200005,51.506659648],[4.78747932500005,51.5072688240001],[4.78682807600006,51.5078807690001],[4.78618350600004,51.5084954540001],[4.78554564400002,51.5091128510001],[4.78491452100008,51.5097329320001],[4.78429016400003,51.510355668],[4.78367260400006,51.510981031],[4.78306186800006,51.5116089910001],[4.78245798400008,51.512239519],[4.78186098000003,51.5128725880001],[4.78127088500003,51.5135081660001],[4.78068772400007,51.514146226],[4.78011152500005,51.5147867380001],[4.77954231400003,51.515429672],[4.77898011700006,51.5160749990001],[4.77842496100004,51.5167226880001],[4.77787687200004,51.5173727110001],[4.77733587300003,51.518025037],[4.77680199000002,51.5186796360001],[4.77627524800005,51.5193364780001],[4.77575567200006,51.519995533],[4.77524328400006,51.5206567700001],[4.77473810800007,51.5213201600001],[4.77424016900005,51.52198567],[4.77374948800002,51.5226532710001],[4.77326608900006,51.523322933],[4.77278999300006,51.5239946230001],[4.77232122200007,51.5246683120001],[4.77185979900003,51.525343967],[4.77140574400005,51.5260215590001],[4.77095907900002,51.526701056],[4.77051982300003,51.527382426],[4.77008799700008,51.528065638],[4.76966362100006,51.5287506610001],[4.76924671500007,51.5294374630001],[4.76883729800005,51.530126013],[4.76843538800006,51.530816278],[4.76804100400005,51.5315082270001],[4.76765416500007,51.532201829],[4.76727488700004,51.5328970510001],[4.76690319000005,51.5335938600001],[4.76653908800006,51.534292226],[4.76618260100003,51.5349921160001],[4.76583374300003,51.5356934970001],[4.76549253100006,51.536396338],[4.76515898000002,51.5371006060001],[4.76483310700007,51.5378062680001],[4.76451492600006,51.5385132930001],[4.76420445100007,51.539221646],[4.76390169700005,51.5399312970001],[4.76360667900002,51.5406422120001],[4.76331940800003,51.541354358],[4.76303990000002,51.542067703],[4.76276816600006,51.5427822140001],[4.76250421900005,51.543497857],[4.76224807200003,51.5442146],[4.76199973500007,51.544932411],[4.76175922100003,51.5456512550001],[4.76152654100002,51.5463710990001],[4.76130170500005,51.547091912],[4.76108472400006,51.5478136580001],[4.76087560700006,51.5485363060001],[4.76067436500006,51.5492598220001],[4.76048100600002,51.5499841720001],[4.76029553900003,51.550709323],[4.76011797400002,51.5514352420001],[4.75994831800006,51.552161895],[4.75978657900004,51.552889249],[4.75963276400006,51.5536172700001],[4.75948688100004,51.5543459260001],[4.75934893600004,51.5550751810001],[4.75921893600002,51.555805003],[4.75909688600007,51.5565353580001],[4.75898279200004,51.557266213],[4.75887666000006,51.557997533],[4.75877849500006,51.558729285],[4.75868830000007,51.559461436],[4.75860608000005,51.560193951],[4.75853183900006,51.560926797],[4.75846558100005,51.56165994],[4.75840730700003,51.5623933470001],[4.75835702200004,51.5631269830001],[4.75831472700003,51.5638608150001],[4.75828042400002,51.564594809],[4.75825411500006,51.5653289310001],[4.75823580100007,51.5660631480001],[4.75822548300005,51.5667974250001],[4.75822316100005,51.5675317280001],[4.75822883600006,51.5682660250001],[4.75824250700003,51.5690002810001],[4.75826417300004,51.569734462],[4.75829383400003,51.570468535],[4.75833148900006,51.5712024650001],[4.75837713400006,51.5719362190001],[4.75843077000007,51.5726697630001],[4.75849239200005,51.5734030630001],[4.75856199800006,51.5741360860001],[4.75863958500003,51.5748687970001],[4.75872514900004,51.575601164],[4.75881868600004,51.576333151],[4.75892019300005,51.577064727],[4.75902966400002,51.5777958560001],[4.75914709400007,51.5785265050001],[4.75927247800007,51.57925664],[4.75940581100002,51.579986229],[4.75954708500007,51.580715237],[4.75969629500003,51.5814436300001],[4.75985343300005,51.5821713760001],[4.76001849300008,51.5828984400001],[4.76019146600004,51.58362479],[4.76037234600005,51.584350391],[4.76056112200007,51.5850752100001],[4.76075778800003,51.5857992140001],[4.76096233300007,51.5865223700001],[4.76117474900008,51.5872446440001],[4.76139502500007,51.5879660030001],[4.76162315200003,51.5886864130001],[4.76185911800007,51.5894058430001],[4.76210291300004,51.5901242570001],[4.76235452600002,51.5908416240001],[4.76261394600004,51.5915579100001],[4.76288115900007,51.5922730830001],[4.76315615400006,51.592987109],[4.76343891900007,51.593699955],[4.76372944000002,51.5944115890001],[4.76402770400006,51.5951219770001],[4.76433369700004,51.5958310880001],[4.76464740500006,51.596538889],[4.76496881300005,51.5972453460001],[4.76529790700005,51.5979504270001],[4.76563467200003,51.5986541010001],[4.76597909200007,51.5993563330001],[4.76633115100003,51.600057093],[4.76669083300004,51.6007563480001],[4.76705812200004,51.601454065],[4.76743300000004,51.6021502130001],[4.76781545000006,51.602844759],[4.76820545500004,51.6035376720001],[4.76860299700007,51.604228919],[4.76900805700006,51.604918469],[4.76942061700004,51.60560629],[4.76984065800002,51.6062923490001],[4.77026815900007,51.606976617],[4.77070310300007,51.607659061],[4.77114546800004,51.6083396490001],[4.77159523500006,51.609018351],[4.77205238200003,51.609695134],[4.77251688800004,51.610369969],[4.77298873300003,51.611042824],[4.77346789400002,51.6117136670001],[4.77395435000005,51.6123824680001],[4.77444807700005,51.6130491960001],[4.77494905300006,51.613713821],[4.77545725600004,51.614376312],[4.77597266100003,51.615036638],[4.77649524500004,51.615694768],[4.77702498400004,51.616350674],[4.77756185300007,51.6170043230001],[4.77810582900003,51.6176556870001],[4.77865688400004,51.618304735],[4.77921499600006,51.6189514380001],[4.77978013600006,51.619595765],[4.78035228100003,51.620237687],[4.78093140200002,51.620877174],[4.78151747400005,51.6215141970001],[4.78211047000002,51.6221487270001],[4.78271036200005,51.6227807340001],[4.78331712200003,51.623410189],[4.78393072300003,51.6240370630001],[4.78455113700005,51.6246613280001],[4.78517833400002,51.6252829540001],[4.78581228600007,51.6259019130001],[4.78645296400003,51.626518177],[4.78710033800007,51.6271317160001],[4.78775437900003,51.6277425040001],[4.78841505600008,51.6283505110001],[4.78908233900006,51.6289557090001],[4.78975619700003,51.6295580720001],[4.79043659900003,51.6301575700001],[4.79112351300006,51.630754177],[4.79181690900003,51.6313478650001],[4.79251675400008,51.6319386070001],[4.79322301600007,51.6325263740001],[4.79393566200002,51.6331111420001],[4.79465466000005,51.6336928810001],[4.79537997600005,51.6342715660001],[4.79611157800002,51.6348471700001],[4.79684943000007,51.6354196670001],[4.79759350000006,51.635989029],[4.79834375300004,51.636555232],[4.79910015500008,51.637118248],[4.79986267100003,51.6376780520001],[4.80063126500005,51.6382346180001],[4.80140590200006,51.63878792],[4.80218654600003,51.639337933],[4.80297316300005,51.6398846320001],[4.80376571400006,51.6404279910001],[4.80456416500004,51.6409679860001],[4.80536847700006,51.6415045910001],[4.80617861400003,51.642037782],[4.80699453900007,51.6425675340001],[4.80781621500006,51.6430938230001],[4.80864360200007,51.6436166240001],[4.80947666400004,51.6441359140001],[4.81031536100005,51.644651669],[4.81115965500004,51.645163864],[4.81200950800007,51.6456724770001],[4.81286488000006,51.646177483],[4.81372573100003,51.6466788600001],[4.81459202300005,51.6471765850001],[4.81546371500002,51.6476706340001],[4.81634076600005,51.6481609840001],[4.81722313800003,51.648647614],[4.81811078800007,51.6491305010001],[4.81900367700007,51.6496096230001],[4.81990176200003,51.6500849560001],[4.82080500300003,51.6505564810001],[4.82171335800007,51.651024174],[4.82262678500007,51.651488015],[4.82354524200002,51.651947981],[4.82446868700004,51.6524040520001],[4.82539707800004,51.6528562070001],[4.82633037100004,51.653304425],[4.82726852300004,51.653748686],[4.82821149100005,51.654188968],[4.82915923300004,51.654625251],[4.83011170300006,51.6550575160001],[4.83106885900003,51.655485743],[4.83203065700008,51.655909912],[4.83299705100006,51.6563300020001],[4.83396799700006,51.656745996],[4.83494345200006,51.6571578740001],[4.83592336900006,51.6575656160001],[4.83690770400005,51.657969204],[4.83789641100003,51.65836862],[4.83888944500006,51.6587638450001],[4.83988676000007,51.6591548600001],[4.84088831000003,51.6595416490001],[4.84189404900008,51.6599241920001],[4.84290393000003,51.6603024730001],[4.84391790800004,51.6606764740001],[4.84493593500002,51.6610461770001],[4.84595796500003,51.6614115670001],[4.84698395000004,51.661772625],[4.84801384400004,51.662129335],[4.84904759800003,51.6624816820001],[4.85008516600004,51.6628296470001],[4.85112649800004,51.6631732170001],[4.85217154900005,51.663512374],[4.85322026800003,51.6638471030001],[4.85427260900002,51.664177389],[4.85532852200004,51.6645032170001],[4.85638795900007,51.6648245710001],[4.85745087100003,51.6651414360001],[4.85851720900007,51.665453799],[4.85958692400004,51.665761645],[4.86065996600007,51.666064959],[4.86173628800003,51.666363727],[4.86281583700003,51.666657936],[4.86389856600005,51.6669475730001],[4.86498442400006,51.6672326230001],[4.86607336100008,51.667513075],[4.86716532800006,51.667788914],[4.86826027200004,51.668060128],[4.86935814500004,51.668326705],[4.87045889600006,51.6685886320001],[4.87156247400003,51.668845898],[4.87266882800003,51.6690984900001],[4.87377790700003,51.669346397],[4.87488966000006,51.669589607],[4.87600403600004,51.66982811],[4.87712098400004,51.6700618930001],[4.87824045100007,51.6702909480001],[4.87936238800006,51.670515262],[4.88048674100003,51.6707348250001],[4.88161345900005,51.6709496290001],[4.88274249100004,51.671159661],[4.88387378400006,51.671364914],[4.88500728600008,51.671565377],[4.88614294400003,51.6717610410001],[4.88728070800005,51.671951898],[4.88842052300004,51.672137938],[4.88956233800008,51.6723191520001],[4.89070610100003,51.6724955330001],[4.89185175700004,51.6726670730001],[4.89299925600005,51.672833763],[4.89414854300003,51.6729955960001],[4.89529956600006,51.6731525640001],[4.89645227200003,51.67330466],[4.89760660700006,51.673451878],[4.89876252000005,51.673594209],[4.89991995500003,51.673731649],[4.90107886100003,51.6738641900001],[4.90223918300006,51.6739918260001],[4.90340086800006,51.674114552],[4.90456386400007,51.6742323610001],[4.90572811500004,51.6743452490001],[4.90689356900003,51.6744532100001],[4.90806017100005,51.674556239],[4.90922786900006,51.674654332],[4.91039660800004,51.674747483],[4.91156633400004,51.6748356900001],[4.91273699500005,51.674918946],[4.91390853400003,51.67499725],[4.91508090000002,51.6750705970001],[4.91625403700004,51.6751389830001],[4.91742789200003,51.675202406],[4.91860241100005,51.6752608630001],[4.91977753900005,51.6753143510001],[4.92095322200004,51.675362867],[4.92212940700006,51.6754064100001],[4.92330603900007,51.6754449760001],[4.92448306400007,51.675478566],[4.92566042700003,51.6755071760001],[4.92683807500003,51.675530806],[4.92801595300006,51.6755494550001],[4.92919400700004,51.675563121],[4.93037218300003,51.6755718050001],[4.93155042600006,51.675575505],[4.93272868200006,51.675574221],[4.93390689800003,51.675567954],[4.93508501700006,51.675556704],[4.93626298800007,51.6755404720001],[4.93744075400002,51.6755192570001],[4.93861826200003,51.675493062],[4.93979545800005,51.675461887],[4.94097228700002,51.6754257330001],[4.94214869500007,51.6753846030001],[4.94332462900007,51.675338498],[4.94450003300005,51.6752874210001],[4.94567485400006,51.6752313740001],[4.94684903700005,51.675170359],[4.94802252900007,51.6751043790001],[4.94919527600007,51.6750334370001],[4.95036722300006,51.6749575370001],[4.95153831600004,51.6748766810001],[4.95270850200006,51.674790875],[4.95387772700008,51.6747001210001],[4.95504593600003,51.6746044240001],[4.95621307700003,51.674503788],[4.95737909400003,51.6743982180001],[4.95854393500002,51.6742877180001],[4.95970754600006,51.6741722950001],[4.96086987400002,51.6740519520001],[4.96203086400004,51.6739266970001],[4.96319046300005,51.6737965340001],[4.96434861800003,51.6736614690001],[4.96550527500006,51.6735215090001],[4.96666038200004,51.67337666],[4.96781388500006,51.6732269280001],[4.96896573100003,51.6730723220001],[4.97011586600007,51.6729128470001],[4.97126423900005,51.6727485120001],[4.97241079500003,51.672579323],[4.97355548300004,51.672405288],[4.97469824900003,51.672226417],[4.97583904000004,51.672042715],[4.97697780500005,51.671854194],[4.97811449100004,51.67166086],[4.97924904600006,51.6714627220001],[4.98038141600006,51.6712597910001],[4.98151155100004,51.671052075],[4.98263939700007,51.6708395840001],[4.98376490400005,51.670622328],[4.98488801900004,51.670400316],[4.98600869000006,51.670173559],[4.98712686600004,51.6699420680001],[4.98824249600005,51.669705852],[4.98935552700004,51.6694649230001],[4.99046590900002,51.669219292],[4.99157359100008,51.668968971],[4.99267852100007,51.6687139700001],[4.99378064900003,51.668454302],[4.99487992400003,51.668189978],[4.99597629500005,51.667921011],[4.99706971200004,51.6676474130001],[4.99816012400004,51.667369197],[4.99924748200004,51.6670863750001],[5.00033173400004,51.666798961],[5.00141283200003,51.666506967],[5.00249072500003,51.666210408],[5.00356536400005,51.6659092960001],[5.00463669900006,51.6656036470001],[5.00570468000006,51.6652934730001],[5.00676926000006,51.664978789],[5.00783038800006,51.6646596100001],[5.00888801600007,51.6643359500001],[5.00994209500004,51.6640078240001],[5.01099257600004,51.6636752470001],[5.01203941200004,51.663338235],[5.01308255300006,51.6629968030001],[5.01412195300003,51.662650968],[5.01515756200007,51.662300744],[5.01618933400005,51.661946147],[5.01721722000002,51.661587195],[5.01824117400002,51.6612239040001],[5.01926114800006,51.6608562910001],[5.02027709500004,51.660484372],[5.02128896900007,51.6601081640001],[5.02229672300007,51.6597276860001],[5.02330031000002,51.6593429530001],[5.02429968400003,51.658953985],[5.02529480000004,51.658560799],[5.02628561100005,51.6581634140001],[5.02727207200007,51.6577618470001],[5.02825413700003,51.6573561160001],[5.02923176100006,51.6569462420001],[5.03020489900007,51.656532242],[5.03117350600007,51.6561141350001],[5.03213753800003,51.655691942],[5.03309695000007,51.6552656810001],[5.03405169900003,51.654835371],[5.03500173900005,51.654401034],[5.03594702700002,51.653962688],[5.03688752100004,51.6535203550001],[5.03782317500003,51.6530740530001],[5.03875394800002,51.6526238050001],[5.03967979700008,51.6521696300001],[5.04060067800003,51.6517115500001],[5.04151655000004,51.6512495850001],[5.04242736900005,51.650783758],[5.04333309600003,51.6503140880001],[5.04423368600004,51.6498405990001],[5.04512910000005,51.649363312],[5.04601929600005,51.6488822480001],[5.04690423200003,51.64839743],[5.04778386800007,51.647908881],[5.04865816400007,51.647416623],[5.04952708000008,51.6469206780001],[5.05039057400006,51.646421069],[5.05124860800004,51.6459178200001],[5.05210114200003,51.6454109530001],[5.05294813700004,51.644900492],[5.05378955300006,51.6443864600001],[5.05462535200007,51.643868882],[5.05545549600004,51.6433477800001],[5.05627994600007,51.6428231790001],[5.05709866400002,51.642295104],[5.05791161300004,51.6417635770001],[5.05871875500003,51.6412286250001],[5.05952005200004,51.640690271],[5.06031546900005,51.64014854],[5.06110496800005,51.6396034570001],[5.06188851300004,51.639055048],[5.06266606800006,51.6385033380001],[5.06343759700007,51.637948351],[5.06420306400003,51.637390114],[5.06496243500004,51.6368286530001],[5.06571567400005,51.6362639920001],[5.06646274700006,51.6356961590001],[5.06720361900005,51.6351251790001],[5.06793825600005,51.6345510790001],[5.06866662400006,51.6339738840001],[5.06938869000004,51.633393622],[5.07010442000006,51.63281032],[5.07081378200007,51.6322240040001],[5.07151674300007,51.6316347010001],[5.07221327000002,51.6310424390001],[5.07290333200007,51.630447244],[5.07358689600005,51.629849144],[5.07426393100008,51.6292481670001],[5.07493440600007,51.6286443400001],[5.07559829000007,51.6280376920001],[5.07625555200002,51.627428249],[5.07690616300005,51.6268160400001],[5.07755009200002,51.6262010940001],[5.07818730900004,51.6255834390001],[5.07881778600006,51.624963102],[5.07944149300005,51.6243401130001],[5.08005840100003,51.6237145010001],[5.08066848200002,51.6230862940001],[5.08127170800003,51.6224555210001],[5.08186805100007,51.6218222110001],[5.08245748400003,51.6211863930001],[5.08303998000002,51.620548097],[5.08361551100006,51.619907352],[5.08418405100002,51.619264188],[5.08474557400007,51.618618633],[5.08530005400007,51.617970719],[5.08584746600008,51.6173204740001],[5.08638778500006,51.6166679290001],[5.08692098400007,51.6160131140001],[5.08744704100008,51.6153560590001],[5.08796593100004,51.6146967940001],[5.08847762900007,51.6140353490001],[5.08898211200005,51.6133717550001],[5.08947935800006,51.6127060430001],[5.08996934200007,51.612038243],[5.09045204300003,51.611368387],[5.09092743800005,51.610696504],[5.09139550600003,51.6100226250001],[5.09185622500007,51.609346783],[5.09230957300002,51.6086690070001],[5.09275553000003,51.6079893300001],[5.09319407500004,51.6073077820001],[5.09362518800003,51.606624395],[5.09404884900005,51.6059392000001],[5.09446503900006,51.605252229],[5.09487373800005,51.6045635140001],[5.09527492800004,51.6038730860001],[5.09566859000006,51.6031809770001],[5.09605470600007,51.6024872190001],[5.09643325900004,51.601791844],[5.09680423000003,51.6010948840001],[5.09716760200007,51.600396371],[5.09752336000003,51.5996963370001],[5.09787148700002,51.598994814],[5.09821196600006,51.5982918350001],[5.09854478100004,51.5975874320001],[5.09886991900004,51.5968816380001],[5.09918736300006,51.5961744850001],[5.09949709800003,51.595466006],[5.09979911200003,51.5947562330001],[5.10009338900005,51.594045199],[5.10037991700005,51.5933329360001],[5.10065868100003,51.5926194780001],[5.10092967000003,51.5919048580001],[5.10119287100002,51.591189107],[5.10144827100004,51.5904722610001],[5.10169585800003,51.5897543500001],[5.10193562300003,51.5890354090001],[5.10216755200003,51.5883154700001],[5.10239163600005,51.5875945670001],[5.10260786500004,51.5868727320001],[5.10281622800005,51.58615],[5.10301671600007,51.585426403],[5.10320931900003,51.584701975],[5.10339402900007,51.583976749],[5.10357083800005,51.5832507580001],[5.10373973600002,51.5825240360001],[5.10390071600006,51.5817966170001],[5.10405377200004,51.5810685330001],[5.10419889500002,51.5803398190001],[5.10433608000005,51.579610508],[5.10446531900004,51.578880633],[5.10458660700004,51.5781502290001],[5.10469993800007,51.5774193280001],[5.10480530700005,51.5766879650001],[5.10490271000003,51.5759561730001],[5.10499214100003,51.575223986],[5.10507359700006,51.5744914380001],[5.10514707400006,51.5737585620001],[5.10521256800007,51.573025392],[5.10527007600007,51.5722919620001],[5.10531959600007,51.571558306],[5.10536112600005,51.5708244570001],[5.10539466400007,51.5700904490001],[5.10542020700007,51.569356316],[5.10543775500003,51.568622093],[5.10544730800007,51.567887812],[5.10544886400004,51.5671535070001],[5.10544242300006,51.5664192130001],[5.10542798600005,51.5656849630001],[5.10540555400007,51.5649507910001],[5.10537512800005,51.5642167300001],[5.10533670800004,51.563482816],[5.10529029700007,51.5627490800001],[5.10523589700006,51.562015558],[5.10517351000004,51.561282283],[5.10510314000004,51.5605492880001],[5.10502478900003,51.5598166090001],[5.10493846100007,51.5590842770001],[5.10484416000003,51.5583523270001],[5.10474189000007,51.5576207930001],[5.10463165700003,51.5568897090001],[5.10451346500003,51.556159107],[5.10438731900007,51.555429023],[5.10425322600003,51.554699488],[5.10411119200006,51.553970538],[5.10396122200007,51.5532422050001],[5.10380332500006,51.5525145230001],[5.10363750700003,51.5517875260001],[5.10346377600007,51.5510612460001],[5.10328214000003,51.550335719],[5.10309260700006,51.5496109760001],[5.10289518700006,51.5488870520001],[5.10268988700005,51.548163979],[5.10247671900004,51.547441791],[5.10225569000005,51.546720522],[5.10202681300007,51.5460002040001],[5.10179009600006,51.5452808700001],[5.10154555100007,51.544562555],[5.10129319000004,51.54384529],[5.10103302400006,51.5431291090001],[5.10076506500008,51.542414045],[5.10048932500007,51.54170013],[5.10020581700007,51.5409873990001],[5.09991455400007,51.540275883],[5.09961554900002,51.5395656150001],[5.09930881700006,51.5388566280001],[5.09899437100006,51.5381489550001],[5.09867222600008,51.5374426280001],[5.09834239700007,51.53673768],[5.09800489800006,51.536034144],[5.09765974600003,51.5353320500001],[5.09730695600007,51.5346314330001],[5.09694654500004,51.533932324],[5.09657852800007,51.5332347560001],[5.09620292400007,51.5325387600001],[5.09581975000003,51.5318443690001],[5.09542902200008,51.5311516150001],[5.09503076000004,51.530460529],[5.09462498100004,51.5297711430001],[5.09421170400003,51.5290834890001],[5.09379094800005,51.5283976000001],[5.09336273200006,51.5277135060001],[5.09292707700007,51.5270312380001],[5.09248400200005,51.5263508290001],[5.09203352800006,51.5256723100001],[5.09157567500006,51.524995711],[5.09111046500004,51.524321065],[5.09063791900007,51.523648402],[5.09015805800004,51.5229777530001],[5.08967090500005,51.5223091490001],[5.08917648300007,51.5216426200001],[5.08867481300007,51.5209781990001],[5.08816592000005,51.520315914],[5.08764982700006,51.519655797],[5.08712655600004,51.5189978780001],[5.08659613300006,51.5183421880001],[5.08605858200002,51.517688756],[5.08551392800007,51.5170376120001],[5.08496219500006,51.516388787],[5.08440341000005,51.5157423110001],[5.08383759700007,51.515098213],[5.08326478400005,51.514456523],[5.08268499500002,51.5138172710001],[5.08209825900002,51.5131804850001],[5.08150460200005,51.5125461960001],[5.08090405100006,51.511914432],[5.08029663400004,51.5112852230001],[5.07968238000007,51.510658597],[5.07906131500005,51.510034584],[5.07843347000005,51.509413212],[5.07779887200007,51.508794509],[5.07715755200007,51.508178506],[5.07650953800004,51.507565228],[5.07585486000005,51.506954706],[5.07519354900006,51.5063469670001],[5.07452563600003,51.5057420380001],[5.07385115000005,51.5051399490001],[5.07317012300007,51.5045407260001],[5.07248258600004,51.503944398],[5.07178857100007,51.503350991],[5.07108811100005,51.5027605330001],[5.07038123600006,51.5021730510001],[5.06966798000008,51.501588573],[5.06894837600004,51.5010071250001],[5.06822245600006,51.500428733],[5.06749025400006,51.4998534260001],[5.06675180500002,51.499281228],[5.06600714100006,51.4987121670001],[5.06525629800007,51.4981462690001],[5.06449930900004,51.4975835590001],[5.06373621000006,51.4970240640001],[5.06296703600003,51.4964678100001],[5.06219182200005,51.495914822],[5.06141060400006,51.495365125],[5.06062341700004,51.494818745],[5.05983029900005,51.4942757060001],[5.05903128600005,51.493736035],[5.05822641400005,51.4931997560001],[5.05741572100004,51.4926668940001],[5.05659924400004,51.4921374720001],[5.05577702000005,51.491611516],[5.05494908700007,51.49108905],[5.05411548400002,51.490570097],[5.05327624900002,51.490054683],[5.05243142100005,51.4895428290001],[5.05158103800005,51.489034561],[5.05072514000005,51.488529901],[5.04986376600004,51.4880288730001],[5.04899695500006,51.4875314990001],[5.04812474800002,51.4870378040001],[5.04724718500006,51.4865478080001],[5.04636430700003,51.4860615360001],[5.04547615300004,51.4855790080001],[5.04458276500003,51.485100249],[5.04368418400003,51.4846252790001],[5.04278045100006,51.4841541210001],[5.04187160900005,51.483686795],[5.04095769800006,51.483223325],[5.04003876200005,51.482763731],[5.03911484100007,51.482308033],[5.03911400100003,51.4823080040001],[5.03896218700004,51.482371336],[5.04006111100006,51.485005556],[5.04017777800004,51.486488889],[5.03865555600004,51.486530556],[5.03883055600005,51.4870861110001],[5.03544444400006,51.4873805560001],[5.03318055600005,51.4873027780001],[5.03303611100006,51.4864250000001],[5.03226388900003,51.4857777780001],[5.03053055600003,51.4854500000001],[5.02892222200006,51.4843472220001],[5.02765833300003,51.483791667],[5.02617777800003,51.483483333],[5.02596388900002,51.4832416670001],[5.02549166700004,51.4832027780001],[5.02410277800004,51.4825361110001],[5.02357777800006,51.482055556],[5.02238888900007,51.481722222],[5.02142777800003,51.481052778],[5.02090277800005,51.479938889],[5.01998055600006,51.4790444440001],[5.01998611100004,51.478841667],[5.01943333300005,51.478525],[5.01929166700006,51.4781222220001],[5.01884722200003,51.477886111],[5.01893055600004,51.4776444440001],[5.01835000000005,51.476908333],[5.01695833300005,51.4755527780001],[5.01643611100008,51.475505556],[5.01662500000003,51.4752111110001],[5.01082777800002,51.472263889],[5.01011369500003,51.4709011130001],[5.01023200600002,51.4708391190001],[5.01023262000007,51.4708391520001],[5.00918390600003,51.4705111530001],[5.00813165900007,51.470187578],[5.00707592700007,51.4698684420001],[5.00601675800004,51.469553761],[5.00495420100003,51.4692435470001],[5.00388830300005,51.468937817],[5.00281911500002,51.468636583],[5.00174668400007,51.4683398590001],[5.00067106000006,51.468047659],[4.99959229200005,51.467759996],[4.99851042900002,51.4674768840001],[4.99742552000004,51.467198335],[4.99633761500007,51.4669243610001],[4.99524676400006,51.4666549770001],[4.99415301600004,51.4663901930001],[4.99305642200005,51.4661300220001],[4.99195703200007,51.4658744750001],[4.99085489500004,51.465623566],[4.98975006300003,51.4653773040001],[4.98864258500004,51.4651357010001],[4.98753251200003,51.4648987680001],[4.98641989600003,51.4646665170001],[4.98530478600003,51.464438957],[4.98418723300006,51.4642160990001],[4.98306729000006,51.463997953],[4.98194500600005,51.4637845300001],[4.98082043300008,51.4635758380001],[4.97969362300006,51.463371888],[4.97856462700003,51.463172688],[4.97743349700005,51.4629782490001],[4.97630028300006,51.4627885780001],[4.97516503900005,51.462603684],[4.97402781500006,51.462423577],[4.97288866500003,51.462248263],[4.97174763900006,51.462077752],[4.97060479000004,51.4619120500001],[4.96946017000005,51.4617511660001],[4.96831383100005,51.4615951070001],[4.96716582600004,51.4614438790001],[4.96601620800004,51.461297491],[4.96486502800008,51.4611559480001],[4.96371234000003,51.461019257],[4.96255819500004,51.4608874240001],[4.96140264700006,51.4607604550001],[4.96024574900002,51.4606383560001],[4.95908755300007,51.460521133],[4.95792811200005,51.4604087910001],[4.95676748000005,51.4603013350001],[4.95560570800006,51.4601987710001],[4.95444285100007,51.4601011010001],[4.95327896100002,51.460008332],[4.95211409200004,51.4599204680001],[4.95094829600004,51.459837511],[4.94978162800004,51.459759467],[4.94861414000007,51.459686339],[4.94744588500004,51.4596181300001],[4.94627691700003,51.459554843],[4.94510729000007,51.459496481],[4.94393705700003,51.459443047],[4.94276627000005,51.459394543],[4.94159498500005,51.459350972],[4.94042325400005,51.459312335],[4.93925113000006,51.459278634],[4.93807866800006,51.4592498710001],[4.93690592100006,51.4592260470001],[4.93573294200007,51.459207163],[4.93455978500003,51.4591932210001],[4.93338650400005,51.4591842190001],[4.93221315100004,51.4591801600001],[4.93103978200003,51.4591810430001],[4.92986644900003,51.4591868680001],[4.92869320600005,51.4591976350001],[4.92752010700002,51.459213344],[4.92634720400002,51.4592339930001],[4.92517455300003,51.4592595820001],[4.92400220500002,51.45929011],[4.92283021600002,51.459325575],[4.92165863800005,51.459365975],[4.92048752500006,51.4594113090001],[4.91931693000004,51.459461575],[4.91814690700005,51.459516771],[4.91697750900005,51.4595768930001],[4.91580879000003,51.4596419390001],[4.91464080300005,51.4597119060001],[4.91347360200007,51.4597867910001],[4.91230723900003,51.459866591],[4.91114176800005,51.459951302],[4.90997724300007,51.4600409190001],[4.90881371600005,51.46013544],[4.90765124100005,51.4602348590001],[4.90648987000003,51.460339172],[4.90532965700004,51.4604483750001],[4.90417065500003,51.4605624610001],[4.90301291700007,51.4606814270001],[4.90185649500006,51.4608052670001],[4.90070144300006,51.4609339740001],[4.89954781200004,51.4610675440001],[4.89839565700004,51.46120597],[4.89724502900003,51.4613492450001],[4.89609598100003,51.461497363],[4.89494856600004,51.4616503180001],[4.89380283600002,51.4618081030001],[4.89265884200006,51.4619707090001],[4.89151663900003,51.46213813],[4.89037627700003,51.4623103590001],[4.88923780900006,51.4624873860001],[4.88810128700004,51.4626692050001],[4.88696676200004,51.4628558060001],[4.88583428700002,51.4630471820001],[4.88470391300007,51.4632433240001],[4.88357569200002,51.4634442220001],[4.88244967600002,51.4636498680001],[4.88132591500005,51.463860251],[4.88020446200005,51.4640753630001],[4.87908536700007,51.464295194],[4.87796868100003,51.464519733],[4.87685445700004,51.4647489710001],[4.87574274300005,51.464982897],[4.87463359200007,51.4652214990001],[4.87352705400002,51.4654647680001],[4.87242317900007,51.4657126920001],[4.87132201800006,51.4659652600001],[4.87022362100004,51.46622246],[4.86912803800004,51.4664842810001],[4.86803532000005,51.466750711],[4.86694551600004,51.467021736],[4.86585867600007,51.4672973460001],[4.86477485000006,51.467577528],[4.86369408700006,51.467862268],[4.86261643600005,51.468151553],[4.86154194800002,51.468445371],[4.86047067000004,51.468743708],[4.85940265200003,51.4690465510001],[4.85833794300004,51.469353885],[4.85727659100007,51.469665696],[4.85621864400002,51.469981971],[4.85516415200004,51.4703026940001],[4.85411316200003,51.4706278520001],[4.85306572200005,51.4709574290001],[4.85202188000005,51.471291411],[4.85098168400003,51.471629781],[4.84994518100007,51.4719725250001],[4.84891241900004,51.472319627],[4.84788344400005,51.472671071],[4.84685830500007,51.47302684],[4.84583704600004,51.4733869200001],[4.84481971700006,51.4737512930001],[4.84380636100002,51.4741199430001],[4.84279702700007,51.474492852],[4.84179176000004,51.4748700040001],[4.84079060600004,51.4752513820001],[4.83979361100006,51.4756369680001],[4.83979433200005,51.4756369360001],[4.83998011800003,51.4756156280001],[4.84031666700002,51.47855],[4.84186111100007,51.4807750000001],[4.83970277800006,51.481183333],[4.83761388900007,51.4819416670001],[4.83510555600003,51.482147222],[4.83156388900005,51.481775],[4.82877222200005,51.4817555560001],[4.82483888900003,51.482133333],[4.82088611100005,51.483141667],[4.82094166700006,51.483366667],[4.82047777800005,51.4841305560001],[4.82016944400004,51.4859666670001],[4.81838055600002,51.487705556],[4.81737500000003,51.489133333],[4.81754722200003,51.489333333],[4.81767777800007,51.4905055560001],[4.81818333300004,51.4910972220001],[4.81750555600007,51.493022222],[4.81661111100004,51.494041667],[4.81566666700007,51.494613889],[4.81328888900003,51.495486111],[4.81183888900006,51.4955055560001],[4.81114444400004,51.4956194440001],[4.81110000000007,51.495894444],[4.80965277800004,51.495944444],[4.80811666700004,51.4968944440001],[4.80774166700007,51.4966166670001],[4.80717500000003,51.496636111],[4.80693888900004,51.4969944440001],[4.80664722200004,51.496888889],[4.80653888900002,51.497094444],[4.80554166700006,51.497308333],[4.80556388900004,51.497616667],[4.80459166700007,51.497588889],[4.80378333300007,51.4978444440001],[4.80361666700003,51.497680556],[4.80319166700002,51.4978472220001],[4.80292500000007,51.497480556],[4.80238611100003,51.497533333],[4.80200000000002,51.4976750000001],[4.80208611100005,51.497944444],[4.80177500000002,51.498341667],[4.79795000000007,51.499811111],[4.79657192900004,51.4994537380001],[4.79654034300006,51.499575538]]]},"properties":{"Name":"GILZE-RIJEN CTR","Designator":"EHGRD","Type":"CTR","LocalType":"CTR","UpperLimit":3000,"LowerLimit":0,"UpperLimitUnit":"FT","LowerLimitUnit":"FT","Class":"D","name":"GILZE-RIJEN CTR"}},{"type":"Feature","geometry":{"type":"Polygon","coordinates":[[[4.92557222200003,52.9871055560001],[4.92605920300002,52.9866081660001],[4.92675233500006,52.986019291],[4.92743894200004,52.9854276310001],[4.92811899300006,52.9848332120001],[4.92879245900002,52.9842360600001],[4.92945930800005,52.9836362030001],[4.93011951200003,52.983033666],[4.93077304000008,52.982428478],[4.93141986400002,52.9818206640001],[4.93205995400007,52.981210252],[4.93269328300005,52.98059727],[4.93331982200004,52.979981744],[4.93393954200008,52.9793637020001],[4.93455241700002,52.9787431720001],[4.93515841800007,52.9781201820001],[4.93575752000004,52.977494758],[4.93634969400006,52.97686693],[4.93693491500005,52.976236725],[4.93751315700007,52.975604171],[4.93808439400004,52.974969296],[4.93864859900003,52.9743321290001],[4.93920574900005,52.973692699],[4.93975581800004,52.973051033],[4.94029878200007,52.972407161],[4.94083461600007,52.971761111],[4.94136329700007,52.9711129120001],[4.94188480000003,52.970462592],[4.94239910400006,52.9698101820001],[4.94290618300005,52.9691557100001],[4.94340601700003,52.9684992050001],[4.94389858300002,52.967840697],[4.94438385800004,52.9671802140001],[4.94486182200006,52.966517787],[4.94533245200006,52.9658534450001],[4.94579572800006,52.965187218],[4.94625162900007,52.964519135],[4.94670013500007,52.963849227],[4.94714122600004,52.9631775220001],[4.94757488100004,52.962504052],[4.94800108300007,52.9618288450001],[4.94841981000008,52.9611519330001],[4.94883104600007,52.9604733460001],[4.94923477200007,52.959793113],[4.94963096900005,52.959111266],[4.95001962000003,52.9584278340001],[4.95040070800007,52.9577428480001],[4.95077421500002,52.957056338],[4.95114012500005,52.9563683360001],[4.95149842100005,52.9556788720001],[4.95184908900006,52.954987977],[4.95219211100004,52.9542956820001],[4.95252747200004,52.953602017],[4.95285515900002,52.9529070130001],[4.95317515500005,52.9522107020001],[4.95348744700004,52.9515131140001],[4.95379202100003,52.9508142810001],[4.95408886300004,52.9501142340001],[4.95437796000004,52.9494130040001],[4.95465929900007,52.9487106230001],[4.95493286800007,52.948007121],[4.95519865300002,52.9473025300001],[4.95545664500003,52.946596883],[4.95570683000005,52.945890209],[4.95594919800004,52.9451825410001],[4.95618373700006,52.9444739100001],[4.95641043900002,52.9437643480001],[4.95662929100007,52.943053886],[4.95684028500006,52.9423425570001],[4.95704341200008,52.941630391],[4.95723866100008,52.940917422],[4.95742602500007,52.9402036800001],[4.95760549500005,52.9394891970001],[4.95777706200005,52.9387740060001],[4.95794072100006,52.938058138],[4.95809646200007,52.937341626],[4.95824427900004,52.9366245000001],[4.95838416600003,52.9359067940001],[4.95851611600006,52.9351885390001],[4.95864012300007,52.9344697670001],[4.95875618200006,52.93375051],[4.95886428800003,52.933030801],[4.95896443500004,52.932310672],[4.95905662000007,52.931590154],[4.95914083800005,52.9308692810001],[4.95921708600002,52.9301480830001],[4.95928536000002,52.9294265930001],[4.95934565700003,52.928704844],[4.95939797400007,52.9279828680001],[4.95944230900005,52.9272606960001],[4.95947866000006,52.926538362],[4.95950702500005,52.9258158970001],[4.95952740400003,52.9250933340001],[4.95953979500007,52.9243707040001],[4.95954419700007,52.92364804],[4.95954061100002,52.922925375],[4.95952903700004,52.922202741],[4.95950947400007,52.9214801690001],[4.95948192500003,52.920757693],[4.95944639000004,52.9200353430001],[4.95940287100007,52.9193131540001],[4.95935137000004,52.918591156],[4.95929188800005,52.917869382],[4.95922443000006,52.9171478650001],[4.95914899700006,52.916426636],[4.95906559300005,52.915705727],[4.95897422200005,52.9149851720001],[4.95887488800003,52.914265001],[4.95876759600003,52.913545248],[4.95865234900003,52.9128259440001],[4.95852915400008,52.9121071210001],[4.95839801600005,52.9113888110001],[4.95825894000006,52.9106710470001],[4.95811193300005,52.9099538610001],[4.95795700100007,52.909237284],[4.95779415200008,52.9085213490001],[4.95762339200007,52.907806087],[4.95744473000002,52.907091531],[4.95725817200002,52.9063777120001],[4.95706372800004,52.905664662],[4.95686140700008,52.904952413],[4.95665121600007,52.904240997],[4.95643316600007,52.9035304450001],[4.95620726700002,52.9028207900001],[4.95597352800007,52.9021120620001],[4.95573195900005,52.901404294],[4.95548257300004,52.900697517],[4.95522537900007,52.8999917630001],[4.95496038900006,52.899287063],[4.95468761500007,52.8985834480001],[4.95440707000006,52.897880951],[4.95411876500003,52.8971796020001],[4.95382271400007,52.896479432],[4.95351893000003,52.895780474],[4.95320742600006,52.8950827580001],[4.95288821600008,52.8943863150001],[4.95256131500003,52.8936911760001],[4.95222673700005,52.8929973730001],[4.95188449700004,52.8923049360001],[4.95153461100006,52.8916138960001],[4.95117709300007,52.8909242840001],[4.95081196100006,52.8902361310001],[4.95043922900004,52.889549468],[4.95005891600005,52.888864325],[4.94967103700003,52.8881807330001],[4.94927561000003,52.887498722],[4.94887265300002,52.8868183230001],[4.94846218400005,52.8861395660001],[4.94804422100003,52.885462481],[4.94761878300005,52.8847870990001],[4.94718588800004,52.88411345],[4.94674555600005,52.8834415640001],[4.94629780700006,52.8827714700001],[4.94584266100003,52.882103199],[4.94538013800008,52.881436781],[4.94491025800005,52.8807722450001],[4.94443304300006,52.880109621],[4.94394851400006,52.879448939],[4.94345669300003,52.8787902270001],[4.94295760100005,52.878133516],[4.94245126000004,52.877478835],[4.94193769400005,52.876826212],[4.94141692600004,52.876175678],[4.94088897700004,52.8755272610001],[4.94035387300005,52.8748809900001],[4.93981163700005,52.874236894],[4.93926229300007,52.8735950010001],[4.93870586600002,52.8729553410001],[4.93814238000004,52.8723179420001],[4.93757186100004,52.871682831],[4.93699433400008,52.8710500390001],[4.93640982500006,52.8704195920001],[4.93581836000004,52.86979152],[4.93521996500004,52.8691658490001],[4.93461466800005,52.868542609],[4.93400249400003,52.867921826],[4.93338347200006,52.867303529],[4.93275762900004,52.866687744],[4.93212499300006,52.8660745010001],[4.93148559200006,52.8654638250001],[4.93083945500007,52.8648557450001],[4.93018661100007,52.8642502870001],[4.92952708800004,52.8636474780001],[4.92886091700007,52.863047345],[4.92818812600007,52.8624499160001],[4.92750874700005,52.861855216],[4.92682280800005,52.8612632730001],[4.92613034200002,52.860674112],[4.92543137800004,52.8600877600001],[4.92472594800006,52.8595042430001],[4.92401408400002,52.858923588],[4.92329581700005,52.8583458200001],[4.92257117900004,52.8577709640001],[4.92184020300004,52.8571990470001],[4.92110292100006,52.8566300940001],[4.92035936700006,52.856064131],[4.91960957200007,52.8555011820001],[4.91885357200005,52.8549412730001],[4.91809139900005,52.854384429],[4.91732308700006,52.853830675],[4.91654867200003,52.8532800350001],[4.91576818700003,52.852732534],[4.91498166700006,52.852188196],[4.91418914700006,52.851647047],[4.91339066400008,52.851109109],[4.91258625100005,52.8505744060001],[4.91177594600003,52.8500429640001],[4.91095978400006,52.8495148050001],[4.91013780200007,52.8489899530001],[4.90931003700007,52.8484684320001],[4.90847652500003,52.8479502640001],[4.90763730400005,52.8474354730001],[4.90679241100003,52.846924082],[4.90594188400007,52.8464161140001],[4.90508576100007,52.8459115910001],[4.90422408000006,52.845410536],[4.90335687900006,52.844912971],[4.90248419800002,52.844418918],[4.90160607400003,52.8439284],[4.90072254800003,52.8434414390001],[4.89983365900002,52.8429580550001],[4.89893944600004,52.8424782710001],[4.89803995000005,52.842002108],[4.89713521000004,52.8415295880001],[4.89622526600004,52.84106073],[4.89531016100005,52.8405955580001],[4.89438993400006,52.84013409],[4.89346462600002,52.8396763480001],[4.89253427800003,52.839222352],[4.89159893300007,52.8387721230001],[4.89065863200005,52.8383256800001],[4.88971341700005,52.837883043],[4.88876333000007,52.837444233],[4.88780841400006,52.837009268],[4.88684871100003,52.8365781690001],[4.88588426300004,52.8361509540001],[4.88491511500007,52.8357276420001],[4.88394130900002,52.8353082530001],[4.88296288900005,52.834892805],[4.88197989800005,52.834481317],[4.88099238000007,52.834073806],[4.88000038000007,52.8336702920001],[4.87900394200005,52.8332707920001],[4.87800310900008,52.832875324],[4.87699792700005,52.8324839050001],[4.87598844100006,52.832096554],[4.87497469600004,52.8317132870001],[4.87395673600003,52.831334122],[4.87293460800004,52.8309590750001],[4.87190835700005,52.8305881630001],[4.87087802900004,52.830221404],[4.86984366900003,52.8298588120001],[4.86880532500004,52.829500404],[4.86776304100005,52.8291461970001],[4.86671686600005,52.828796206],[4.86566684500002,52.8284504470001],[4.86461302500004,52.828108935],[4.86355545400005,52.8277716850001],[4.86249417800002,52.827438713],[4.86142924600006,52.8271100330001],[4.86036070300003,52.82678566],[4.85928859900002,52.826465608],[4.85821298100007,52.826149892],[4.85713389700004,52.825838527],[4.85605139500007,52.825531524],[4.85496552400002,52.8252289000001],[4.85387633200003,52.8249306660001],[4.85278386700003,52.8246368360001],[4.85168817800007,52.8243474240001],[4.85058931500004,52.8240624420001],[4.84948732600003,52.8237819030001],[4.84838226100004,52.82350582],[4.84727416800007,52.8232342040001],[4.84616309800003,52.8229670690001],[4.84504909900005,52.822704425],[4.84393222300002,52.8224462850001],[4.84281251700003,52.82219266],[4.84169003300002,52.8219435620001],[4.84056482000005,52.8216990010001],[4.83943692900004,52.8214589890001],[4.83830641000003,52.8212235350001],[4.83717331400004,52.820992652],[4.83603769000007,52.8207663480001],[4.83489959100007,52.820544635],[4.83375906500004,52.8203275220001],[4.83261616600004,52.8201150180001],[4.83147094200007,52.8199071340001],[4.83032344700007,52.819703878],[4.82917373000004,52.819505259],[4.82802184300004,52.8193112870001],[4.82686783800006,52.81912197],[4.82571176600004,52.8189373170001],[4.82455367800003,52.818757335],[4.82339362700003,52.818582033],[4.82223166400007,52.818411419],[4.82106784000007,52.8182455],[4.81990220900002,52.8180842830001],[4.81873482100002,52.817927776],[4.81756573000007,52.8177759860001],[4.81639498600003,52.8176289200001],[4.81522264300003,52.8174865840001],[4.81404875300007,52.817348984],[4.81287336800006,52.8172161270001],[4.81169654100006,52.817088019],[4.81051832300005,52.8169646650001],[4.80933876900002,52.8168460700001],[4.80815793000005,52.8167322410001],[4.80697585900003,52.8166231820001],[4.80579260800005,52.816518898],[4.80460823200002,52.816419393],[4.80342278100005,52.8163246730001],[4.80223631100006,52.8162347410001],[4.80104887200002,52.8161496010001],[4.79986051900005,52.816069258],[4.79867130400004,52.8159937140001],[4.79748128100005,52.815922974],[4.79629050200003,52.81585704],[4.79509902200004,52.8157959150001],[4.79390689100006,52.8157396010001],[4.79271416600005,52.8156881030001],[4.79152089700005,52.8156414210001],[4.79032713900006,52.815599558],[4.78913294500006,52.8155625160001],[4.78793836800003,52.8155302960001],[4.78674346200006,52.8155029000001],[4.78554827900007,52.8154803290001],[4.78435287400004,52.815462584],[4.78315729900004,52.8154496650001],[4.78196160800007,52.8154415750001],[4.78076585400004,52.815438312],[4.77957009100004,52.815439876],[4.77837437200003,52.8154462690001],[4.77717875000008,52.815457489],[4.77598327900006,52.8154735370001],[4.77478801200004,52.81549441],[4.77359300200004,52.8155201100001],[4.77239830300005,52.815550633],[4.77120396800007,52.815585979],[4.77001005100004,52.815626147],[4.76881660400005,52.8156711340001],[4.76762368100003,52.815720938],[4.76643133600004,52.815775558],[4.76523962000005,52.815834991],[4.76404858900003,52.815899234],[4.76285829400007,52.8159682850001],[4.76166878800007,52.816042139],[4.76048012600006,52.8161207950001],[4.75929236000007,52.8162042480001],[4.75810554300006,52.816292494],[4.75691972800007,52.816385531],[4.75573496700002,52.8164833530001],[4.75455131500007,52.816585957],[4.75336882300007,52.8166933370001],[4.75218754400004,52.816805489],[4.75100753200007,52.816922408],[4.74982883800004,52.817044088],[4.74865151600005,52.8171705250001],[4.74747561800007,52.8173017130001],[4.74630119600005,52.817437645],[4.74512830300006,52.817578316],[4.74395699100006,52.8177237190001],[4.74278731200008,52.817873848],[4.74161931900005,52.818028697],[4.74045306400006,52.818188257],[4.73928859900008,52.818352523],[4.73812597500006,52.8185214870001],[4.73696524600007,52.818695141],[4.73580646100004,52.8188734770001],[4.73464967400002,52.819056489],[4.73349493600006,52.819244166],[4.73234229900004,52.819436502],[4.73119181300007,52.819633487],[4.73004353000005,52.8198351130001],[4.72889750100006,52.8200413700001],[4.72775377900007,52.8202522500001],[4.72661241300005,52.8204677430001],[4.72547345400005,52.8206878400001],[4.72433695400002,52.82091253],[4.72320296300006,52.821141804],[4.72207153100004,52.821375651],[4.72094271000003,52.821614061],[4.71981655000008,52.8218570230001],[4.71869310000005,52.822104526],[4.71757241100005,52.822356561],[4.71645453400004,52.822613114],[4.71533951700007,52.822874175],[4.71422741100002,52.8231397320001],[4.71311826600004,52.823409773],[4.71201213000006,52.8236842860001],[4.71090905300002,52.823963259],[4.70980908500007,52.82424668],[4.70871227400005,52.8245345350001],[4.70761867000004,52.824826812],[4.70652832100006,52.825123498],[4.70544127600004,52.8254245800001],[4.70435758400004,52.8257300440001],[4.70327729200005,52.826039877],[4.70220044900003,52.826354064],[4.70112710400002,52.8266725920001],[4.70005730300005,52.8269954470001],[4.69899109600004,52.8273226140001],[4.69792852800003,52.8276540780001],[4.69686964800007,52.827989825],[4.69581450400005,52.828329839],[4.69476314100007,52.828674107],[4.69371560800005,52.829022611],[4.69267195000003,52.829375337],[4.69163221500003,52.829732269],[4.69059644800006,52.830093391],[4.68956469700004,52.830458686],[4.68853700600005,52.8308281390001],[4.68751342300004,52.831201734],[4.68649399200007,52.831579452],[4.68547875900003,52.8319612780001],[4.68446777000003,52.8323471950001],[4.68346106900003,52.832737185],[4.68245870200008,52.83313123],[4.68146071200005,52.833529314],[4.68046714600007,52.8339314190001],[4.67947804700003,52.8343375260001],[4.67849345900004,52.8347476170001],[4.67751342600008,52.8351616740001],[4.67653799200002,52.835579679],[4.67556720000005,52.8360016130001],[4.67460109500007,52.8364274580001],[4.67363971800006,52.8368571930001],[4.67268311300006,52.8372908000001],[4.67173132200003,52.8377282600001],[4.67078438900006,52.8381695530001],[4.66984235400002,52.8386146600001],[4.66890526100002,52.8390635590001],[4.66797315200006,52.839516233],[4.66704606600007,52.8399726590001],[4.66612404700004,52.8404328190001],[4.66520713600005,52.8408966910001],[4.66429537200003,52.841364254],[4.66338879700004,52.8418354890001],[4.66248745200005,52.842310373],[4.66159137600005,52.8427888860001],[4.66070061000005,52.8432710060001],[4.65981519300004,52.843756711],[4.65893516400007,52.844245981],[4.65806056400004,52.844738793],[4.65719143100006,52.845235125],[4.65632780400006,52.8457349550001],[4.65546972200002,52.8462382610001],[4.65461722200007,52.8467450200001],[4.65377034300008,52.8472552090001],[4.65292912300004,52.8477688070001],[4.65209359900007,52.84828579],[4.65126380800007,52.848806134],[4.65043978700004,52.8493298170001],[4.64962157400004,52.8498568160001],[4.64880920500002,52.850387106],[4.64800271600006,52.8509206640001],[4.64720214300007,52.8514574660001],[4.64640752100007,52.851997489],[4.64561888700007,52.852540708],[4.64483627600004,52.853087099],[4.64405972100008,52.8536366380001],[4.64328925900003,52.8541893],[4.64252492300005,52.85474506],[4.64176674700008,52.855303893],[4.64101476600007,52.855865776],[4.64026901300002,52.8564306820001],[4.63952952100004,52.856998586],[4.63879632300007,52.8575694630001],[4.63806945200002,52.8581432880001],[4.63734894100003,52.858720035],[4.63663482100003,52.8592996780001],[4.63592712400003,52.8598821910001],[4.63522588200004,52.8604675490001],[4.63453112700006,52.861055724],[4.63384288900005,52.8616466920001],[4.63316119900003,52.862240425],[4.63248608700007,52.8628368980001],[4.63181758400003,52.8634360830001],[4.63115572000004,52.864037953],[4.63050052300002,52.8646424820001],[4.62985202300007,52.8652496440001],[4.62921025000003,52.8658594090001],[4.62857523100007,52.866471753],[4.62794699600005,52.8670866470001],[4.62732557100003,52.8677040630001],[4.62671098600003,52.8683239750001],[4.62610326700008,52.8689463540001],[4.62550244100004,52.8695711730001],[4.62490853500003,52.8701984040001],[4.62432157700005,52.870828019],[4.62374159100005,52.8714599890001],[4.62316860400006,52.872094287],[4.62260264100007,52.8727308850001],[4.62204372900004,52.8733697530001],[4.62149189000007,52.8740108640001],[4.62094715100005,52.8746541880001],[4.62040953600007,52.8752996970001],[4.61987906800005,52.8759473630001],[4.61935577100007,52.8765971560001],[4.61883966900007,52.8772490470001],[4.61833078500007,52.877903007],[4.61782914100007,52.8785590080001],[4.61733475900007,52.8792170190001],[4.61684766300004,52.8798770120001],[4.61636787300006,52.8805389560001],[4.61589541000006,52.8812028230001],[4.61543029700005,52.881868582],[4.61497255400008,52.8825362050001],[4.61452220100006,52.883205661],[4.61407925800006,52.88387692],[4.61364374500005,52.884549953],[4.61321568200003,52.8852247290001],[4.61279508800004,52.8859012180001],[4.61238198100006,52.8865793900001],[4.61197637900005,52.887259215],[4.61157830200005,52.8879406630001],[4.61118776600006,52.8886237020001],[4.61080479000003,52.8893083030001],[4.61042938900005,52.8899944350001],[4.61006158200007,52.8906820670001],[4.60970138400006,52.8913711690001],[4.60934881200006,52.8920617100001],[4.60900388000005,52.89275366],[4.60866660600004,52.8934469860001],[4.60833700300003,52.8941416580001],[4.60801508600002,52.894837646],[4.60770087000003,52.8955349180001],[4.60739436900008,52.896233443],[4.60709559700007,52.89693319],[4.60680456600005,52.897634128],[4.60652129000005,52.898336225],[4.60624578100004,52.89903945],[4.60597805200007,52.8997437720001],[4.60571811500006,52.9004491590001],[4.60546598000008,52.9011555800001],[4.60522166100003,52.9018630030001],[4.60498516700005,52.902571396],[4.60475650900003,52.9032807290001],[4.60453569600003,52.9039909690001],[4.60432274000004,52.9047020850001],[4.60411765000003,52.905414045],[4.60392043400003,52.906126816],[4.60373110200004,52.9068403690001],[4.60354966200003,52.907554669],[4.60337612100005,52.908269687],[4.60321048900005,52.9089853890001],[4.60305277100002,52.909701743],[4.60290297600005,52.9104187190001],[4.60276111000007,52.9111362830001],[4.60262717900002,52.911854405],[4.60250118900007,52.91257305],[4.60238314600002,52.9132921890001],[4.60227305500007,52.914011788],[4.60217092100004,52.914731815],[4.60207674900005,52.915452239],[4.60199054300006,52.9161730270001],[4.60191230600003,52.9168941470001],[4.60184204200004,52.917615567],[4.60177975400006,52.9183372540001],[4.60172544600005,52.9190591770001],[4.60167911900004,52.919781303],[4.60164077500002,52.920503599],[4.60161041700007,52.9212260350001],[4.60158804500003,52.9219485770001],[4.60157366100003,52.922671193],[4.60156726500003,52.9233938510001],[4.60156885800006,52.9241165190001],[4.60157843900004,52.924839164],[4.60159600800006,52.9255617540001],[4.60162156500007,52.9262842580001],[4.60165510700006,52.927006642],[4.60169663400006,52.9277288740001],[4.60174614400006,52.9284509230001],[4.60180363400002,52.9291727550001],[4.60186910200002,52.92989434],[4.60194254600003,52.9306156440001],[4.60202396100004,52.931336635],[4.60211334400003,52.9320572820001],[4.60221069100004,52.9327775520001],[4.60231599800005,52.9334974120001],[4.60242926000006,52.9342168310001],[4.60255047300006,52.9349357770001],[4.60267963000007,52.9356542180001],[4.60281672500003,52.936372121],[4.60296175400003,52.937089454],[4.60311470900007,52.937806186],[4.60327558300003,52.938522284],[4.60344436900004,52.939237717],[4.60362106100007,52.939952453],[4.60380564900004,52.9406664590001],[4.60399812500003,52.941379704],[4.60419848200007,52.9420921550001],[4.60440671000003,52.9428037820001],[4.60462279900003,52.9435145530001],[4.60484674100007,52.9442244350001],[4.60507852500007,52.9449333970001],[4.60531814100005,52.945641407],[4.60556557700005,52.9463484350001],[4.60582082400003,52.947054447],[4.60608387000002,52.947759413],[4.60635470200003,52.9484633010001],[4.60663331000006,52.9491660800001],[4.60691967900004,52.9498677190001],[4.60721379900002,52.9505681860001],[4.60751565400005,52.9512674490001],[4.60782523300003,52.951965478],[4.60814252100005,52.952662242],[4.60846750400003,52.953357709],[4.60880016800007,52.9540518480001],[4.60914049700006,52.9547446290001],[4.60948847700007,52.9554360210001],[4.60984409200006,52.9561259920001],[4.61020732600002,52.9568145110001],[4.61057816300007,52.957501549],[4.61095658600004,52.9581870740001],[4.61134257900005,52.9588710560001],[4.61173612400006,52.9595534650001],[4.61213720300003,52.9602342690001],[4.61254580000002,52.9609134390001],[4.61296189400002,52.961590943],[4.61338546900004,52.9622667530001],[4.61381650500005,52.9629408370001],[4.61425498300002,52.9636131670001],[4.61470088200002,52.9642837100001],[4.61515418500005,52.9649524390001],[4.61561486900007,52.9656193220001],[4.61608291500005,52.9662843300001],[4.61655830100005,52.9669474340001],[4.61704100700007,52.9676086040001],[4.61753101100004,52.96826781],[4.61802829100003,52.9689250230001],[4.61853282500005,52.9695802140001],[4.61904459000004,52.970233352],[4.61956356400003,52.9708844100001],[4.62008972200005,52.971533359],[4.62062304300002,52.9721801680001],[4.62116350200006,52.972824809],[4.62171107400007,52.9734672550001],[4.62226573700002,52.974107475],[4.62282746300002,52.974745441],[4.62339623000003,52.9753811250001],[4.62397201000005,52.976014498],[4.62455478000004,52.9766455330001],[4.62514451100003,52.9772742000001],[4.62574117900004,52.977900473],[4.62634475700003,52.978524323],[4.62695521700005,52.9791457210001],[4.62757253300003,52.979764641],[4.62819667700006,52.9803810550001],[4.62882762000004,52.9809949350001],[4.62946533500002,52.981606254],[4.63010979400002,52.982214985],[4.63076096800006,52.9828211000001],[4.63141882700006,52.983424572],[4.63208334200004,52.984025375],[4.63275448300004,52.9846234820001],[4.63343222200007,52.985218865],[4.63411652600007,52.9858114990001],[4.63480736700006,52.986401356],[4.63550471200006,52.9869884120001],[4.63620853100002,52.9875726380001],[4.63691879300006,52.9881540100001],[4.63763546500007,52.9887325010001],[4.63835851600004,52.9893080860001],[4.63908791400007,52.9898807390001],[4.63982362500008,52.9904504340001],[4.64056561800004,52.9910171450001],[4.64131385800005,52.9915808490001],[4.64206831300004,52.992141518],[4.64282894900003,52.9926991300001],[4.64359573200005,52.9932536570001],[4.64436862700006,52.993805077],[4.64514760100008,52.9943533630001],[4.64593261800007,52.9948984920001],[4.64672364400008,52.99544044],[4.64752064300006,52.995979182],[4.64832357900002,52.9965146930001],[4.64913241700003,52.9970469510001],[4.64994712100003,52.9975759320001],[4.65076765400005,52.998101611],[4.65159398000003,52.9986239660001],[4.65242606100003,52.9991429730001],[4.65326386100003,52.9996586080001],[4.65410734200003,53.0001708500001],[4.65495646700003,53.0006796740001],[4.65581119700005,53.0011850590001],[4.65667149500007,53.0016869820001],[4.65753732200005,53.00218542],[4.65840863900007,53.002680351],[4.65928540900006,53.0031717530001],[4.66016759000007,53.0036596040001],[4.66105514500003,53.0041438820001],[4.66194803300004,53.0046245670001],[4.66284621500006,53.0051016350001],[4.66374965000006,53.0055750670001],[4.66465829900005,53.0060448400001],[4.66557212000004,53.0065109340001],[4.66649107300003,53.0069733280001],[4.66741511700008,53.007432002],[4.66834421100003,53.0078869340001],[4.66927831200007,53.0083381050001],[4.67021738100004,53.008785495],[4.67116137300007,53.009229083],[4.67211024900007,53.0096688500001],[4.67306396400005,53.010104776],[4.67402247700005,53.0105368420001],[4.67498574400003,53.010965028],[4.67595372300002,53.0113893160001],[4.67692637100004,53.0118096850001],[4.67790364400003,53.012226119],[4.67888549900005,53.012638597],[4.67987189100006,53.013047102],[4.68086277700007,53.0134516150001],[4.68185811200004,53.013852118],[4.68285785200004,53.014248594],[4.68386195300008,53.0146410250001],[4.68487036900007,53.015029392],[4.68588305600002,53.0154136800001],[4.68689996800003,53.01579387],[4.68792106000006,53.016169947],[4.68894628600003,53.0165418920001],[4.68997560200006,53.016909689],[4.69100896000003,53.0172733220001],[4.69204631400004,53.017632775],[4.69308761900004,53.0179880320001],[4.69413282800002,53.0183390770001],[4.69518189300004,53.0186858930001],[4.69623477000005,53.0190284670001],[4.69729140900006,53.0193667820001],[4.69835176500004,53.0197008230001],[4.69941579000005,53.0200305750001],[4.70048343600007,53.0203560240001],[4.70155465500005,53.020677155],[4.70262940100002,53.0209939540001],[4.70370762500005,53.0213064070001],[4.70478927800002,53.0216144990001],[4.70587431300004,53.0219182180001],[4.70696268100005,53.0222175490001],[4.70805433400005,53.0225124780001],[4.70914922300005,53.0228029940001],[4.71024729800007,53.0230890830001],[4.71134851200003,53.0233707310001],[4.71245281400007,53.0236479280001],[4.71356015600003,53.0239206590001],[4.71467048800002,53.024188914],[4.71578376000002,53.0244526800001],[4.71689992400007,53.024711944],[4.71801892800005,53.0249666970001],[4.71914072400006,53.025216926],[4.72026526000008,53.02546262],[4.72139248800005,53.0257037690001],[4.72252235600007,53.025940361],[4.72365481400004,53.0261723850001],[4.72478981100005,53.026399833],[4.72592729800004,53.026622692],[4.72706722200007,53.0268409540001],[4.72820953400003,53.0270546090001],[4.72935418200007,53.027263647],[4.73050111600003,53.0274680590001],[4.73165028300002,53.027667835],[4.73280163300007,53.0278629680001],[4.73395511500007,53.028053447],[4.73511067600003,53.0282392650001],[4.73626826600002,53.028420413],[4.73742783200004,53.0285968840001],[4.73858932300004,53.028768669],[4.73975268700002,53.0289357600001],[4.74091787200007,53.029098151],[4.74208482600005,53.029255833],[4.74325349700007,53.029408801],[4.74442383300004,53.029557046],[4.74559578200007,53.0297005640001],[4.74676929100002,53.0298393460001],[4.74794430800006,53.029973387],[4.74912078000006,53.0301026810001],[4.75029865600004,53.0302272220001],[4.75147788200007,53.0303470040001],[4.75265840500003,53.030462023],[4.75384017400006,53.0305722730001],[4.75502313500004,53.0306777490001],[4.75620723600002,53.030778447],[4.75739242300006,53.030874361],[4.75857864400007,53.030965488],[4.75976584600005,53.031051824],[4.76095397600005,53.0311333650001],[4.76214298000002,53.031210107],[4.76333280700004,53.0312820460001],[4.76452340200007,53.0313491800001],[4.76571471200003,53.0314115050001],[4.76690668600003,53.031469019],[4.76809926800007,53.0315217190001],[4.76929240600003,53.031569603],[4.77048604700002,53.031612669],[4.77168013700003,53.0316509140001],[4.77287462300006,53.031684338],[4.77406945200005,53.0317129380001],[4.77526457100004,53.031736713],[4.77645992600003,53.0317556620001],[4.77765546400002,53.0317697850001],[4.77885113100007,53.0317790810001],[4.78004687400005,53.0317835480001],[4.78124264000007,53.0317831880001],[4.78243837500003,53.031778],[4.78363402600007,53.0317679840001],[4.78482954000003,53.0317531420001],[4.78602486200003,53.031733472],[4.78721994100005,53.0317089770001],[4.78841472300007,53.031679657],[4.78960915300007,53.031645514],[4.79080318000007,53.03160655],[4.79199674900002,53.031562765],[4.79318980800002,53.0315141620001],[4.79438230200003,53.0314607440001],[4.79557418000007,53.0314025120001],[4.79676538700005,53.031339469],[4.79795587100006,53.0312716180001],[4.79914557800004,53.0311989620001],[4.80033445600003,53.0311215040001],[4.80152245100004,53.0310392480001],[4.80270951000006,53.030952197],[4.80389558000007,53.0308603550001],[4.80508060800003,53.0307637270001],[4.80626454200006,53.0306623160001],[4.80744732900007,53.0305561270001],[4.80862891500004,53.030445166],[4.80980924800002,53.030329436],[4.81098827600005,53.030208943],[4.81216594500006,53.0300836920001],[4.81334220400004,53.0299536900001],[4.81451699900003,53.029818941],[4.81569027900002,53.029679452],[4.81686199000006,53.029535229],[4.81803208100007,53.0293862780001],[4.81920049900003,53.029232607],[4.82036719300004,53.029074221],[4.82153211000002,53.0289111290001],[4.82269519800008,53.028743337],[4.82385629400005,53.0285708690001],[4.82396111100007,53.028561111],[4.82730833300008,53.0366333330001],[4.82838387900006,53.0364619060001],[4.82957887900005,53.0362744560001],[4.83077186800006,53.0360823830001],[4.83196279600003,53.035885697],[4.83315161600007,53.035684405],[4.83433827800008,53.0354785150001],[4.83552273400005,53.035268036],[4.83670493500006,53.0350529770001],[4.83788483200004,53.034833345],[4.83906237800005,53.034609151],[4.84023752300004,53.034380404],[4.84141022000006,53.0341471130001],[4.84258042100004,53.033909287],[4.84374807700004,53.033666936],[4.84491314100006,53.03342007],[4.84607556400005,53.0331687],[4.84723530000002,53.032912835],[4.84839230100005,53.0326524870001],[4.84954651800007,53.032387665],[4.85069790500006,53.032118381],[4.85184641500007,53.031844645],[4.85299200100008,53.031566469],[4.85413461400003,53.031283865],[4.85527420900007,53.0309968440001],[4.85641073900007,53.030705417],[4.85754415800005,53.0304095970001],[4.85867441800002,53.0301093960001],[4.85980147300006,53.029804826],[4.86092527700004,53.029495899],[4.86204578400003,53.029182629],[4.86316294900007,53.028865028],[4.86427672400004,53.0285431090001],[4.86538706500005,53.0282168850001],[4.86649392600003,53.02788637],[4.86759726100007,53.027551578],[4.86869702600006,53.0272125210001],[4.86979317500004,53.026869214],[4.87088566300002,53.0265216720001],[4.87197444500003,53.0261699070001],[4.87305947800007,53.0258139360001],[4.87414071500007,53.0254537710001],[4.87521811300007,53.025089429],[4.87629162800005,53.0247209240001],[4.87736121500006,53.0243482710001],[4.87842683100007,53.0239714850001],[4.87948843200007,53.023590583],[4.88054597500008,53.023205579],[4.88159941600003,53.022816489],[4.88264871100006,53.022423329],[4.88369381900003,53.0220261160001],[4.88473469500002,53.0216248660001],[4.88577129700008,53.0212195940001],[4.88680358400006,53.0208103190001],[4.88783151100006,53.020397056],[4.88885503800003,53.019979822],[4.88987412200004,53.0195586360001],[4.89088872100007,53.019133513],[4.89189879500003,53.018704471],[4.89290430000005,53.0182715290001],[4.89390519700004,53.0178347030001],[4.89490144400003,53.0173940120001],[4.89589299900007,53.0169494740001],[4.89687982400005,53.0165011060001],[4.89786187600004,53.016048928],[4.89883911600003,53.0155929580001],[4.89981150400007,53.0151332140001],[4.90077899900007,53.0146697160001],[4.90174156300003,53.0142024830001],[4.90269915500005,53.0137315330001],[4.90365173600003,53.0132568860001],[4.90459926800003,53.0127785610001],[4.90554171100007,53.0122965790001],[4.90647902600006,53.0118109580001],[4.90741117600004,53.0113217200001],[4.90833812200003,53.010828883],[4.90925982500005,53.0103324680001],[4.91017624900007,53.0098324950001],[4.91108735600005,53.0093289850001],[4.91199310700006,53.008821959],[4.91289346700006,53.0083114380001],[4.91378839700008,53.007797441],[4.91467786200008,53.0072799910001],[4.91556182500005,53.006759109],[4.91644025000005,53.0062348160001],[4.91731310000006,53.005707133],[4.91818034000005,53.005176082],[4.91904193400006,53.0046416860001],[4.91989784600003,53.0041039650001],[4.92074804300006,53.003562942],[4.92159248900003,53.0030186390001],[4.92243114800004,53.002471079],[4.92326398800003,53.0019202840001],[4.92409097300003,53.0013662760001],[4.92491207000006,53.000809078],[4.92572724500008,53.0002487140001],[4.92653646400004,52.999685205],[4.92733969500006,52.9991185760001],[4.92813690400004,52.998548849],[4.92892806000003,52.9979760480001],[4.92971312800006,52.9974001960001],[4.93049207700005,52.9968213180001],[4.93126487600006,52.9962394350001],[4.93203149200002,52.9956545740001],[4.93279189400005,52.9950667570001],[4.93354605100006,52.994476009],[4.93429393100007,52.9938823530001],[4.93503550500003,52.993285815],[4.93577074200005,52.9926864190001],[4.93649961100004,52.992084188],[4.93674444400006,52.991980556],[4.92557222200003,52.9871055560001]]]},"properties":{"Name":"DE KOOY CTR","Designator":"EHKDD","Type":"CTR","LocalType":"CTR","UpperLimit":3000,"LowerLimit":0,"UpperLimitUnit":"FT","LowerLimitUnit":"FT","Class":"D","name":"DE KOOY CTR"}},{"type":"Feature","geometry":{"type":"Polygon","coordinates":[[[4.53544722200007,51.4230166670001],[4.53393078600004,51.4299555650001],[4.53241388900005,51.4368944440001],[4.53115295200007,51.4432194510001],[4.52989166700007,51.449544444],[4.53596734100006,51.4574447590001],[4.54204511800003,51.4653447590001],[4.54812500000003,51.473244444],[4.54463055600007,51.4765472220001],[4.53822222200006,51.482388889],[4.52533713600008,51.4811417010001],[4.51245275500003,51.4798931010001],[4.49956908000007,51.47864309],[4.48668611100004,51.4773916670001],[4.48004166700002,51.478244444],[4.47607777800005,51.478163889],[4.47182222200007,51.476391667],[4.46849444400004,51.474066667],[4.46803333300005,51.4733944440001],[4.46729166700004,51.4729305560001],[4.46670277800007,51.4719777780001],[4.46585833300003,51.4715138890001],[4.45699722200004,51.469777778],[4.44971519000006,51.469229392],[4.44243333300005,51.468680556],[4.43089664200005,51.4648105960001],[4.41936190700005,51.4609395050001],[4.40782912900005,51.4570672830001],[4.39629830900003,51.4531939290001],[4.38476944400003,51.4493194440001],[4.38266111100006,51.4501805560001],[4.38150277800003,51.4483083330001],[4.37976944400003,51.447722222],[4.37928611100006,51.4467333330001],[4.38664722200002,51.4451777780001],[4.38785277800002,51.4454777780001],[4.38808888900007,51.4452277780001],[4.39215000000007,51.446294444],[4.39310555600002,51.4451777780001],[4.39666388900002,51.4419222220001],[4.39701944400002,51.4408472220001],[4.39564166700006,51.4398694440001],[4.39517777800006,51.4380472220001],[4.39533055600003,51.436675],[4.39567500000004,51.4366444440001],[4.39544166700006,51.435525],[4.39891388900003,51.435269444],[4.39720000000005,51.4315611110001],[4.39259166700003,51.4327555560001],[4.39233611100002,51.431355556],[4.39455833300002,51.4314805560001],[4.39423611100005,51.4295333330001],[4.39468611100006,51.4287277780001],[4.39449444400003,51.42805],[4.39535000000006,51.427561111],[4.39515000000006,51.4269055560001],[4.39135833300003,51.4273805560001],[4.39048611100003,51.4242972220001],[4.38975277800006,51.4244694440001],[4.38365000000005,51.421052778],[4.38763666700004,51.4146792340001],[4.39162222200002,51.4083055560001],[4.39964300600008,51.401640538],[4.40766145300006,51.394974974],[4.41567756300003,51.3883088630001],[4.42369133700004,51.381642205],[4.43170277800004,51.3749750000001],[4.42540555600004,51.3713388890001],[4.42793333300006,51.3696416670001],[4.42986666700006,51.367425],[4.43123888900004,51.3649361110001],[4.43146944400007,51.3639250000001],[4.42211944400003,51.365219444],[4.41049060600005,51.3610422420001],[4.39886388900004,51.3568638890001],[4.39388055600006,51.3555916670001],[4.38984722200007,51.3553166670001],[4.38470833300005,51.3543666670001],[4.38424166700003,51.3552250000001],[4.37885277800007,51.3548916670001],[4.36983055600007,51.3567],[4.36824166700006,51.3560305560001],[4.36763055600005,51.3568138890001],[4.36661111100005,51.3572083330001],[4.36316111100007,51.3573250000001],[4.35470277800005,51.3580666670001],[4.35318888900002,51.358019444],[4.35323055600003,51.358177778],[4.35092500000007,51.358269444],[4.35086944400007,51.358697222],[4.34886666700004,51.358547222],[4.34352777800007,51.3576027780001],[4.34112500000003,51.3575527780001],[4.33892656900002,51.3642491150001],[4.33672749500005,51.370945412],[4.33452777800005,51.377641667],[4.32027073900002,51.3773383650001],[4.30601388900004,51.377033333],[4.29337941600005,51.376587806],[4.28074519000006,51.3761409200001],[4.26811121000003,51.375692675],[4.25547747900004,51.375243072],[4.24284399500004,51.37479211],[4.23021076200007,51.3743397900001],[4.21757777800002,51.373886111],[4.21993055600007,51.368325],[4.22206944400006,51.3645111110001],[4.22674722200003,51.3597611110001],[4.23439909500007,51.3568655270001],[4.24205000000006,51.353969444],[4.23569302800007,51.348863307],[4.22933747200005,51.3437568250001],[4.22298333300006,51.33865],[4.22269653900003,51.338710839],[4.22269560400002,51.338710878],[4.22161706400004,51.339169946],[4.22054304300002,51.3396331320001],[4.21947358100005,51.3401004190001],[4.21840871900002,51.3405717890001],[4.21734849500007,51.3410472240001],[4.21629295100007,51.3415267060001],[4.21524212400004,51.342010218],[4.21419605600005,51.342497742],[4.21315478500003,51.342989258],[4.21211835000003,51.3434847500001],[4.21108679000002,51.3439841970001],[4.21006014400007,51.3444875820001],[4.20903845000004,51.3449948850001],[4.20802174600004,51.345506088],[4.20701007100007,51.3460211710001],[4.20600346300006,51.346540115],[4.20500195800003,51.3470629010001],[4.20400559600006,51.347589509],[4.20301441300006,51.3481199180001],[4.20202844600004,51.348654111],[4.20104773200006,51.3491920650001],[4.20007230800007,51.349733762],[4.19910221200007,51.35027918],[4.19813747800004,51.3508283],[4.19717814300003,51.3513811],[4.19622424300007,51.3519375610001],[4.19527581500006,51.352497661],[4.19433289300002,51.3530613790001],[4.19339551200005,51.3536286940001],[4.19246370900004,51.3541995850001],[4.19153751800008,51.35477403],[4.19061697300003,51.3553520080001],[4.18970210900005,51.3559334970001],[4.18879296100005,51.3565184760001],[4.18788956300006,51.3571069220001],[4.18699194700002,51.3576988130001],[4.18610014900003,51.3582941280001],[4.18521420200005,51.358892843],[4.18433413800005,51.3594949370001],[4.18345999100006,51.360100387],[4.18259179300003,51.3607091700001],[4.18172957700006,51.361321263],[4.18087337600002,51.361936643],[4.18002322100006,51.3625552880001],[4.17917914500003,51.363177174],[4.17834117800004,51.363802278],[4.17750935300006,51.3644305760001],[4.17668370100006,51.3650620450001],[4.17586425200005,51.36569666],[4.17505103800005,51.3663344],[4.17424408800002,51.3669752380001],[4.17344343300005,51.367619152],[4.17264910400007,51.3682661180001],[4.17186112900004,51.36891611],[4.17107953800007,51.369569105],[4.17030436100003,51.370225078],[4.16953562700007,51.3708840040001],[4.16877336500005,51.371545859],[4.16801760200002,51.372210619],[4.16726836900006,51.3728782570001],[4.16652569100006,51.3735487490001],[4.16578959800006,51.3742220710001],[4.16506011800004,51.3748981960001],[4.16433727600003,51.3755770990001],[4.16362110100005,51.376258755],[4.16291161900006,51.376943139],[4.16220885800004,51.377630224],[4.16151284200004,51.3783199850001],[4.16082359900003,51.3790123960001],[4.16014115400003,51.379707431],[4.15946553300006,51.380405065],[4.15879676100008,51.38110527],[4.15813486300004,51.3818080200001],[4.15747986400004,51.3825132900001],[4.15683178900002,51.3832210530001],[4.15619066200003,51.383931282],[4.15555650600004,51.3846439500001],[4.15492934700006,51.3853590320001],[4.15430920600005,51.3860764990001],[4.15369610800008,51.3867963260001],[4.15309007500002,51.387518485],[4.15249113100003,51.3882429490001],[4.15189929700006,51.3889696910001],[4.15131459600002,51.3896986840001],[4.15073705000003,51.3904299010001],[4.15016668000004,51.391163313],[4.14960350800004,51.3918988940001],[4.14904755400005,51.3926366150001],[4.14849884100005,51.3933764500001],[4.14795738800007,51.394118371],[4.14742321500006,51.3948623490001],[4.14689634300004,51.3956083570001],[4.14637679100002,51.3963563660001],[4.14586458000002,51.3971063500001],[4.14535972700003,51.397858279],[4.14486225200005,51.398612126],[4.14437217400007,51.3993678620001],[4.14388951100005,51.400125458],[4.14341428100005,51.4008848870001],[4.14294650200003,51.4016461210001],[4.14248619200004,51.402409129],[4.14203336700007,51.4031738850001],[4.14158804500005,51.4039403580001],[4.14115024300003,51.404708521],[4.14071997600007,51.4054783450001],[4.14029726100006,51.4062498010001],[4.13988211400005,51.4070228590001],[4.13947455100003,51.4077974910001],[4.13907458600005,51.408573668],[4.13868223400004,51.4093513610001],[4.13829751100008,51.4101305400001],[4.13792043100005,51.4109111770001],[4.13755100800006,51.4116932420001],[4.13718925500007,51.4124767050001],[4.13683518700003,51.413261538],[4.13648881700004,51.4140477110001],[4.13615015700003,51.414835194],[4.13581922000003,51.415623958],[4.13549601900007,51.4164139740001],[4.13518056600003,51.4172052110001],[4.13487287300006,51.4179976400001],[4.13457295100005,51.418791232],[4.13428081100005,51.419585957],[4.13399646400006,51.420381784],[4.13371992200007,51.421178684],[4.13345119400003,51.421976628],[4.13319029000007,51.4227755840001],[4.13293722100002,51.4235755240001],[4.13269199600006,51.4243764170001],[4.13245462300006,51.4251782330001],[4.13222511300006,51.4259809430001],[4.13200347200006,51.4267845150001],[4.13178971100007,51.4275889210001],[4.13158383600006,51.428394129],[4.13138585600007,51.4292001100001],[4.13119577800006,51.430006833],[4.13101360900004,51.4308142680001],[4.13083935600002,51.431622385],[4.13067302500002,51.432431154],[4.13051462300007,51.4332405440001],[4.13036415500005,51.434050524],[4.13022162800007,51.4348610660001],[4.13008704600003,51.435672137],[4.12996041500003,51.436483708],[4.12984173900003,51.4372957480001],[4.12973102300003,51.438108228],[4.12962827100006,51.438921115],[4.12953348700006,51.4397343810001],[4.12944667400006,51.4405479930001],[4.12936783600003,51.441361923],[4.12929697500005,51.442176139],[4.12923409500007,51.442990611],[4.12917919700004,51.443805308],[4.12913228400004,51.4446202],[4.12909335700004,51.445435257],[4.12906241800005,51.4462504460001],[4.12903946900002,51.447065739],[4.12902450900003,51.4478811050001],[4.12901753900007,51.448696512],[4.12901856100007,51.4495119310001],[4.12902757300003,51.450327331],[4.12904457500002,51.4511426810001],[4.12906956700004,51.4519579500001],[4.12910254800005,51.4527731090001],[4.12914351600006,51.4535881260001],[4.12919247100007,51.454402971],[4.12924940900007,51.455217614],[4.12931433000006,51.456032023],[4.12938723000002,51.4568461690001],[4.12946810700004,51.457660021],[4.12955695800002,51.458473548],[4.12965377900002,51.459286719],[4.12975856700007,51.4600995050001],[4.12987131900007,51.4609118750001],[4.12999202800006,51.461723798],[4.13012069200005,51.462535245],[4.13025730600003,51.4633461830001],[4.13040186300003,51.4641565840001],[4.13055436000008,51.464966417],[4.13071479000007,51.4657756510001],[4.13088314600003,51.466584256],[4.13105942400006,51.4673922010001],[4.13124361500007,51.4681994580001],[4.13143571400008,51.469005994],[4.13163571300004,51.46981178],[4.13184360400004,51.4706167860001],[4.13205938100003,51.4714209810001],[4.13228303400007,51.4722243360001],[4.13251455500006,51.47302682],[4.13275393600003,51.473828403],[4.13300116700003,51.474629055],[4.13325624000004,51.4754287470001],[4.13351914400005,51.476227447],[4.13378987100003,51.477025127],[4.13406840900007,51.477821755],[4.13435474900007,51.4786173040001],[4.13464887900005,51.479411741],[4.13495078900007,51.4802050390001],[4.13526046700002,51.4809971660001],[4.13557790200002,51.4817880940001],[4.13590308200003,51.4825777930001],[4.13623599400006,51.483366232],[4.13657662600002,51.484153383],[4.13692496500005,51.484939216],[4.13728099900004,51.485723702],[4.13764471400003,51.486506811],[4.13801609600006,51.4872885130001],[4.13839513100004,51.48806878],[4.13878180500006,51.4888475820001],[4.13917610400006,51.4896248900001],[4.13957801300006,51.490400675],[4.13998751700007,51.4911749080001],[4.14040460000007,51.491947559],[4.14082924600007,51.4927186],[4.14126144100004,51.493488002],[4.14170116700006,51.4942557360001],[4.14214840900007,51.4950217730001],[4.14260314900002,51.4957860850001],[4.14306537000004,51.4965486420001],[4.14353505500003,51.4973094170001],[4.14401218700004,51.4980683810001],[4.14449674700006,51.4988255040001],[4.14498871800004,51.4995807600001],[4.14548808000006,51.5003341190001],[4.14599481600004,51.501085554],[4.14650890600007,51.5018350350001],[4.14703033100005,51.502582536],[4.14755907100005,51.5033280280001],[4.14809510600003,51.504071482],[4.14863841800008,51.5048128720001],[4.14918898400003,51.50555217],[4.14974678400006,51.5062893470001],[4.15031179900006,51.5070243760001],[4.15088400500002,51.507757229],[4.15146338200003,51.5084878800001],[4.15204990900003,51.5092163],[4.15264356200004,51.509942462],[4.15324432100005,51.5106663400001],[4.15385216200002,51.511387905],[4.15446706300003,51.5121071310001],[4.15508900000003,51.5128239920001],[4.15571795000005,51.5135384590001],[4.15635389000005,51.5142505060001],[4.15699679500005,51.514960107],[4.15764664300002,51.5156672350001],[4.15830340800005,51.5163718640001],[4.15896706500007,51.5170739660001],[4.15963759000005,51.517773516],[4.16031495800007,51.518470488],[4.16099914300003,51.5191648540001],[4.16169012000006,51.5198565900001],[4.16238786300005,51.52054567],[4.16309234500005,51.521232067],[4.16380354000006,51.5219157560001],[4.16452142200006,51.5225967110001],[4.16524596300007,51.523274906],[4.16597713700003,51.5239503170001],[4.16671491500006,51.524622918],[4.16745927100004,51.525292683],[4.16821017700005,51.525959588],[4.16896760400004,51.526623607],[4.16973152300005,51.5272847160001],[4.17050190700007,51.5279428900001],[4.17127872600003,51.5285981040001],[4.17206195100005,51.529250333],[4.17285155300004,51.5298995540001],[4.17364750300004,51.5305457420001],[4.17444977000002,51.531188872],[4.17525832400003,51.5318289200001],[4.17607313500002,51.5324658640001],[4.17689417200006,51.5330996770001],[4.17772140600005,51.5337303380001],[4.17855480300005,51.5343578210001],[4.17939433500004,51.534982105],[4.18023996800002,51.5356031640001],[4.18109167100005,51.536220977],[4.18194941300004,51.5368355190001],[4.18281316100007,51.5374467680001],[4.18368288300007,51.5380547010001],[4.18455854600006,51.5386592950001],[4.18544011700004,51.5392605280001],[4.18632756300002,51.539858376],[4.18722085100006,51.5404528180001],[4.18811994800006,51.54104383],[4.18902482000004,51.5416313920001],[4.18993543200003,51.542215481],[4.19085175100003,51.5427960740001],[4.19177374300006,51.5433731520001],[4.19270137200004,51.54394669],[4.19363460400007,51.5445166690001],[4.19457340500003,51.5450830670001],[4.19551773800004,51.5456458620001],[4.19646756800006,51.546205033],[4.19742286100006,51.5467605600001],[4.19838357900005,51.5473124220001],[4.19934968700005,51.5478605970001],[4.20032114900005,51.548405066],[4.20129792800003,51.548945808],[4.20227998900003,51.549482803],[4.20326729200002,51.5500160300001],[4.20425980300007,51.55054547],[4.20525748400007,51.551071102],[4.20626029600004,51.551592908],[4.20726820300007,51.5521108670001],[4.20828116800004,51.5526249600001],[4.20929915100004,51.553135168],[4.21032211400006,51.553641471],[4.21135002000005,51.554143851],[4.21238283000002,51.5546422890001],[4.21342050500004,51.555136766],[4.21446300600007,51.5556272640001],[4.21551029400007,51.556113764],[4.21656233000004,51.5565962470001],[4.21761907500007,51.5570746970001],[4.21868048800008,51.5575490940001],[4.21974653000007,51.558019422],[4.22081716100007,51.5584856620001],[4.22189234100006,51.558947797],[4.22297203000005,51.55940581],[4.22405618600004,51.5598596840001],[4.22514477000004,51.560309401],[4.22623774100003,51.5607549440001],[4.22733505700006,51.561196298],[4.22843667800004,51.561633445],[4.22954256200006,51.562066369],[4.23065266700007,51.5624950530001],[4.23176695300003,51.562919483],[4.23288537700006,51.563339641],[4.23400789700003,51.5637555120001],[4.23513447200003,51.5641670810001],[4.23626505800007,51.5645743310001],[4.23739961500007,51.564977249],[4.23853809800005,51.5653758180001],[4.23968046600004,51.565770023],[4.24082667600004,51.5661598510001],[4.24197668400006,51.5665452860001],[4.24313044700006,51.5669263140001],[4.24428792300006,51.56730292],[4.24544906800003,51.5676750910001],[4.24661383800003,51.568042812],[4.24778219000007,51.56840607],[4.24895408000003,51.568764851],[4.25012946300006,51.569119142],[4.25130829600005,51.569468929],[4.25249053500005,51.5698141990001],[4.25367613600002,51.5701549390001],[4.25486505300006,51.570491137],[4.25605724200005,51.5708227800001],[4.25725265900007,51.571149855],[4.25845125900003,51.5714723510001],[4.25965299700005,51.5717902550001],[4.26085782700005,51.5721035540001],[4.26206570500005,51.5724122390001],[4.26327658500003,51.5727162960001],[4.26449042200005,51.5730157140001],[4.26570717100003,51.5733104830001],[4.26692678500007,51.5736005910001],[4.26814922000005,51.5738860280001],[4.26937442900004,51.5741667820001],[4.27060236500006,51.574442843],[4.27183298500006,51.5747142010001],[4.27306624000005,51.574980845],[4.27430208500004,51.575242766],[4.27554047400002,51.5754999540001],[4.27678136000003,51.5757523980001],[4.27802469600005,51.576000091],[4.27927043600005,51.576243022],[4.28051853400007,51.5764811820001],[4.28176894200004,51.5767145620001],[4.28302161300007,51.576943154],[4.28427650100002,51.5771669490001],[4.28553355900004,51.5773859380001],[4.28679273900002,51.5776001140001],[4.28805399500004,51.5778094680001],[4.28931727800006,51.5780139930001],[4.29058254200004,51.5782136810001],[4.29184973900004,51.5784085240001],[4.29311882100006,51.5785985150001],[4.29438974200002,51.5787836470001],[4.29566245300003,51.5789639120001],[4.29693690700003,51.5791393060001],[4.29821305500008,51.5793098190001],[4.29949085100003,51.579475447],[4.30077024500002,51.579636183],[4.30205119100003,51.579792022],[4.30333364000006,51.5799429560001],[4.30461754400005,51.5800889810001],[4.30590285500006,51.580230091],[4.30718952500007,51.5803662800001],[4.30847750500004,51.5804975440001],[4.30976674700003,51.580623878],[4.31105720300008,51.5807452770001],[4.31234882400003,51.5808617370001],[4.31364156300003,51.580973252],[4.31493537000006,51.5810798200001],[4.31623019700004,51.5811814350001],[4.31752599600003,51.581278094],[4.31882271800004,51.5813697940001],[4.32012031400006,51.5814565310001],[4.32141873500007,51.5815383020001],[4.32271793400002,51.581615103],[4.32401786100007,51.5816869320001],[4.32531846700005,51.581753786],[4.32661970400005,51.581815663],[4.32792152300004,51.5818725600001],[4.32922387500003,51.581924476],[4.33052671200005,51.581971407],[4.33182998400002,51.582013353],[4.33313364200006,51.582050312],[4.33443763900004,51.582082283],[4.33574192400005,51.5821092640001],[4.33704644900007,51.582131254],[4.33835116500006,51.5821482520001],[4.33965602400002,51.582160259],[4.34096097500003,51.582167272],[4.34226597100007,51.582169293],[4.34357096200006,51.582166321],[4.34487590000003,51.582158356],[4.34618073500008,51.5821453990001],[4.34748541800008,51.582127449],[4.34878990200002,51.582104508],[4.35009413600005,51.5820765770001],[4.35139807100006,51.5820436560001],[4.35270166000004,51.582005747],[4.35400485300005,51.5819628510001],[4.35530760100005,51.5819149700001],[4.35660985500004,51.581862105],[4.35791156700003,51.5818042590001],[4.35921268800007,51.581741434],[4.36051316900006,51.581673632],[4.36181296100006,51.581600855],[4.36311201500007,51.5815231070001],[4.36441028300004,51.5814403900001],[4.36570771600003,51.5813527070001],[4.36700426500005,51.5812600630001],[4.36829988300002,51.581162459],[4.36959451900003,51.5810599000001],[4.37088812700006,51.58095239],[4.37218065600007,51.5808399320001],[4.37347206000004,51.580722531],[4.37476228800006,51.5806001920001],[4.37605129400004,51.5804729180001],[4.37733902800005,51.580340715],[4.37862544200004,51.5802035880001],[4.37991048900005,51.5800615410001],[4.38119411900004,51.579914581],[4.38247628600004,51.579762712],[4.38375694000007,51.5796059400001],[4.38503603300006,51.579444272],[4.38631351900005,51.5792777120001],[4.38758934800006,51.579106268],[4.38886347300007,51.5789299470001],[4.39013584700007,51.5787487530001],[4.39140642100006,51.5785626950001],[4.39267514800002,51.5783717790001],[4.39394198100007,51.5781760130001],[4.39520687100003,51.577975403],[4.39646977100006,51.577769958],[4.39773063500007,51.5775596840001],[4.39898941500007,51.577344591],[4.40024606300005,51.5771246850001],[4.40150053200006,51.576899976],[4.40275277600006,51.5766704710001],[4.40400274800004,51.576436179],[4.40525040000006,51.5761971100001],[4.40649568600003,51.5759532710001],[4.40773855900005,51.5757046730001],[4.40897897200006,51.575451324],[4.41021688000006,51.575193234],[4.41145223500007,51.5749304120001],[4.41268499200004,51.5746628690001],[4.41391510400007,51.574390614],[4.41514252400003,51.574113658],[4.41636720800005,51.5738320120001],[4.41758910900006,51.5735456840001],[4.41880818100003,51.5732546880001],[4.42002437800005,51.572959032],[4.42123765600007,51.5726587290001],[4.42244796800003,51.572353789],[4.42365526800006,51.5720442250001],[4.42485951300006,51.5717300470001],[4.42606065600006,51.5714112680001],[4.42725865300002,51.5710878990001],[4.42845345900002,51.570759953],[4.42964502800004,51.570427441],[4.43083331700007,51.570090377],[4.43201828100007,51.5697487720001],[4.43319987400002,51.5694026410001],[4.43437805400004,51.5690519950001],[4.43555277500008,51.5686968480001],[4.43672399400003,51.5683372130001],[4.43789166700003,51.567973103],[4.43905575000002,51.5676045330001],[4.44021619900008,51.567231517],[4.44137297100002,51.5668540670001],[4.44252602200004,51.566472198],[4.44367531000006,51.566085926],[4.44482079100004,51.5656952630001],[4.44596242200004,51.565300225],[4.44710016100004,51.564900826],[4.44823396400005,51.5644970820001],[4.44936379000006,51.5640890080001],[4.45048959500002,51.563676618],[4.45161133900007,51.563259929],[4.45272897700005,51.5628389560001],[4.45384247000004,51.562413715],[4.45495177500004,51.561984221],[4.45605684900005,51.561550492],[4.45715765300002,51.561112542],[4.45825414500007,51.5606703890001],[4.45934628300006,51.5602240490001],[4.46043402700008,51.559773539],[4.46151733500005,51.5593188760001],[4.46259616800006,51.558860076],[4.46367048400003,51.558397158],[4.46474024400004,51.557930137],[4.46580540800005,51.557459033],[4.46686593400005,51.556983862],[4.46792178500004,51.556504643],[4.46897292000006,51.556021392],[4.47001929900006,51.5555341300001],[4.47106088400005,51.555042873],[4.47209763500007,51.5545476400001],[4.47312951300006,51.554048449],[4.47415648100002,51.5535453200001],[4.47517849900004,51.553038272],[4.47619552800006,51.5525273220001],[4.47720753200002,51.552012491],[4.47821447200005,51.5514937980001],[4.47921630900004,51.5509712620001],[4.48021300800002,51.550444902],[4.48120453000007,51.5499147400001],[4.48219083700008,51.5493807930001],[4.48317189400007,51.5488430830001],[4.48414766300004,51.54830163],[4.48511810800005,51.547756453],[4.48608319300007,51.547207573],[4.48704288000005,51.546655012],[4.48799713500006,51.546098789],[4.48894592100004,51.5455389260001],[4.48988920200003,51.5449754430001],[4.49082694500004,51.5444083610001],[4.49175911200007,51.5438377030001],[4.49268567000007,51.543263488],[4.49360658400008,51.5426857400001],[4.49452181800007,51.5421044780001],[4.49543134000004,51.541519726],[4.49633511400003,51.5409315050001],[4.49723310700006,51.5403398380001],[4.49812528500007,51.5397447450001],[4.49901161400004,51.539146251],[4.49989206200007,51.5385443760001],[4.50076659600006,51.5379391440001],[4.50163518200003,51.5373305780001],[4.50249778800003,51.5367187000001],[4.50335438200005,51.5361035330001],[4.50420493200005,51.5354851000001],[4.50504940500002,51.534863424],[4.50588777000007,51.534238529],[4.50671999600007,51.533610439],[4.50754605100002,51.532979176],[4.50836590500006,51.5323447640001],[4.50917952700007,51.531707227],[4.50998688500005,51.5310665900001],[4.51078795100005,51.5304228750001],[4.51158269300004,51.5297761080001],[4.51237108300006,51.5291263120001],[4.51315309000006,51.5284735120001],[4.51392868600004,51.5278177320001],[4.51469784000005,51.5271589980001],[4.51546052500004,51.5264973320001],[4.51621671100003,51.5258327610001],[4.51696637100002,51.52516531],[4.51770947600005,51.524495002],[4.51844599900005,51.5238218640001],[4.51917591100005,51.523145921],[4.51989918600003,51.5224671980001],[4.52061579600007,51.5217857200001],[4.52132571400006,51.5211015140001],[4.52202891500002,51.5204146040001],[4.52272537000005,51.5197250160001],[4.52341505500004,51.5190327770001],[4.52409794400006,51.518337912],[4.52477401000004,51.5176404470001],[4.52544322900008,51.516940409],[4.52610557500003,51.516237823],[4.52676102400005,51.5155327160001],[4.52740955100006,51.5148251150001],[4.52805113100004,51.514115046],[4.52868574100006,51.5134025360001],[4.52931335700004,51.5126876100001],[4.52993395600004,51.5119702970001],[4.53054751300004,51.5112506230001],[4.53115400700005,51.5105286150001],[4.53175341300005,51.509804301],[4.53234571100006,51.509077706],[4.53293087700007,51.5083488590001],[4.53350889000006,51.5076177870001],[4.53407972800005,51.5068845160001],[4.53464337000003,51.506149076],[4.53519979400005,51.5054114930001],[4.53574897900006,51.504671795],[4.53629090600003,51.503930009],[4.53682555300003,51.503186165],[4.53735290200007,51.5024402880001],[4.53787293000005,51.5016924080001],[4.53838562100003,51.500942552],[4.53889095300002,51.5001907490001],[4.53938890900002,51.4994370260001],[4.53987946900003,51.4986814120001],[4.54036261600004,51.4979239360001],[4.54083833000004,51.497164625],[4.54130659500004,51.4964035090001],[4.54176739200005,51.4956406150001],[4.54222070500003,51.494875972],[4.54266651600005,51.4941096090001],[4.54310480900006,51.4933415560001],[4.54353556700005,51.492571839],[4.54395877400003,51.4918004890001],[4.54437441400006,51.4910275340001],[4.54478247200007,51.4902530040001],[4.54518293300004,51.4894769260001],[4.54557578000004,51.4886993310001],[4.54596100000003,51.4879202480001],[4.54633857900006,51.4871397050001],[4.54670850100007,51.486357733],[4.54707075300007,51.48557436],[4.54742532200004,51.4847896150001],[4.54777219500005,51.4840035290001],[4.54811135700004,51.4832161300001],[4.54844279700006,51.4824274480001],[4.54876650200003,51.4816375130001],[4.54908246000002,51.4808463540001],[4.54939065900004,51.480054002],[4.54969108800003,51.4792604850001],[4.54998373500007,51.478465833],[4.55026858900004,51.477670077],[4.55054564000005,51.476873245],[4.55081487700005,51.4760753690001],[4.55107629100007,51.4752764780001],[4.55132987000007,51.474476601],[4.55157560700007,51.4736757690001],[4.55181349100008,51.472874012],[4.55204351400005,51.47207136],[4.55226566700003,51.4712678430001],[4.55247994200005,51.47046349],[4.55268633000003,51.469658334],[4.55288482500004,51.468852402],[4.55307541800005,51.4680457270001],[4.55325810200003,51.467238337],[4.55343287100004,51.4664302630001],[4.55359971800004,51.4656215360001],[4.55375863700004,51.4648121860001],[4.55390962200005,51.464002243],[4.55405266600008,51.463191737],[4.55418776600004,51.4623806990001],[4.55431491500002,51.4615691600001],[4.55443410900006,51.4607571490001],[4.55454534300003,51.459944697],[4.55464861400003,51.459131836],[4.55474391700005,51.458318594],[4.55483124900007,51.4575050030001],[4.55491060700007,51.4566910930001],[4.55498198700008,51.455876894],[4.55504538700006,51.455062438],[4.55510080500005,51.454247755],[4.55514823800007,51.453432874],[4.55518768500002,51.452617828],[4.55521914400003,51.451802646],[4.55524261400006,51.4509873590001],[4.55525809400007,51.450171997],[4.55526558400004,51.449356591],[4.55526508300005,51.448541172],[4.55525659200003,51.44772577],[4.55524011000006,51.446910416],[4.55521563800005,51.4460951410001],[4.55518317700006,51.4452799740001],[4.55514272900007,51.444464947],[4.55509429500006,51.4436500890001],[4.55503787600003,51.442835433],[4.55497347500005,51.4420210070001],[4.55490109500005,51.441206843],[4.55482073700006,51.4403929710001],[4.55473240500004,51.4395794220001],[4.55463610300006,51.438766227],[4.55453183300006,51.437953415],[4.55441960100006,51.437141017],[4.55429940900007,51.4363290630001],[4.55417126300006,51.4355175850001],[4.55403516700005,51.4347066120001],[4.55389112600005,51.4338961760001],[4.55373914700004,51.4330863050001],[4.55357923400004,51.4322770310001],[4.55341139300003,51.431468384],[4.55323563100006,51.4306603950001],[4.55305195500006,51.4298530930001],[4.55286037100007,51.429046509],[4.55266088600007,51.4282406730001],[4.55245350800004,51.427435615],[4.55245186200005,51.4274356080001],[4.55235277800006,51.4272472220001],[4.54389960900005,51.4251322480001],[4.53544722200007,51.4230166670001]]]},"properties":{"Name":"WOENSDRECHT CTR","Designator":"EHWOD","Type":"CTR","LocalType":"CTR","UpperLimit":3000,"LowerLimit":0,"UpperLimitUnit":"FT","LowerLimitUnit":"FT","Class":"D","name":"WOENSDRECHT CTR"}},{"type":"Feature","geometry":{"type":"Polygon","coordinates":[[[5.99484774500007,52.1369592630001],[5.99568783900003,52.1364478410001],[5.99652321500002,52.135932396],[5.99735294100003,52.135413494],[5.99817697800006,52.1348911600001],[5.99899529000004,52.134365417],[5.99980784000007,52.13383629],[6.00061459000005,52.1333038010001],[6.00141550500007,52.132767975],[6.00221054800005,52.1322288370001],[6.00299968200005,52.131686411],[6.00378287200004,52.1311407210001],[6.00456008300006,52.1305917930001],[6.00533127900007,52.1300396500001],[6.00609642500007,52.129484319],[6.00685548700005,52.1289258250001],[6.00760843000006,52.128364192],[6.00835522000006,52.127799446],[6.00909582300005,52.127231613],[6.00983020500007,52.126660719],[6.01055833400005,52.1260867890001],[6.01128017600007,52.1255098490001],[6.01199569800002,52.124929926],[6.01270486800007,52.1243470460001],[6.01340765500004,52.1237612360001],[6.01410402500005,52.1231725210001],[6.01479394700004,52.12258093],[6.01547739100005,52.1219864870001],[6.01615432500006,52.1213892210001],[6.01682471800007,52.120789159],[6.01748854000004,52.1201863270001],[6.01814576100003,52.119580753],[6.01879635100005,52.1189724650001],[6.01944028100007,52.11836149],[6.02007752100008,52.1177478560001],[6.02070804300007,52.117131591],[6.02133181700003,52.116512722],[6.02194881600008,52.115891278],[6.02255901200004,52.1152672860001],[6.02316237600007,52.114640776],[6.02375888200004,52.114011776],[6.02434850300006,52.1133803130001],[6.02493121100002,52.112746418],[6.02550698100004,52.112110117],[6.02607578600004,52.111471442],[6.02663760100006,52.1108304190001],[6.02719239900006,52.1101870790001],[6.02774015600005,52.1095414500001],[6.02828084800007,52.108893563],[6.02881444800005,52.108243445],[6.02934093400006,52.107591127],[6.02986028100003,52.106936639],[6.03037246600007,52.106280009],[6.03087746600005,52.105621269],[6.03137525700004,52.1049604460001],[6.03186581800003,52.1042975730001],[6.03234912500005,52.1036326780001],[6.03282515700005,52.1029657920001],[6.03329389300006,52.102296945],[6.03375531000006,52.1016261670001],[6.03420938900007,52.1009534900001],[6.03465610800004,52.100278942],[6.03509544800005,52.099602556],[6.03552738800005,52.0989243610001],[6.03595190900006,52.0982443880001],[6.03636899100007,52.0975626690001],[6.03677861600005,52.096879234],[6.03718076500007,52.0961941140001],[6.03757542000005,52.09550734],[6.03796256300006,52.0948189430001],[6.03834217600007,52.094128955],[6.03871424200003,52.0934374070001],[6.03907874400005,52.092744329],[6.03943566700002,52.0920497550001],[6.03978499200002,52.0913537150001],[6.04012670600002,52.09065624],[6.04046079200003,52.0899573630001],[6.04078723400005,52.0892571140001],[6.04110601900004,52.088555527],[6.04141713200005,52.0878526320001],[6.04172055800007,52.0871484620001],[6.04201628500005,52.086443048],[6.04230429800003,52.0857364220001],[6.04258458400005,52.085028617],[6.04285713100006,52.0843196640001],[6.04312192600003,52.083609596],[6.04337895800006,52.0828984460001],[6.04362821500007,52.0821862440001],[6.04386968400007,52.0814730230001],[6.04410335700004,52.0807588170001],[6.04432922100005,52.080043657],[6.04454726700004,52.079327575],[6.04475748400006,52.0786106040001],[6.04495986400002,52.077892777],[6.04515439700003,52.077174126],[6.04534107400002,52.0764546840001],[6.04551988600002,52.0757344840001],[6.04569082600005,52.075013557],[6.04585388700002,52.0742919370001],[6.04600905900003,52.0735696570001],[6.04615633700007,52.0728467490001],[6.04629571400005,52.072123246],[6.04642718300005,52.0713991810001],[6.04655073900005,52.0706745860001],[6.04666637500003,52.0699494950001],[6.04677408700007,52.0692239410001],[6.04687387000007,52.0684979550001],[6.04696571900007,52.067771572],[6.04704963000006,52.067044825],[6.04712559900003,52.066317745],[6.04719362300006,52.065590367],[6.04725369900007,52.064862722],[6.04730582400003,52.0641348450001],[6.04734999500005,52.063406768],[6.04738621100006,52.062678524],[6.04741447000004,52.0619501460001],[6.04743477100004,52.061221667],[6.04744711200004,52.060493121],[6.04745149400003,52.0597645400001],[6.04744791600007,52.059035957],[6.04743637700005,52.058307406],[6.04741688000007,52.057578919],[6.04738942400007,52.056850529],[6.04735401100004,52.056122271],[6.04731064200007,52.0553941750001],[6.04725932000002,52.054666276],[6.04720004600006,52.0539386070001],[6.04713282400007,52.0532112000001],[6.04705765700004,52.0524840890001],[6.04697454700005,52.0517573060001],[6.04688349900005,52.051030885],[6.04678451600006,52.0503048580001],[6.04667760400002,52.0495792580001],[6.04656276700007,52.0488541190001],[6.04644001000003,52.0481294730001],[6.04630934000005,52.047405353],[6.04617076100004,52.046681791],[6.04602428000004,52.045958822],[6.04586990300004,52.0452364770001],[6.04570763900006,52.0445147890001],[6.04553749400003,52.043793791],[6.04535947500005,52.0430735150001],[6.04517359100004,52.042353995],[6.04497985100005,52.041635263],[6.04477826300007,52.0409173520001],[6.04456883600005,52.0402002930001],[6.04435158000007,52.0394841200001],[6.04412650400008,52.0387688650001],[6.04389361900007,52.0380545610001],[6.04365293500007,52.03734124],[6.04340446400005,52.0366289340001],[6.04314821700007,52.0359176750001],[6.04288420400007,52.035207497],[6.04261243900004,52.03449843],[6.04233293300007,52.033790508],[6.04204569900003,52.033083762],[6.04175075100005,52.0323782240001],[6.04144810100007,52.031673927],[6.04113776300005,52.030970901],[6.04081975100007,52.0302691810001],[6.04049408100008,52.029568796],[6.04016076600004,52.028869779],[6.03981982100004,52.028172161],[6.03947126300005,52.0274759750001],[6.03911510700004,52.026781251],[6.03875136800002,52.0260880210001],[6.03838006500007,52.0253963170001],[6.03800121200004,52.0247061700001],[6.03761482900006,52.0240176120001],[6.03722093100004,52.023330672],[6.03681953800003,52.022645384],[6.03641066600005,52.0219617770001],[6.03599433600004,52.021279883],[6.03557056500006,52.020599733],[6.03513937200006,52.019921357],[6.03470077900005,52.019244787],[6.03425480300007,52.0185700530001],[6.03380146600006,52.017897185],[6.03334078800003,52.0172262140001],[6.03287279000006,52.016557171],[6.03239749300008,52.0158900860001],[6.03191491900003,52.0152249880001],[6.03142509000003,52.0145619100001],[6.03092802700007,52.0139008790001],[6.03042375400003,52.0132419270001],[6.02991229300005,52.012585083],[6.02939366700002,52.0119303770001],[6.02886790100007,52.0112778390001],[6.02833501700007,52.0106274980001],[6.02779504000006,52.0099793840001],[6.02724799500004,52.009333526],[6.02669390600005,52.008689954],[6.02613279800005,52.0080486960001],[6.02556469700005,52.0074097820001],[6.02498962900006,52.0067732410001],[6.02440762000003,52.006139101],[6.02381869600003,52.005507392],[6.02322288300007,52.0048781420001],[6.02262020900002,52.004251379],[6.02201070200005,52.0036271320001],[6.02139438800003,52.00300543],[6.02077129600002,52.0023863000001],[6.02014145400005,52.0017697700001],[6.01950489100005,52.0011558690001],[6.01886163500006,52.000544625],[6.01821171500006,51.9999360640001],[6.01755516200006,51.999330215],[6.01689200500005,51.998727106],[6.01622227300004,51.9981267630001],[6.01554599800005,51.9975292130001],[6.01486321000004,51.9969344850001],[6.01417394000003,51.9963426040001],[6.01347821900004,51.9957535980001],[6.01277607900005,51.9951674930001],[6.01206755100003,51.994584316],[6.01135266800003,51.994004094],[6.01063146300004,51.993426852],[6.00990396700007,51.992852617],[6.00917021400005,51.992281415],[6.00843023700003,51.991713272],[6.00768407000004,51.9911482140001],[6.00693174700007,51.990586266],[6.00617330100005,51.990027453],[6.00540876700006,51.989471802],[6.00463818000003,51.988919336],[6.00386157500003,51.9883700830001],[6.00307898600005,51.987824065],[6.00229045000003,51.987281308],[6.00149600200007,51.9867418370001],[6.00069567800006,51.9862056760001],[5.99988951500006,51.9856728490001],[5.99907754900005,51.9851433810001],[5.99825981700008,51.9846172960001],[5.99743635500005,51.984094617],[5.99660720200006,51.9835753680001],[5.99577239500007,51.9830595720001],[5.99493197200007,51.9825472540001],[5.99408597000007,51.982038436],[5.99323442900004,51.981533142],[5.99237738600004,51.9810313930001],[5.99151488200005,51.980533214],[5.99064695400006,51.9800386260001],[5.98977364200005,51.9795476530001],[5.98889498600005,51.9790603160001],[5.98801102600004,51.9785766370001],[5.98712180200005,51.9780966390001],[5.98622735400005,51.9776203420001],[5.98532772200002,51.97714777],[5.98442294800003,51.9766789430001],[5.98351307200005,51.9762138820001],[5.98259813600004,51.9757526080001],[5.98167818100006,51.975295143],[5.98075325000002,51.9748415080001],[5.97982338300005,51.9743917220001],[5.97888862300005,51.9739458060001],[5.97794901300006,51.973503781],[5.97700459500004,51.9730656660001],[5.97605541100006,51.9726314810001],[5.97510150600004,51.972201247],[5.97414292200006,51.9717749810001],[5.97317970300003,51.9713527050001],[5.97221189200008,51.970934437],[5.97123953300007,51.9705201960001],[5.97026267100006,51.97011],[5.96928134900003,51.9697038690001],[5.96829561300007,51.9693018200001],[5.96730550600006,51.968903873],[5.96631107500002,51.9685100450001],[5.96531236300007,51.9681203530001],[5.96430941600005,51.9677348160001],[5.96330228000005,51.9673534520001],[5.96229100100004,51.9669762760001],[5.96127562300006,51.9666033070001],[5.96025619400007,51.9662345620001],[5.95923276000002,51.965870056],[5.95820536600007,51.965509807],[5.95717406000006,51.9651538320001],[5.95613888800005,51.9648021450001],[5.95509989700003,51.964454763],[5.95405713500003,51.9641117030001],[5.95301064800003,51.9637729780001],[5.95196048500003,51.9634386060001],[5.95090669200005,51.9631086000001],[5.94984931700003,51.962782976],[5.94878840900003,51.9624617490001],[5.94772401600005,51.962144933],[5.94665618600004,51.9618325430001],[5.94558496700006,51.961524592],[5.94451040700005,51.961221095],[5.94343255700005,51.9609220660001],[5.94235146300002,51.960627517],[5.94126717700004,51.960337463],[5.94017974600007,51.960051917],[5.93908922000003,51.9597708910001],[5.93799564800003,51.9594943980001],[5.93689908100004,51.9592224520001],[5.93579956700006,51.9589550630001],[5.93469715700007,51.9586922440001],[5.93359190100006,51.958434008],[5.93248384800006,51.9581803660001],[5.93137305000005,51.9579313290001],[5.93025955600007,51.957686908],[5.92914341600004,51.957447116],[5.92802468300005,51.957211962],[5.92690340500008,51.956981457],[5.92577963500003,51.9567556120001],[5.92465342300005,51.9565344380001],[5.92352482000007,51.956317943],[5.92239387700005,51.9561061380001],[5.92126064600006,51.955899032],[5.92012517800003,51.955696636],[5.91898752400004,51.955498957],[5.91784773700005,51.9553060050001],[5.91670586700008,51.95511779],[5.91556196700003,51.954934318],[5.91441608900004,51.9547555990001],[5.91326828400003,51.9545816410001],[5.91211860400006,51.9544124510001],[5.91096710200003,51.9542480380001],[5.90981383000008,51.9540884080001],[5.90865884000004,51.9539335690001],[5.90750218500006,51.953783528],[5.90634391600003,51.953638293],[5.90518408800006,51.9534978680001],[5.90402275100007,51.9533622610001],[5.90402250000005,51.953362224],[5.90394722200006,51.9533555560001],[5.90042832300003,51.946235766],[5.89691054000002,51.9391158700001],[5.89339387400003,51.93199587],[5.88987832400005,51.9248757650001],[5.88636388900005,51.917755556],[5.87349377700002,51.9201901330001],[5.86062227000002,51.922623306],[5.84774936700006,51.925055076],[5.83487507000007,51.927485441],[5.82199937900003,51.9299144020001],[5.80912229500007,51.9323419580001],[5.79624381800005,51.9347681090001],[5.78336394800004,51.937192854],[5.77048268600004,51.9396161940001],[5.75760003400006,51.942038128],[5.74471599000003,51.9444586560001],[5.73183055600003,51.946877778],[5.73531445600003,51.9539857620001],[5.73879946100004,51.961093642],[5.74228557200007,51.9682014200001],[5.74577278800007,51.9753090950001],[5.74926111100007,51.9824166670001],[5.74905058700006,51.9824810580001],[5.74904962500005,51.9824810850001],[5.74820832900002,51.982993041],[5.74737264700002,51.983508478],[5.74654261600006,51.9840273730001],[5.74571827400007,51.984549702],[5.74489965800007,51.985075442],[5.74408680500005,51.985604568],[5.74327975300002,51.9861370580001],[5.74247853800006,51.9866728860001],[5.74168319500006,51.987212029],[5.74089376300003,51.9877544610001],[5.74011027500006,51.9883001590001],[5.73933276800005,51.9888490970001],[5.73856127700003,51.9894012510001],[5.73779583600003,51.9899565950001],[5.73703648200006,51.990515105],[5.73628324800006,51.9910767550001],[5.73553616700002,51.991641519],[5.73479527600006,51.992209373],[5.73406060500002,51.9927802890001],[5.73333219100004,51.9933542430001],[5.73261006400003,51.993931208],[5.73189425800007,51.9945111580001],[5.73118480500005,51.9950940670001],[5.73048173900003,51.9956799080001],[5.72978508900007,51.9962686550001],[5.72909488900007,51.9968602810001],[5.72841116900003,51.997454759],[5.72773396100007,51.9980520620001],[5.72706329500005,51.998652163],[5.72639920100005,51.9992550360001],[5.72574171000002,51.9998606510001],[5.72509085200005,52.0004689830001],[5.72444665500007,52.001080003],[5.72380915000002,52.001693684],[5.72317836600007,52.002309998],[5.72255433000004,52.0029289170001],[5.72193707100007,52.003550413],[5.72132661700005,52.004174457],[5.72072299600006,52.004801021],[5.72012623600006,52.0054300780001],[5.71953636300003,52.006061598],[5.71895340300006,52.006695553],[5.71837738500005,52.007331913],[5.71780833300005,52.0079706510001],[5.71724627300006,52.0086117370001],[5.71669123200007,52.009255142],[5.71614323300003,52.009900836],[5.71560230300003,52.0105487910001],[5.71506846500006,52.011198978],[5.71454174400003,52.011851366],[5.71402216300004,52.0125059260001],[5.71350974700005,52.013162628],[5.71300451800005,52.013821443],[5.71250650000007,52.0144823410001],[5.71201571500006,52.0151452920001],[5.71153218500007,52.015810265],[5.71105593200002,52.0164772300001],[5.71058697800004,52.0171461580001],[5.71012534400006,52.017817017],[5.70967105100004,52.0184897780001],[5.70922411900005,52.01916441],[5.70878457000003,52.019840882],[5.70835242200008,52.0205191640001],[5.70792769600007,52.021199224],[5.70751041100004,52.0218810320001],[5.70710058500003,52.0225645580001],[5.70669823800006,52.0232497690001],[5.70630338700005,52.023936636],[5.70591605000004,52.024625126],[5.70553624600007,52.025315209],[5.70516399100006,52.0260068530001],[5.70479930100004,52.0267000260001],[5.70444219500007,52.0273946990001],[5.70409268700007,52.028090838],[5.70375079400003,52.028788412],[5.70341653200006,52.02948739],[5.70308991400003,52.03018774],[5.70277095700004,52.0308894300001],[5.70245967500006,52.0315924290001],[5.70215608100006,52.032296704],[5.70186019000005,52.033002223],[5.70157201500007,52.0337089550001],[5.70129156900003,52.0344168680001],[5.70101886500004,52.0351259280001],[5.70075391500006,52.035836105],[5.70049673100004,52.036547366],[5.70024732500002,52.0372596780001],[5.70000570800005,52.03797301],[5.69977189100007,52.038687328],[5.69954588600007,52.0394026020001],[5.69932770100007,52.040118797],[5.69911734700003,52.0408358820001],[5.69891483300006,52.0415538240001],[5.69872016900007,52.04227259],[5.69853336300002,52.042992149],[5.69835442500005,52.043712467],[5.69818336100008,52.0444335110001],[5.69802018100006,52.0451552490001],[5.69786489000006,52.045877648],[5.69771749700004,52.046600676],[5.69757800800005,52.0473242990001],[5.69744642900002,52.048048485],[5.69732276600007,52.0487732010001],[5.69720702500007,52.049498414],[5.69709921100002,52.05022409],[5.69699932900005,52.0509501990001],[5.69690738400004,52.051676705],[5.69682337900002,52.0524035760001],[5.69674731900005,52.0531307800001],[5.69667920700005,52.0538582830001],[5.69661904600002,52.054586052],[5.69656683900007,52.0553140550001],[5.69652258700006,52.056042258],[5.69648629400007,52.056770628],[5.69645796100002,52.057499132],[5.69643758900003,52.058227738],[5.69642517900007,52.0589564110001],[5.69642073100005,52.0596851190001],[5.69642424700004,52.0604138300001],[5.69643572500007,52.061142509],[5.69645516500003,52.061871124],[5.69648256600004,52.0625996420001],[5.69651792700006,52.063328029],[5.69656124600004,52.064056253],[5.69661252200007,52.0647842810001],[5.69667175200004,52.0655120800001],[5.69673893400005,52.0662396160001],[5.69681406300003,52.0669668560001],[5.69689713800005,52.067693768],[5.69698815400005,52.068420319],[5.69708710700007,52.0691464750001],[5.69719399200005,52.069872204],[5.69730880500003,52.0705974730001],[5.69743154100007,52.071322249],[5.69756219300007,52.0720464980001],[5.69770075700006,52.072770189],[5.69784722500003,52.0734932880001],[5.69800159100004,52.074215763],[5.69816384900003,52.07493758],[5.69833399000004,52.0756587070001],[5.69851200700003,52.076379112],[5.69869789200004,52.0770987610001],[5.69889163600004,52.0778176220001],[5.69909323100006,52.078535662],[5.69930266800003,52.0792528490001],[5.69951993600006,52.0799691500001],[5.69974502700006,52.0806845330001],[5.69997793000005,52.0813989650001],[5.70021863400007,52.0821124140001],[5.70046712800007,52.082824847],[5.70072340200005,52.0835362330001],[5.70098744400002,52.0842465380001],[5.70125924100006,52.084955731],[5.70153878100007,52.0856637800001],[5.70182605200006,52.086370651],[5.70212104000007,52.0870763140001],[5.70242373300005,52.0877807370001],[5.70273411600004,52.0884838860001],[5.70305217500004,52.089185731],[5.70337789600006,52.0898862400001],[5.70371126400005,52.0905853800001],[5.70405226500003,52.0912831210001],[5.70440088200007,52.091979429],[5.70475710000005,52.092674275],[5.70512090200003,52.093367626],[5.70549227200007,52.09405945],[5.70587119400005,52.0947497180001],[5.70625764900007,52.0954383960001],[5.70665162100005,52.0961254540001],[5.70705309200002,52.0968108610001],[5.70746204300002,52.097494585],[5.70787845600006,52.098176596],[5.70830231200006,52.098856863],[5.70873359200004,52.0995353550001],[5.70917227600006,52.10021204],[5.70961834400003,52.100886889],[5.71007177600006,52.1015598700001],[5.71053255100003,52.102230954],[5.71100064900003,52.1029001100001],[5.71147604900005,52.1035673060001],[5.71195872800007,52.104232514],[5.71244866500007,52.1048957030001],[5.71294583800005,52.1055568420001],[5.71345022400004,52.1062159030001],[5.71396179900006,52.1068728540001],[5.71448054200005,52.1075276670001],[5.71500642900003,52.1081803110001],[5.71553943500004,52.108830756],[5.71607953600005,52.1094789740001],[5.71662670800004,52.110124935],[5.71718092600003,52.11076861],[5.71774216600005,52.111409968],[5.71831040000006,52.112048982],[5.71888560500003,52.1126856230001],[5.71946775300006,52.113319861],[5.72005681800005,52.113951667],[5.72065277300004,52.1145810140001],[5.72125559200003,52.1152078710001],[5.72186524700004,52.115832212],[5.72248171100006,52.1164540080001],[5.72310495500005,52.1170732300001],[5.72373495100004,52.11768985],[5.72437167100003,52.1183038410001],[5.72501508500005,52.1189151740001],[5.72566516500007,52.1195238220001],[5.72632188100005,52.120129757],[5.72698520300003,52.120732952],[5.72765510100004,52.1213333790001],[5.72833154500006,52.1219310110001],[5.72901450400008,52.1225258210001],[5.72970394800006,52.1231177820001],[5.73039984300004,52.1237068680001],[5.73110216100002,52.1242930500001],[5.73181086700004,52.1248763040001],[5.73252593100005,52.125456602],[5.73324731900004,52.1260339180001],[5.73397500000004,52.126608225],[5.73470893900003,52.1271794990001],[5.73544910400005,52.127747712],[5.73619546200007,52.12831284],[5.73694797700006,52.128874855],[5.73770661700007,52.129433734],[5.73847134600004,52.12998945],[5.73924213100003,52.130541979],[5.74001893500002,52.131091295],[5.74080172500004,52.131637374],[5.74159046300002,52.1321801890001],[5.74238511600004,52.132719718],[5.74318564500004,52.1332559360001],[5.74399201600005,52.133788818],[5.74480419100007,52.1343183390001],[5.74562213500008,52.1348444770001],[5.74644580800003,52.1353672070001],[5.74727517500003,52.135886505],[5.74811019800006,52.136402348],[5.74895083800004,52.1369147120001],[5.74979705800007,52.1374235750001],[5.75064881900005,52.1379289120001],[5.75150608300004,52.1384307020001],[5.75236881000006,52.138928922],[5.75323696200007,52.1394235480001],[5.75411049900003,52.139914558],[5.75498938100003,52.140401931],[5.75587356900007,52.140885643],[5.75676302300008,52.141365674],[5.75765770200007,52.1418420000001],[5.75855756500005,52.1423146020001],[5.75946257200007,52.1427834560001],[5.76037268200002,52.143248543],[5.76128785300006,52.14370984],[5.76220804400003,52.144167328],[5.76313321400005,52.144620984],[5.76406331900006,52.145070789],[5.76499831800004,52.1455167220001],[5.76593816900004,52.1459587630001],[5.76688282900005,52.146396892],[5.76783225500003,52.146831089],[5.76878640400002,52.1472613350001],[5.76974523300004,52.1476876090001],[5.77070869700003,52.148109892],[5.77167675500004,52.1485281660001],[5.77264936100005,52.1489424110001],[5.77362647100006,52.1493526090001],[5.77460804100002,52.14975874],[5.77559402700007,52.1501607870001],[5.77658438400005,52.150558731],[5.77757906700003,52.1509525550001],[5.77857803000006,52.151342239],[5.77958122900003,52.1517277680001],[5.78058861800002,52.1521091220001],[5.78160015100002,52.1524862860001],[5.78261578300004,52.152859241],[5.78363546700007,52.153227971],[5.78465915600003,52.153592459],[5.78568680600006,52.1539526880001],[5.78671836800004,52.154308643],[5.78775379700005,52.154660307],[5.78879304500003,52.155007664],[5.78983606400004,52.1553506980001],[5.79088280900004,52.155689394],[5.79193323000004,52.1560237360001],[5.79298728200007,52.1563537100001],[5.79404491500003,52.1566793000001],[5.79510608100003,52.1570004910001],[5.79617073400004,52.1573172700001],[5.79723882400003,52.1576296210001],[5.79831030200006,52.15793753],[5.79938512100006,52.158240984],[5.80046323100004,52.1585399680001],[5.80154458400006,52.15883447],[5.80262913100006,52.1591244750001],[5.80371682100002,52.1594099710001],[5.80480760700004,52.159690944],[5.80590143800003,52.159967383],[5.80699826500006,52.1602392730001],[5.80809803800003,52.160506604],[5.80920070800005,52.1607693620001],[5.81030622300005,52.1610275370001],[5.81141453500004,52.1612811160001],[5.81252559200004,52.1615300870001],[5.81363934500007,52.16177444],[5.81475574200005,52.162014163],[5.81587473400003,52.162249246],[5.81699626900007,52.1624796770001],[5.81812029600007,52.1627054470001],[5.81924676500006,52.1629265450001],[5.82037562500005,52.1631429610001],[5.82150682300005,52.163354686],[5.82264031000005,52.1635617090001],[5.82377603300006,52.1637640210001],[5.82491394100003,52.163961613],[5.82605398200008,52.1641544770001],[5.82719610500004,52.164342602],[5.82834025700004,52.164525982],[5.82948638800002,52.164704607],[5.83063444400005,52.1648784700001],[5.83178437400005,52.165047562],[5.83293612500006,52.1652118760001],[5.83408964600005,52.165371404],[5.83524488400008,52.1655261400001],[5.83640178700006,52.1656760750001],[5.83756030200004,52.1658212040001],[5.83872037600003,52.1659615200001],[5.83988195700005,52.166097016],[5.83988220800006,52.166097054],[5.83980555600004,52.166091667],[5.84332774600006,52.1732046550001],[5.84685106300003,52.1803175380001],[5.85037550600003,52.187430315],[5.85390107800004,52.1945429880001],[5.85742777800004,52.201655556],[5.87038279400002,52.1992286300001],[5.88333639400003,52.196800286],[5.89628857900004,52.194370523],[5.90923934700004,52.1919393430001],[5.92218869900006,52.1895067450001],[5.93513663300007,52.1870727300001],[5.94808315000006,52.1846372970001],[5.96102824800005,52.1822004480001],[5.97397192700004,52.179762182],[5.98691418600004,52.1773225000001],[5.99985502500004,52.174881403],[6.01279444400006,52.172438889],[6.00924495500004,52.1653302130001],[6.00569660000002,52.15822143],[6.00214937900006,52.151112541],[5.99860329000006,52.1440035460001],[5.99505833300003,52.1368944440001],[5.99484774500007,52.1369592630001]]]},"properties":{"Name":"DEELEN CTR","Designator":"EHDLD","Type":"CTR","LocalType":"CTR","UpperLimit":3000,"LowerLimit":0,"UpperLimitUnit":"FT","LowerLimitUnit":"FT","Class":"D","name":"DEELEN CTR"}},{"type":"Feature","geometry":{"type":"Polygon","coordinates":[[[6.76014003000006,53.144732667],[6.76035310800006,53.144028969],[6.76055964700004,53.143320144],[6.76075834300002,53.1426105080001],[6.76094918600006,53.1419000920001],[6.76113216700003,53.1411889290001],[6.76130727900005,53.140477049],[6.76147451400004,53.1397644840001],[6.76163386400003,53.1390512660001],[6.76178532300003,53.138337425],[6.76192888300005,53.1376229950001],[6.76206453900005,53.1369080060001],[6.76219228400004,53.1361924890001],[6.76231211300006,53.1354764770001],[6.76242402000003,53.1347600020001],[6.76252800100002,53.134043095],[6.76262405000006,53.133325787],[6.76271216400005,53.1326081110001],[6.76279233900004,53.131890098],[6.76286457100002,53.13117178],[6.76292885700008,53.130453189],[6.76298519400007,53.1297343570001],[6.76303357900002,53.1290153150001],[6.76307401100007,53.1282960950001],[6.76310648800006,53.12757673],[6.76313100700003,53.1268572500001],[6.76314756900007,53.126137688],[6.76315617300003,53.1254180760001],[6.76315681700004,53.1246984460001],[6.76314950200003,53.1239788280001],[6.76313422900006,53.123259256],[6.76311099800006,53.122539761],[6.76307980900003,53.121820375],[6.76304066500006,53.1211011300001],[6.76299356800007,53.120382057],[6.76293851800006,53.1196631880001],[6.76287551900003,53.118944556],[6.76280457400003,53.1182261920001],[6.76272568500002,53.1175081270001],[6.76263885600002,53.1167903950001],[6.76254409100005,53.116073025],[6.76244139500005,53.115356051],[6.76233077100005,53.114639503],[6.76221222400005,53.1139234140001],[6.76208576100004,53.1132078160001],[6.76195138500003,53.1124927390001],[6.76180910400006,53.1117782150001],[6.76165892400007,53.1110642770001],[6.76150085100005,53.110350956],[6.76133489200004,53.109638283],[6.76116105500006,53.1089262900001],[6.76097934700005,53.108215009],[6.76078977700007,53.10750447],[6.76059235200006,53.1067947060001],[6.76038708200002,53.1060857480001],[6.76017397600003,53.1053776260001],[6.75995304200006,53.104670373],[6.75972429200004,53.10396402],[6.75948773400006,53.1032585980001],[6.75924337900005,53.1025541380001],[6.75899123900007,53.1018506720001],[6.75873132400005,53.10114823],[6.75846364600005,53.100446844],[6.75818821700005,53.0997465450001],[6.75790504900004,53.0990473640001],[6.75761415400007,53.0983493310001],[6.75731554500004,53.0976524770001],[6.75700923600004,53.0969568340001],[6.75669524000006,53.096262433],[6.75637357100004,53.095569303],[6.75604424400007,53.0948774760001],[6.75570727200005,53.0941869820001],[6.75536267100006,53.0934978510001],[6.75501045500005,53.0928101150001],[6.75465064200006,53.092123804],[6.75428324500007,53.0914389480001],[6.75390828300004,53.090755578],[6.75352577100006,53.090073723],[6.75313572600004,53.089393413],[6.75273816600003,53.0887146800001],[6.75233310700003,53.088037553],[6.75192056900005,53.0873620620001],[6.75150056900003,53.086688236],[6.75107312600005,53.086016107],[6.75063825900003,53.085345702],[6.75019598700004,53.0846770530001],[6.74974633000005,53.0840101890001],[6.74928930700003,53.083345138],[6.74882493900003,53.0826819320001],[6.74835324600002,53.082020598],[6.74787425000005,53.0813611670001],[6.74738797000003,53.0807036670001],[6.74689443000005,53.0800481270001],[6.74639365100006,53.0793945780001],[6.74588565400006,53.0787430460001],[6.74537046300003,53.078093562],[6.74484810000007,53.0774461550001],[6.74431858900004,53.076800851],[6.74378195200006,53.076157682],[6.74323821400003,53.075516674],[6.74268739800004,53.0748778560001],[6.74212953000006,53.0742412560001],[6.74156463300005,53.073606903],[6.74099273200005,53.0729748250001],[6.74041385400005,53.072345049],[6.73982802300003,53.0717176040001],[6.73923526600004,53.0710925170001],[6.73863560900003,53.0704698170001],[6.73802907800007,53.0698495290001],[6.73741570000004,53.0692316830001],[6.73679550200006,53.068616305],[6.73616851200006,53.0680034220001],[6.73553475800003,53.0673930620001],[6.73489426700007,53.066785252],[6.73424706800006,53.0661800190001],[6.73359318900003,53.0655773880001],[6.73293266100006,53.064977388],[6.73226551000005,53.0643800450001],[6.73159176800004,53.063785384],[6.73091146400003,53.063193433],[6.73022462900008,53.0626042170001],[6.72953129200005,53.062017763],[6.72883148400007,53.0614340970001],[6.72812523600004,53.060853244],[6.72741258000002,53.0602752300001],[6.72669354700002,53.0597000810001],[6.72596816900005,53.059127823],[6.72523647800006,53.0585584790001],[6.72449850600003,53.0579920770001],[6.72375428600003,53.0574286400001],[6.72300385100004,53.0568681940001],[6.72224723400006,53.0563107630001],[6.72148446900007,53.0557563720001],[6.72071558900006,53.0552050470001],[6.71994062900006,53.05465681],[6.71915962300005,53.054111687],[6.71837260400002,53.0535697010001],[6.71757960900004,53.053030877],[6.71678067300007,53.0524952380001],[6.71597583000005,53.051962809],[6.71516511600004,53.051433612],[6.71434856700006,53.0509076700001],[6.71352621900007,53.0503850090001],[6.71269810900003,53.0498656500001],[6.71186427400005,53.049349616],[6.71102474900005,53.04883693],[6.71017957300006,53.0483276160001],[6.70932878300005,53.047821695],[6.70847241600006,53.0473191900001],[6.70761051100004,53.046820123],[6.70674310500004,53.046324516],[6.70587023700006,53.0458323920001],[6.70499194500007,53.045343771],[6.70410826900007,53.044858676],[6.70321924700005,53.0443771280001],[6.70232491900003,53.043899149],[6.70142532500006,53.0434247590001],[6.70052050400005,53.0429539790001],[6.69961049600005,53.0424868310001],[6.69869534100008,53.0420233350001],[6.69777508100003,53.041563512],[6.69684975500007,53.0411073810001],[6.69591940600003,53.0406549640001],[6.69498407300006,53.0402062800001],[6.69404379800005,53.0397613480001],[6.69309862400007,53.0393201890001],[6.69214859100003,53.0388828230001],[6.69119374200005,53.0384492680001],[6.69023411900002,53.0380195440001],[6.68926976500006,53.037593669],[6.68830072200006,53.037171663],[6.68732703300003,53.0367535450001],[6.68634874100007,53.0363393320001],[6.68536589000007,53.0359290440001],[6.68437852300002,53.035522697],[6.68338668300004,53.0351203110001],[6.68239041500004,53.034721903],[6.68138976300003,53.0343274910001],[6.68038477100004,53.033937092],[6.67937548400005,53.0335507230001],[6.67836194500006,53.0331684020001],[6.67734420100004,53.0327901460001],[6.67632229600002,53.03241597],[6.67529627500005,53.032045893],[6.67426618300004,53.0316799290001],[6.67323206800006,53.0313180960001],[6.67219397300005,53.030960409],[6.67115194500008,53.0306068850001],[6.67010603000006,53.0302575380001],[6.66905627500006,53.029912385],[6.66800272500006,53.02957144],[6.66694542800008,53.029234719],[6.66588443100005,53.0289022360001],[6.66481978000007,53.028574007],[6.66375152200004,53.028250045],[6.66267970500007,53.0279303660001],[6.66160437500002,53.027614983],[6.66052558200005,53.027303911],[6.65944337200006,53.026997162],[6.65835779400004,53.026694751],[6.65726889500007,53.0263966910001],[6.65617672300004,53.026102995],[6.65508132800005,53.025813676],[6.65398275600006,53.0255287480001],[6.65288105800005,53.0252482220001],[6.65177628200007,53.0249721110001],[6.65066847600002,53.024700427],[6.64955769100004,53.0244331820001],[6.64844397400003,53.0241703890001],[6.64732737500003,53.0239120580001],[6.64620794400003,53.023658202],[6.64508573000006,53.023408831],[6.64396078300007,53.0231639560001],[6.64283315200004,53.022923588],[6.64170288800005,53.022687739],[6.64057004100005,53.022456418],[6.63943466000006,53.022229635],[6.63829679700007,53.0220074010001],[6.63715650000006,53.0217897260001],[6.63601382200005,53.021576618],[6.63486881100005,53.0213680890001],[6.63372152000005,53.0211641450001],[6.63257199900005,53.0209647980001],[6.63142029800002,53.0207700550001],[6.63026646900005,53.020579926],[6.62911056200005,53.0203944180001],[6.62795263000004,53.02021354],[6.62679272300005,53.0200373000001],[6.62563089200006,53.019865705],[6.62446718900003,53.0196987640001],[6.62330166500004,53.0195364840001],[6.62213437300005,53.0193788710001],[6.62096536300004,53.019225933],[6.61979468800007,53.0190776760001],[6.61862239800007,53.0189341080001],[6.61744854700004,53.018795234],[6.61627318600006,53.018661061],[6.61509636700004,53.0185315950001],[6.61391814200005,53.0184068400001],[6.61273856400004,53.0182868040001],[6.61155768400005,53.018171491],[6.61037555500008,53.0180609060001],[6.60919222900003,53.017955054],[6.60800775800004,53.0178539390001],[6.60682219500006,53.017757568],[6.60563559300004,53.0176659420001],[6.60444800400006,53.017579068],[6.60325948000008,53.017496947],[6.60207007400004,53.017419585],[6.60087983900007,53.0173469850001],[6.59968882700002,53.017279149],[6.59849709100007,53.0172160810001],[6.59730468400005,53.0171577830001],[6.59611165900003,53.0171042590001],[6.59491806800003,53.01705551],[6.59372396500004,53.0170115380001],[6.59252940200003,53.016972346],[6.59133443100006,53.016937936],[6.59013910700003,53.016908308],[6.58894348100006,53.016883465],[6.58774760700004,53.0168634070001],[6.58655153700005,53.016848134],[6.58535532500002,53.0168376490001],[6.58415902400003,53.016831951],[6.58296268600003,53.016831041],[6.58176636500002,53.016834918],[6.58057011200003,53.016843582],[6.57937398300004,53.0168570330001],[6.57817802800002,53.0168752710001],[6.57698230100004,53.016898295],[6.57578685600004,53.0169261030001],[6.57459174500002,53.016958694],[6.57339702000007,53.016996068],[6.57220273600007,53.0170382210001],[6.57100894400003,53.017085153],[6.56981569700002,53.017136862],[6.56862304900005,53.0171933440001],[6.56743105200007,53.0172545980001],[6.56623975800005,53.0173206210001],[6.56504922200003,53.017391409],[6.56385949400004,53.0174669610001],[6.56267062800003,53.0175472710001],[6.56148267700007,53.0176323380001],[6.56029569300006,53.017722157],[6.55910972900006,53.0178167240001],[6.55792483700003,53.017916035],[6.55674106900005,53.018020085],[6.55555847900007,53.0181288700001],[6.55437711700006,53.0182423860001],[6.55319703800006,53.0183606260001],[6.55201829200007,53.018483587],[6.55084093200003,53.018611262],[6.54966501000007,53.018743645],[6.54849057900003,53.0188807320001],[6.54731768900007,53.0190225150001],[6.54614639400006,53.019168989],[6.54497674400005,53.019320147],[6.54380879300004,53.0194759830001],[6.54264259000007,53.019636489],[6.54147818900003,53.0198016580001],[6.54031564000007,53.0199714830001],[6.53915499500005,53.0201459570001],[6.53799630500004,53.020325072],[6.53683962200006,53.02050882],[6.53568499700003,53.020697193],[6.53453248100004,53.0208901820001],[6.53338212400007,53.021087779],[6.53223397900007,53.0212899750001],[6.53108809500003,53.021496761],[6.52994452300004,53.0217081280001],[6.52880331500006,53.021924067],[6.52766452000003,53.022144569],[6.52652818900003,53.022369622],[6.52539437200005,53.022599218],[6.52426311900007,53.0228333470001],[6.52313448100006,53.023071997],[6.52200850800006,53.0233151580001],[6.52088524800007,53.0235628200001],[6.51976475300006,53.0238149720001],[6.51864707100003,53.024071602],[6.51753225200002,53.0243327000001],[6.51642034500003,53.0245982530001],[6.51531140100008,53.0248682490001],[6.51420546600002,53.0251426780001],[6.51310259200005,53.0254215260001],[6.51200282500002,53.0257047810001],[6.51090621600002,53.0259924320001],[6.50981281300005,53.0262844640001],[6.50886392600006,53.0265424580001],[6.49758346100003,53.021216306],[6.48627805400002,53.0158759830001],[6.47497544600003,53.010534588],[6.46367563500007,53.005192123],[6.45237862000005,52.999848586],[6.44108440300005,52.99450398],[6.42979298000006,52.9891583030001],[6.41850435300006,52.9838115570001],[6.40721851900003,52.978463742],[6.39593548000005,52.9731148590001],[6.38465523300005,52.967764908],[6.37337777800008,52.9624138890001],[6.36490005600007,52.968974157],[6.35641976100004,52.975533823],[6.34793689000003,52.9820928840001],[6.33945144400008,52.988651342],[6.33096342100004,52.995209195],[6.32247281900004,53.0017664440001],[6.31397963800003,53.0083230880001],[6.30548387600004,53.014879126],[6.29698553300005,53.0214345590001],[6.28848460600005,53.027989387],[6.27998109600003,53.034543608],[6.27147500000007,53.0410972220001],[6.28272076700006,53.046439175],[6.29396932200007,53.051780068],[6.30522066500004,53.0571199],[6.31647479600002,53.0624586700001],[6.32773171800005,53.0677963780001],[6.33899142900003,53.0731330230001],[6.35025393200004,53.0784686050001],[6.36151922600004,53.083803124],[6.37278731300006,53.0891365790001],[6.38405819200005,53.09446897],[6.39533186500006,53.0998002960001],[6.40660833300007,53.1051305560001],[6.40652967100004,53.1052618910001],[6.40652828800006,53.105261898],[6.40631389800006,53.1059698870001],[6.40610734400008,53.1066787170001],[6.40590863400007,53.107388359],[6.40571777700006,53.10809878],[6.40553478100003,53.108809949],[6.40535965500004,53.1095218340001],[6.40519240700007,53.110234405],[6.40503304200007,53.1109476290001],[6.40488157000004,53.1116614750001],[6.40473799600005,53.1123759120001],[6.40460232700002,53.1130909070001],[6.40447456900006,53.1138064300001],[6.40435472700005,53.1145224480001],[6.40424280700006,53.115238929],[6.40413881300003,53.1159558430001],[6.40404275100008,53.116673157],[6.40395462500004,53.11739084],[6.40387443800006,53.1181088590001],[6.40380219400004,53.1188271830001],[6.40373789600005,53.1195457810001],[6.40368154700008,53.1202646200001],[6.40363315000008,53.1209836680001],[6.40359270600004,53.1217028950001],[6.40356021800005,53.122422267],[6.40353568700004,53.123141753],[6.40351911400006,53.123861322],[6.40351050000004,53.124580941],[6.40350984500003,53.1253005780001],[6.40351714800005,53.1260202020001],[6.40353241100007,53.1267397820001],[6.40355563200006,53.1274592840001],[6.40358681000004,53.1281786770001],[6.40362594400005,53.1288979290001],[6.40367303200003,53.1296170090001],[6.40372807200004,53.1303358850001],[6.40379106100005,53.131054524],[6.40386199700004,53.131772896],[6.40394087600004,53.1324909680001],[6.40402769600007,53.133208708],[6.40412245200002,53.133926085],[6.40422514000005,53.1346430660001],[6.40433575500003,53.1353596210001],[6.40445429300007,53.136075718],[6.40458074900005,53.1367913240001],[6.40471511600003,53.137506408],[6.40485738900003,53.1382209390001],[6.40500756100005,53.138934885],[6.40516562600004,53.139648214],[6.40533157800007,53.1403608940001],[6.40550540700002,53.141072895],[6.40568710800005,53.1417841840001],[6.40587667100004,53.1424947300001],[6.40607408900007,53.1432045020001],[6.40627935200007,53.1439134680001],[6.40649245200007,53.1446215970001],[6.40671337900005,53.145328858],[6.40694212400007,53.1460352190001],[6.40717867500007,53.146740649],[6.40742302400002,53.147445116],[6.40767515800007,53.1481485900001],[6.40793506700004,53.1488510400001],[6.40820274000004,53.149552434],[6.40847816400003,53.150252741],[6.40876132700004,53.1509519300001],[6.40905221700007,53.151649971],[6.40935082100003,53.152346832],[6.40965712500002,53.153042483],[6.40997111700005,53.153736893],[6.41029278100007,53.1544300310001],[6.41062210500007,53.1551218660001],[6.41095907300007,53.1558123680001],[6.41130367000005,53.156501506],[6.41165588200005,53.15718925],[6.41201569200007,53.1578755690001],[6.41238308500004,53.158560433],[6.41275804400004,53.1592438110001],[6.41314055300006,53.1599256740001],[6.41353059500005,53.1606059910001],[6.41392815300003,53.1612847320001],[6.41433320800007,53.161961868],[6.41474574400007,53.1626373670001],[6.41516574200006,53.1633112000001],[6.41559318300006,53.163983338],[6.41602804800004,53.1646537500001],[6.41647031800005,53.1653224070001],[6.41691997400005,53.165989279],[6.41737699500004,53.1666543370001],[6.41784136200005,53.167317552],[6.41831305400007,53.1679788930001],[6.41879204900005,53.1686383320001],[6.41927832700003,53.1692958400001],[6.41977186700007,53.169951387],[6.42027264600006,53.170604945],[6.42078064200007,53.1712564840001],[6.42129583300004,53.1719059750001],[6.42181819600006,53.1725533910001],[6.42234770700003,53.173198702],[6.42288434400007,53.1738418790001],[6.42342808300003,53.174482895],[6.42397889900008,53.17512172],[6.42453676900004,53.175758327],[6.42510166600005,53.1763926880001],[6.42567356800004,53.1770247740001],[6.42625244700002,53.177654557],[6.42683827900004,53.178282009],[6.42743103800007,53.1789071040001],[6.42803069700005,53.1795298120001],[6.42863723000005,53.180150107],[6.42925061000005,53.1807679610001],[6.42987080900002,53.1813833460001],[6.43049780100006,53.181996236],[6.43113155800006,53.1826066030001],[6.43177205200004,53.1832144200001],[6.43241925300003,53.183819661],[6.43307313400004,53.1844222990001],[6.43373366600002,53.1850223060001],[6.43440081900007,53.185619656],[6.43507456500004,53.186214324],[6.43575487200008,53.1868062820001],[6.43644171100004,53.187395505],[6.43713505200003,53.1879819660001],[6.43783486300003,53.188565639],[6.43854111500002,53.1891464990001],[6.43925377500005,53.189724519],[6.43997281200006,53.1902996750001],[6.44069819500004,53.1908719410001],[6.44142989100004,53.191441291],[6.44216786700002,53.1920077],[6.44291209200003,53.1925711430001],[6.44366253100003,53.1931315960001],[6.44441915300007,53.1936890330001],[6.44518192300006,53.19424343],[6.44595080800002,53.1947947620001],[6.44672577400007,53.195343005],[6.44750678600008,53.195888134],[6.44829381000005,53.1964301260001],[6.44908681000004,53.1969689570001],[6.44988575300005,53.197504602],[6.45069060200007,53.1980370370001],[6.45150132200007,53.198566241],[6.45231787700004,53.1990921870001],[6.45314023100002,53.199614855],[6.45396834700006,53.2001342200001],[6.45480219000007,53.20065026],[6.45564172100006,53.2011629510001],[6.45648690400003,53.2016722710001],[6.45733770100003,53.2021781980001],[6.45819407500005,53.2026807080001],[6.45905598700006,53.2031797810001],[6.45992340100003,53.203675393],[6.46079627600005,53.2041675230001],[6.46167457500007,53.204656148],[6.46255825900005,53.2051412490001],[6.46344728900004,53.2056228020001],[6.46434162400004,53.206100786],[6.46524122700004,53.2065751810001],[6.46614605600007,53.2070459660001],[6.46705607200005,53.2075131190001],[6.46797123500005,53.2079766190001],[6.46889150400006,53.208436448],[6.46981683800004,53.2088925830001],[6.47074719600005,53.209345005],[6.47168253700005,53.209793694],[6.47262282100007,53.21023863],[6.47356800400007,53.2106797930001],[6.47451804600007,53.211117164],[6.47547290400007,53.2115507230001],[6.47643253600006,53.211980451],[6.47739690000003,53.2124063300001],[6.47836595200005,53.21282834],[6.47933965000004,53.213246462],[6.48031795100007,53.213660679],[6.48130081200003,53.2140709710001],[6.48228818900003,53.2144773210001],[6.48328003800003,53.214879711],[6.48427631600003,53.2152781230001],[6.48527697800006,53.215672538],[6.48628198000006,53.2160629410001],[6.48729127700005,53.2164493130001],[6.48830482600005,53.216831637],[6.48932258100007,53.217209897],[6.49034449600003,53.217584076],[6.49137052800006,53.2179541560001],[6.49240062900003,53.2183201230001],[6.49343475600006,53.218681959],[6.49447286100008,53.219039648],[6.49551490000005,53.2193931750001],[6.49656082500007,53.2197425250001],[6.49761059100007,53.2200876810001],[6.49866415200006,53.220428628],[6.49972145900006,53.2207653510001],[6.50078246800007,53.2210978360001],[6.50184713000004,53.221426068],[6.50291539900007,53.2217500310001],[6.50398722800003,53.2220697120001],[6.50506256800003,53.222385097],[6.50614137300005,53.222696172],[6.50722359400004,53.223002922],[6.50830918400004,53.2233053350001],[6.50939809400006,53.223603397],[6.51049027700003,53.2238970940001],[6.51158568400007,53.224186414],[6.51268426700005,53.2244713440001],[6.51378597700005,53.2247518710001],[6.51489076500008,53.2250279840001],[6.51599858200007,53.225299668],[6.51710937900003,53.2255669140001],[6.51822310800003,53.225829708],[6.51933971900007,53.22608804],[6.52045916200007,53.2263418970001],[6.52158138700003,53.226591269],[6.52270634600006,53.2268361440001],[6.52383398900002,53.2270765120001],[6.52496426500005,53.2273123620001],[6.52609712400005,53.2275436830001],[6.52723251700007,53.227770466],[6.52837039300005,53.2279927000001],[6.52951070100005,53.2282103750001],[6.53065339200003,53.228423482],[6.53179841400004,53.228632012],[6.53294571800006,53.2288359550001],[6.53409525100005,53.2290353020001],[6.53524696400007,53.2292300440001],[6.53640080500003,53.2294201730001],[6.53755672400007,53.2296056800001],[6.53871466900006,53.2297865570001],[6.53987458800003,53.229962797],[6.54103643100007,53.23013439],[6.54220014600003,53.23030133],[6.54336568200006,53.2304636100001],[6.54453298700003,53.230621221],[6.54570200900002,53.230774158],[6.54687269600004,53.230922413],[6.54804499800002,53.23106598],[6.54921886100004,53.2312048520001],[6.55039423500006,53.231339023],[6.55157106600007,53.2314684880001],[6.55274930300004,53.231593241],[6.55392889400002,53.2317132750001],[6.55510978600006,53.2318285860001],[6.55629192700007,53.231939169],[6.55747526500005,53.2320450190001],[6.55865974800003,53.232146131],[6.55984532300005,53.2322425],[6.56103193700005,53.232334123],[6.56221953900007,53.232420995],[6.56340807500004,53.2325031120001],[6.56459749300006,53.2325804710001],[6.56578774000008,53.232653069],[6.56697876400005,53.232720902],[6.56817051200005,53.232783967],[6.56936293000007,53.232842261],[6.57055596800006,53.2328957830001],[6.57174957000007,53.2329445280001],[6.57294368600003,53.2329884960001],[6.57413826100003,53.233027684],[6.57533324300005,53.2330620910001],[6.57652857900007,53.2330917150001],[6.57772421700002,53.233116555],[6.57892010300003,53.233136609],[6.58011618400008,53.2331518770001],[6.58131240700004,53.2331623580001],[6.58250872000002,53.2331680520001],[6.58370507000006,53.2331689580001],[6.58490140300006,53.2331650770001],[6.58609766600006,53.2331564080001],[6.58729380700004,53.233142952],[6.58848977300005,53.233124709],[6.58968551100003,53.2331016810001],[6.59088096800002,53.2330738680001],[6.59207609000003,53.233041271],[6.59327082600004,53.233003893],[6.59446512100004,53.2329617340001],[6.59565892400008,53.232914797],[6.59685218200002,53.232863083],[6.59804484100005,53.232806596],[6.59923684900002,53.2327453360001],[6.60042815300005,53.2326793080001],[6.60161870000007,53.232608514],[6.60280843800007,53.2325329560001],[6.60399731400003,53.2324526400001],[6.60518527600004,53.232367567],[6.60637227000007,53.2322777420001],[6.60755824400007,53.2321831690001],[6.60874314700004,53.2320838520001],[6.60992692400004,53.2319797960001],[6.61110952500007,53.231871004],[6.61229089600005,53.231757482],[6.61347098600004,53.231639235],[6.61464974100005,53.2315162680001],[6.61582711100004,53.231388586],[6.61700304200002,53.2312561960001],[6.61817748300007,53.231119102],[6.61935038200005,53.2309773120001],[6.62052168700006,53.230830831],[6.62169134600003,53.2306796660001],[6.62285930600007,53.2305238230001],[6.62402551800005,53.23036331],[6.62518992800005,53.230198133],[6.62635248600003,53.2300283000001],[6.62751314000008,53.229853819],[6.62867183800006,53.2296746960001],[6.62982853000005,53.2294909410001],[6.63098316300005,53.2293025600001],[6.63213568800006,53.2291095640001],[6.63328605200007,53.2289119590001],[6.63443420600004,53.2287097550001],[6.63558009800005,53.2285029600001],[6.63672367700002,53.2282915850001],[6.63786489300003,53.2280756370001],[6.63900369600003,53.227855128],[6.64014003500006,53.2276300660001],[6.64127385900002,53.2274004610001],[6.64240511900005,53.227166325],[6.64353376400004,53.2269276660001],[6.64465974500007,53.2266844960001],[6.64578301100005,53.2264368250001],[6.64690351300004,53.2261846640001],[6.64802120200005,53.225928025],[6.64913602700005,53.225666919],[6.65024794000004,53.2254013570001],[6.65135689100003,53.2251313510001],[6.65246283200003,53.224856914],[6.65356571200005,53.224578056],[6.65466548500007,53.224294791],[6.65576209900007,53.2240071320001],[6.65685550900002,53.22371509],[6.65794566400007,53.2234186790001],[6.65794508000005,53.223418714],[6.65811666700006,53.2233944440001],[6.66945768000005,53.228699449],[6.68080150200007,53.234003376],[6.69214813600007,53.239306227],[6.70349758200007,53.244608],[6.71484983900007,53.249908695],[6.72620491000004,53.255208312],[6.73756279500003,53.2605068490001],[6.74892349300006,53.2658043070001],[6.76028700700004,53.2711006850001],[6.77165333600004,53.2763959820001],[6.78302248200004,53.281690198],[6.79439444400003,53.2869833330001],[6.80294959100007,53.2804302120001],[6.81150211500005,53.273876478],[6.82005201700002,53.2673221330001],[6.82859929800003,53.260767177],[6.83714395900006,53.254211609],[6.84568600200004,53.2476554310001],[6.85422542700007,53.2410986420001],[6.86276223600004,53.2345412440001],[6.87129643000003,53.2279832360001],[6.87982801000004,53.2214246180001],[6.88835697700006,53.214865391],[6.89688333300006,53.208305556],[6.88547916800007,53.2030032000001],[6.87407782500003,53.1976997560001],[6.86267930300005,53.1923952240001],[6.85128360100003,53.187089605],[6.83989071900004,53.1817828980001],[6.82850065700006,53.1764751050001],[6.81711341200003,53.1711662260001],[6.80572898600008,53.165856261],[6.79434737600008,53.1605452110001],[6.78296858300007,53.155233077],[6.77159260600007,53.149919858],[6.76021944400003,53.144605556],[6.76014003000006,53.144732667]]]},"properties":{"Name":"EELDE CTR","Designator":"EHGGC","Type":"CTR","LocalType":"CTR","UpperLimit":3000,"LowerLimit":0,"UpperLimitUnit":"FT","LowerLimitUnit":"FT","Class":"C","name":"EELDE CTR"}},{"type":"Feature","geometry":{"type":"Polygon","coordinates":[[[4.63515776700007,52.415180331],[4.63484722200008,52.415108333],[4.63559797000005,52.4233143000001],[4.63634899700003,52.431520262],[4.63710030400006,52.4397262190001],[4.63785189100003,52.447932171],[4.63860375800004,52.4561381190001],[4.63935590500006,52.4643440620001],[4.64010833300006,52.4725500000001],[4.65371499900004,52.4720933070001],[4.66732138200007,52.4716350520001],[4.68092748100003,52.4711752370001],[4.69453329600003,52.470713861],[4.70813882400006,52.470250924],[4.72174406600004,52.469786426],[4.73534902100005,52.4693203670001],[4.74895368600005,52.4688527480001],[4.76255806200004,52.4683835690001],[4.77616214800003,52.4679128290001],[4.78976594200003,52.4674405280001],[4.80336944400005,52.4669666670001],[4.80273511700005,52.460050005],[4.80210099000004,52.4531333400001],[4.80146706200003,52.446216672],[4.80083333300007,52.4393000000001],[4.80072422300003,52.439306221],[4.80072451000007,52.4393061740001],[4.80202286800005,52.4391678160001],[4.80331983300005,52.439024632],[4.80461535700005,52.4388766280001],[4.80590939200005,52.4387238090001],[4.80720189100003,52.4385661800001],[4.80849280600006,52.438403749],[4.80978208900007,52.43823652],[4.81106969400003,52.4380645000001],[4.81235557300005,52.437887695],[4.81363967800007,52.4377061110001],[4.81492196200003,52.437519756],[4.81620237800007,52.4373286360001],[4.81748087900007,52.4371327580001],[4.81875741800008,52.4369321300001],[4.82003194700007,52.4367267580001],[4.82130442100004,52.436516651],[4.82257479100002,52.4363018160001],[4.82384301200005,52.43608226],[4.82510903700006,52.4358579930001],[4.82637281900003,52.4356290220001],[4.82763431100005,52.4353953560001],[4.82889346700006,52.4351570040001],[4.83015024100007,52.4349139730001],[4.83140458700007,52.4346662730001],[4.83265645800003,52.4344139140001],[4.83390580800005,52.4341569040001],[4.83515259200004,52.4338952530001],[4.83639676200005,52.43362897],[4.83763827500007,52.433358066],[4.83887708300006,52.4330825500001],[4.84011314200006,52.4328024330001],[4.84134640600007,52.432517724],[4.84257682900005,52.4322284350001],[4.84380436600003,52.4319345760001],[4.84502897300007,52.4316361570001],[4.84625060300004,52.43133319],[4.84746921200002,52.4310256860001],[4.84868475500002,52.4307136560001],[4.84989718800006,52.430397111],[4.85110646500004,52.430076064],[4.85231254300004,52.4297505260001],[4.85351537600008,52.4294205090001],[4.85471492100004,52.429086026],[4.85591113300006,52.4287470880001],[4.85710396900004,52.4284037080001],[4.85829338500002,52.4280558980001],[4.85947933600005,52.4277036720001],[4.86066177900005,52.4273470430001],[4.86184067000005,52.426986023],[4.86301596700002,52.426620626],[4.86418762600005,52.426250865],[4.86535560400006,52.4258767540001],[4.86651985700007,52.4254983070001],[4.86768034300007,52.4251155370001],[4.86883702000006,52.4247284590001],[4.86998984400003,52.424337087],[4.87113877400003,52.4239414360001],[4.87228376600007,52.4235415190001],[4.87342478000005,52.423137352],[4.87456177200005,52.422728949],[4.87569470100004,52.422316326],[4.87682352500002,52.421899497],[4.87794820300007,52.421478479],[4.87906869400007,52.4210532860001],[4.88018495500006,52.420623934],[4.88129694700007,52.4201904400001],[4.88240462800007,52.4197528180001],[4.88350795700006,52.4193110850001],[4.88460689400006,52.418865258],[4.88570139800004,52.4184153520001],[4.88679142900003,52.4179613850001],[4.88787694600006,52.417503373],[4.88895791100003,52.4170413320001],[4.89003428300003,52.4165752800001],[4.89110602300002,52.416105235],[4.89217309000003,52.4156312120001],[4.89323544700005,52.415153231],[4.89429305300007,52.414671307],[4.89534587000003,52.4141854600001],[4.89639385800007,52.413695707],[4.89743698100006,52.4132020660001],[4.89847519800003,52.4127045550001],[4.89950847300003,52.412203192],[4.90053676600007,52.411697996],[4.90156004000005,52.4111889860001],[4.90257825700007,52.4106761800001],[4.90359138000002,52.4101595970001],[4.90459937200006,52.409639256],[4.90560219600007,52.409115177],[4.90659981400006,52.408587378],[4.90759218900007,52.4080558790001],[4.90857928600008,52.4075207000001],[4.90956106800007,52.406981859],[4.91053749900004,52.4064393780001],[4.91150854300002,52.405893276],[4.91247416400006,52.405343574],[4.91343432700006,52.4047902900001],[4.91438899500002,52.404233446],[4.91533813500007,52.403673063],[4.91628171200006,52.40310916],[4.91721969000002,52.402541759],[4.91815203400006,52.4019708810001],[4.91907871200004,52.4013965460001],[4.91999968800008,52.4008187750001],[4.92091492900005,52.4002375910001],[4.92182440000005,52.3996530140001],[4.92272806900007,52.3990650650001],[4.92362590300007,52.398473768],[4.92451786800007,52.3978791420001],[4.92540393100006,52.3972812100001],[4.92628405900007,52.3966799950001],[4.92715822100007,52.396075518],[4.92802638500007,52.3954678010001],[4.92888851700008,52.394856867],[4.92974458800006,52.3942427380001],[4.93059456400005,52.3936254380001],[4.93143841500006,52.393004988],[4.93227610900004,52.392381411],[4.93310761700008,52.391754731],[4.93393290600005,52.3911249710001],[4.93475194800004,52.3904921530001],[4.93556471100004,52.3898563010001],[4.93637116600007,52.389217439],[4.93717128300005,52.388575589],[4.93796503300007,52.3879307760001],[4.93875238600003,52.3872830230001],[4.93953331400007,52.386632354],[4.94030778700005,52.385978794],[4.94107577800003,52.385322365],[4.94183725800002,52.384663093],[4.94259219900005,52.3840010010001],[4.94334057200007,52.383336114],[4.94408235200007,52.382668456],[4.94481751000006,52.381998052],[4.94554601900006,52.381324927],[4.94626785200006,52.380649105],[4.94698298400004,52.3799706120001],[4.94769138700002,52.379289471],[4.94839303500004,52.3786057090001],[4.94908790300002,52.3779193510001],[4.94977596500007,52.377230421],[4.95045719600006,52.376538945],[4.95113157100008,52.3758449490001],[4.95179906500005,52.3751484580001],[4.95245965200007,52.3744494970001],[4.95311331000005,52.3737480930001],[4.95376001400007,52.373044271],[4.95439974000004,52.372338057],[4.95503246500004,52.371629478],[4.95565816400006,52.370918558],[4.95627681700006,52.370205325],[4.95688839800005,52.3694898040001],[4.95749288700006,52.3687720230001],[4.95809026000006,52.3680520070001],[4.95868049600006,52.3673297830001],[4.95926357400003,52.366605377],[4.95983947000002,52.3658788160001],[4.96040816600004,52.365150127],[4.96096963800005,52.3644193370001],[4.96152386800003,52.363686472],[4.96207083300004,52.3629515600001],[4.96261051600004,52.3622146280001],[4.96314289400004,52.3614757020001],[4.96366794900007,52.3607348100001],[4.96418566200003,52.359991979],[4.96469601300004,52.359247237],[4.96519898400004,52.3585006110001],[4.96569455600007,52.3577521280001],[4.96618271100004,52.357001816],[4.96666343100003,52.3562497030001],[4.96713669800005,52.355495816],[4.96760249500005,52.354740183],[4.96806080500005,52.3539828310001],[4.96851161000006,52.3532237900001],[4.96895489500002,52.3524630860001],[4.96939064200006,52.3517007470001],[4.96981883600006,52.350936802],[4.97023946200005,52.3501712790001],[4.97065250300005,52.349404206],[4.97105794500004,52.3486356120001],[4.97145577200007,52.3478655230001],[4.97184596900007,52.3470939700001],[4.97222852400006,52.346320979],[4.97260342100003,52.3455465810001],[4.97297064600002,52.344770802],[4.97333018700004,52.3439936730001],[4.97368202900003,52.34321522],[4.97402616000005,52.3424354740001],[4.97436256800006,52.3416544620001],[4.97469123900004,52.3408722140001],[4.97501216300003,52.340088757],[4.97532532600007,52.339304122],[4.97563071700006,52.338518337],[4.97592832600003,52.3377314310001],[4.97621814100006,52.3369434320001],[4.97650015200003,52.33615437],[4.97677434800005,52.335364274],[4.97704071900006,52.3345731730001],[4.97729925500005,52.3337810960001],[4.97754994700006,52.3329880730001],[4.97779278600007,52.3321941310001],[4.97802776200007,52.331399301],[4.97825486800002,52.3306036120001],[4.97847409400003,52.329807094],[4.97868543200002,52.329009774],[4.97888887500005,52.3282116840001],[4.97908441600003,52.3274128510001],[4.97927204600006,52.3266133060001],[4.97945176000007,52.3258130790001],[4.97962355100003,52.325012197],[4.97978741100007,52.3242106920001],[4.97994333600008,52.3234085920001],[4.98009131900005,52.3226059260001],[4.98023135600005,52.321802726],[4.98036344000008,52.3209990190001],[4.98048756700007,52.320194836],[4.98060373300007,52.319390206],[4.98071193300007,52.3185851590001],[4.98081216300005,52.317779725],[4.98090442000006,52.316973933],[4.98098869900002,52.3161678120001],[4.98106499900007,52.315361393],[4.98113331600007,52.314554705],[4.98119364700005,52.313747778],[4.98124599100004,52.3129406410001],[4.98129034600004,52.3121333240001],[4.98132670900003,52.311325858],[4.98135508000007,52.310518271],[4.98137545800006,52.309710593],[4.98138784100007,52.308902855],[4.98139223000004,52.308095085],[4.98138862400003,52.3072873140001],[4.98137702300005,52.3064795710001],[4.98135742800002,52.305671886],[4.98132983900007,52.3048642890001],[4.98129425800005,52.304056809],[4.98125068500002,52.3032494770001],[4.98119912300007,52.3024423210001],[4.98113957300006,52.3016353720001],[4.98107203800004,52.300828659],[4.98099651900003,52.300022212],[4.98091302000006,52.299216061],[4.98082154400004,52.2984102360001],[4.98072209400004,52.2976047650001],[4.98061467400004,52.2967996790001],[4.98049928800003,52.295995007],[4.98037594000004,52.2951907790001],[4.98024463400003,52.2943870240001],[4.98010537600004,52.2935837730001],[4.97995817000003,52.292781054],[4.97980302200006,52.291978897],[4.97963993800005,52.2911773320001],[4.97946892300007,52.290376388],[4.97928998500004,52.289576095],[4.97910312900007,52.2887764820001],[4.97890836200003,52.287977579],[4.97870569200006,52.287179414],[4.97849512600004,52.286382018],[4.97827667200005,52.2855854200001],[4.97805033700007,52.2847896480001],[4.97781613100005,52.283994733],[4.97757406100004,52.283200703],[4.97732413700004,52.2824075880001],[4.97706636800007,52.2816154170001],[4.97680076400007,52.2808242200001],[4.97652733300004,52.280034024],[4.97624608700005,52.2792448600001],[4.97595703500002,52.278456756],[4.97566018900005,52.2776697410001],[4.97535555800005,52.276883845],[4.97504315500004,52.2760990960001],[4.97472299100002,52.2753155230001],[4.97439507700005,52.274533155],[4.97405942600005,52.2737520210001],[4.97371605000006,52.27297215],[4.97336496200006,52.2721935690001],[4.97300617400003,52.2714163090001],[4.97263970000006,52.2706403970001],[4.97226555400005,52.2698658620001],[4.97188374800004,52.269092733],[4.97149429800004,52.2683210370001],[4.97109721700002,52.2675508040001],[4.97069252000006,52.2667820620001],[4.97028022200004,52.266014839],[4.96986033800005,52.2652491630001],[4.96943288400007,52.2644850630001],[4.96899787500007,52.2637225660001],[4.96855532700005,52.2629617000001],[4.96810525700005,52.2622024950001],[4.96764768100007,52.2614449770001],[4.96718261600006,52.260689174],[4.96671008000004,52.2599351150001],[4.96623008800003,52.2591828270001],[4.96574266000005,52.258432338],[4.96524781300008,52.2576836740001],[4.96474556600003,52.2569368650001],[4.96423593600002,52.256191937],[4.96371894300006,52.2554489180001],[4.96319460500007,52.2547078360001],[4.96266294300005,52.253968716],[4.96212397500005,52.2532315870001],[4.96157772100003,52.252496476],[4.96102420100004,52.2517634100001],[4.96046343700004,52.251032416],[4.95989544700006,52.25030352],[4.95932025500002,52.2495767500001],[4.95873787900007,52.2488521320001],[4.95814834300006,52.2481296930001],[4.95755166700008,52.24740946],[4.95694787400004,52.246691458],[4.95633698500006,52.245975715],[4.95571902400008,52.245262257],[4.95509401300006,52.24455111],[4.95446197500007,52.2438423],[4.95382293300003,52.2431358540001],[4.95317691100007,52.2424317970001],[4.95252393300007,52.241730155],[4.95186402200005,52.2410309540001],[4.95119720400004,52.2403342200001],[4.95052350100002,52.2396399780001],[4.94984294000005,52.2389482550001],[4.94915554500005,52.238259074],[4.94846134200003,52.237572463],[4.94776035600006,52.2368884460001],[4.94705261300004,52.236207048],[4.94633813900003,52.2355282940001],[4.94561696100004,52.23485221],[4.94488910400003,52.2341788200001],[4.94415459500004,52.2335081480001],[4.94341346300007,52.2328402210001],[4.94266573300007,52.2321750620001],[4.94191143400008,52.231512695],[4.94115059300003,52.2308531460001],[4.94038323800004,52.2301964380001],[4.93960939800007,52.2295425950001],[4.93882910100007,52.2288916420001],[4.93804237500007,52.2282436030001],[4.93724925000004,52.227598501],[4.93644975500007,52.22695636],[4.93564391900003,52.226317205],[4.93483177100006,52.225681057],[4.93401334300006,52.2250479410001],[4.93318866400006,52.22441788],[4.93235776300003,52.2237908980001],[4.93152067300002,52.223167017],[4.93067742300002,52.2225462600001],[4.92982804500002,52.2219286500001],[4.92897257000004,52.2213142100001],[4.92811103000003,52.2207029620001],[4.92724345500005,52.2200949300001],[4.92636987900005,52.2194901340001],[4.92549033200004,52.2188885990001],[4.92460484900005,52.2182903450001],[4.92371346000004,52.2176953950001],[4.92281620000006,52.2171037700001],[4.92191310000004,52.216515493],[4.92100419500002,52.2159305850001],[4.92008951700006,52.215349067],[4.91916910100002,52.214770962],[4.91824298000006,52.2141962900001],[4.91731118900003,52.2136250720001],[4.91637376000006,52.21305733],[4.91543073100007,52.2124930840001],[4.91448213400002,52.211932355],[4.91352800400006,52.2113751640001],[4.91256837800006,52.2108215310001],[4.91160328900003,52.210271477],[4.91063277500007,52.209725022],[4.90965687000005,52.209182185],[4.90867561000005,52.2086429880001],[4.90768903100007,52.2081074500001],[4.90669717000003,52.20757559],[4.90570006400003,52.2070474280001],[4.90469774900004,52.2065229830001],[4.90369026100007,52.206002276],[4.90267763800006,52.2054853240001],[4.90165991800006,52.2049721480001],[4.90063713700005,52.2044627650001],[4.89960933300006,52.203957195],[4.89857654500003,52.2034554570001],[4.89753880900003,52.202957568],[4.89649616600002,52.202463547],[4.89544865100004,52.201973412],[4.89439630500004,52.2014871820001],[4.89333916600003,52.201004874],[4.89227727300005,52.2005265060001],[4.89121066500007,52.200052095],[4.89013938100004,52.199581659],[4.88906346000005,52.1991152160001],[4.88798294300005,52.1986527820001],[4.88689786900005,52.1981943750001],[4.88580827800007,52.1977400110001],[4.88471421000003,52.197289707],[4.88361570600006,52.19684348],[4.88251280500003,52.1964013460001],[4.88140554800003,52.1959633210001],[4.88029397700006,52.195529422],[4.87917813100006,52.1950996640001],[4.87805805300007,52.194674063],[4.87693378300003,52.1942526350001],[4.87580536200005,52.1938353960001],[4.87467283300003,52.193422361],[4.87353623700005,52.1930135440001],[4.87239561500007,52.1926089620001],[4.87125101000004,52.192208629],[4.87010246400007,52.191812559],[4.86895001900007,52.1914207670001],[4.86779371800003,52.1910332680001],[4.86663360200004,52.190650077],[4.86546971600006,52.190271206],[4.86430210100002,52.1898966700001],[4.86313080000002,52.1895264830001],[4.86195585800004,52.189160658],[4.86077731600005,52.1887992090001],[4.85959521800004,52.1884421490001],[4.85840960900003,52.1880894920001],[4.85722053000006,52.1877412490001],[4.85602802700004,52.187397435],[4.85483214400006,52.1870580620001],[4.85363292300002,52.1867231420001],[4.85243040900002,52.1863926870001],[4.85122464700004,52.18606671],[4.85001568100006,52.185745223],[4.84880355500007,52.185428238],[4.84758831500005,52.185115765],[4.84637000400005,52.1848078180001],[4.84514866700005,52.184504406],[4.84392435000007,52.184205542],[4.84269709800003,52.183911236],[4.84146695500004,52.183621499],[4.84023396700007,52.183336341],[4.83899818000003,52.1830557740001],[4.83775963900007,52.182779807],[4.83651838900005,52.182508452],[4.83527447600005,52.1822417160001],[4.83402794600005,52.1819796120001],[4.83277884500006,52.1817221470001],[4.83152721900007,52.1814693320001],[4.83027311300003,52.1812211760001],[4.82901657500003,52.180977688],[4.82775765000002,52.1807388770001],[4.82649638400005,52.180504752],[4.82523282500006,52.1802753210001],[4.82396701700003,52.180050593],[4.82269900900008,52.179830576],[4.82142884700005,52.1796152790001],[4.82015657700003,52.179404708],[4.81888224700003,52.1791988730001],[4.81760590300007,52.17899778],[4.81632759200005,52.1788014370001],[4.81504736100004,52.178609851],[4.81376525700006,52.178423029],[4.81248132900004,52.1782409780001],[4.81119562100002,52.1780637050001],[4.80990818400005,52.177891216],[4.80861906200005,52.1777235180001],[4.80732830500006,52.177560617],[4.80603595900004,52.1774025180001],[4.80474207200007,52.1772492280001],[4.80344669200002,52.177100753],[4.80214986600004,52.1769570970001],[4.80085164200005,52.1768182660001],[4.79955206800003,52.1766842650001],[4.79825119100002,52.176555099],[4.79694906000003,52.176430773],[4.79564572300006,52.176311291],[4.79434122700007,52.176196658],[4.79303562000007,52.176086878],[4.79172895100004,52.1759819550001],[4.79042126800005,52.1758818930001],[4.78911261800005,52.1757866950001],[4.78780305000004,52.1756963660001],[4.78649261200007,52.1756109080001],[4.78518135300004,52.1755303240001],[4.78386932000006,52.1754546180001],[4.78255656200002,52.175383793],[4.78124312700004,52.1753178500001],[4.77992906400004,52.175256792],[4.77861442000005,52.175200622],[4.77729924500005,52.1751493420001],[4.77598358700004,52.1751029530001],[4.77466749300004,52.1750614580001],[4.77335101300002,52.175024857],[4.77203419500006,52.1749931520001],[4.77071708800003,52.174966345],[4.76939973900005,52.174944436],[4.76808219800006,52.1749274260001],[4.76676451200007,52.1749153150001],[4.76544673100005,52.174908105],[4.76412890300003,52.174905795],[4.76281107700004,52.174908386],[4.76149330000004,52.174915877],[4.76017562200008,52.174928268],[4.75885809000005,52.174945559],[4.75754075400005,52.1749677490001],[4.75622366200002,52.174994837],[4.75490686200004,52.1750268220001],[4.75359040300003,52.1750637040001],[4.75227433300006,52.1751054800001],[4.75095870100006,52.175152149],[4.74964355500003,52.1752037090001],[4.74832894300005,52.1752601600001],[4.74701491400003,52.175321497],[4.74570151700004,52.1753877200001],[4.74438879900003,52.1754588250001],[4.74307680900006,52.175534811],[4.74176559600005,52.175615674],[4.74045520600004,52.175701411],[4.73914569000004,52.1757920200001],[4.73783709400004,52.175887496],[4.73652946800007,52.175987837],[4.73522285800004,52.1760930390001],[4.73391731400005,52.176203097],[4.73261288300006,52.1763180080001],[4.73130961400005,52.176437767],[4.73000755300006,52.176562371],[4.72870675000007,52.176691814],[4.72740725200003,52.1768260920001],[4.72610910700007,52.1769652],[4.72481236300007,52.1771091320001],[4.72351706700005,52.177257884],[4.72222326700006,52.177411449],[4.72093101100006,52.1775698230001],[4.71964034600006,52.177733],[4.71835131900002,52.1779009730001],[4.71706397900005,52.178073736],[4.71577837300003,52.1782512830001],[4.71449454800006,52.178433607],[4.71321255000004,52.178620702],[4.71193242800007,52.178812561],[4.71065422900006,52.1790091770001],[4.70937799900003,52.1792105420001],[4.70810378500005,52.1794166490001],[4.70683163500007,52.17962749],[4.70556159500006,52.1798430580001],[4.70429371100005,52.1800633450001],[4.70302803200002,52.180288343],[4.70176460200003,52.1805180430001],[4.70050347000006,52.1807524370001],[4.69924468000005,52.1809915160001],[4.69798828000006,52.181235272],[4.69673431500007,52.1814836950001],[4.69548283200004,52.181736777],[4.69423387700004,52.1819945080001],[4.69298749600006,52.182256878],[4.69174373500005,52.182523879],[4.69050263900004,52.1827954990001],[4.68926425400002,52.1830717300001],[4.68802862600006,52.1833525600001],[4.68679580000003,52.1836379800001],[4.68556582200006,52.1839279800001],[4.68433873700008,52.184222547],[4.68311458900007,52.1845216720001],[4.68189342500006,52.184825344],[4.68067528900002,52.1851335520001],[4.67946022500007,52.185446283],[4.67824827900006,52.1857635270001],[4.67703949600002,52.1860852720001],[4.67583391900007,52.1864115050001],[4.67463159300007,52.186742216],[4.67343256200007,52.187077392],[4.67223687100005,52.1874170200001],[4.67104456300007,52.1877610880001],[4.66985568200005,52.1881095840001],[4.66867027300003,52.1884624940001],[4.66748837800003,52.188819806],[4.66631004100003,52.1891815060001],[4.66513530600002,52.1895475810001],[4.66396421600007,52.1899180180001],[4.66279681300006,52.190292802],[4.66163314100004,52.190671921],[4.66047324400006,52.1910553600001],[4.65931716200004,52.1914431060001],[4.65816493900007,52.191835143],[4.65701661800006,52.192231457],[4.65587224000006,52.192632035],[4.65473184800004,52.1930368600001],[4.65359548400005,52.1934459190001],[4.65246318900006,52.1938591950001],[4.65133500500002,52.194276675],[4.65021097400006,52.194698342],[4.64909113700003,52.195124182],[4.64797553600005,52.1955541770001],[4.64686421000005,52.195988313],[4.64575720200003,52.196426574],[4.64465455200002,52.196868943],[4.64355630100005,52.197315405],[4.64246248800004,52.197765942],[4.64137315500005,52.198220538],[4.64028834100003,52.198679176],[4.63920808600005,52.199141841],[4.63813243100003,52.199608513],[4.63706141400007,52.2000791770001],[4.63599507500004,52.200553815],[4.63493345300003,52.20103241],[4.63387658700003,52.2015149430001],[4.63282451700007,52.2020013970001],[4.63177728100004,52.202491755],[4.63073491700004,52.202985998],[4.62969746500005,52.2034841080001],[4.62866496100003,52.2039860670001],[4.62763744400007,52.2044918560001],[4.62661495200007,52.205001456],[4.62559752300007,52.20551485],[4.62458519300003,52.206032017],[4.62357800100006,52.2065529390001],[4.62257598300005,52.2070775970001],[4.62157917600007,52.2076059720001],[4.62058761700007,52.2081380430001],[4.61960134300006,52.2086737920001],[4.61862038900006,52.209213198],[4.61764479200002,52.209756242],[4.61667458700003,52.2103029040001],[4.61570981100004,52.2108531640001],[4.61475049800003,52.211407002],[4.61379668500007,52.211964396],[4.61284840600007,52.212525327],[4.61190569600006,52.2130897740001],[4.61096859000003,52.2136577160001],[4.61003712300004,52.2142291320001],[4.60911132800004,52.2148040020001],[4.60819124000005,52.2153823030001],[4.60727689200007,52.2159640150001],[4.60636831900007,52.2165491170001],[4.60546555300004,52.2171375870001],[4.60456862800004,52.217729402],[4.60367757700004,52.2183245430001],[4.60279243300005,52.2189229850001],[4.60191322800006,52.2195247080001],[4.60103999500006,52.2201296900001],[4.60017276500002,52.2207379070001],[4.59931157100004,52.221349338],[4.59845644500007,52.221963961],[4.59760741700006,52.2225817510001],[4.59676451900003,52.2232026880001],[4.59592778300004,52.2238267480001],[4.59509723800005,52.2244539070001],[4.59427291600002,52.225084144],[4.59345484700003,52.225717434],[4.59264306100005,52.226353755],[4.59183758800003,52.226993082],[4.59103845700002,52.2276353930001],[4.59024569800005,52.2282806640001],[4.58945933900003,52.2289288710001],[4.58867941100004,52.22957999],[4.58790594200002,52.230233997],[4.58713896000006,52.2308908690001],[4.58637849300004,52.23155058],[4.58562457000005,52.2322131080001],[4.58487721700004,52.2328784260001],[4.58413646400004,52.233546512],[4.58340233600006,52.2342173390001],[4.58267486100004,52.234890885],[4.58195406600004,52.2355671230001],[4.58123997700005,52.236246029],[4.58053262000004,52.2369275770001],[4.57983202200006,52.237611744],[4.57913820900006,52.2382985030001],[4.57845120500002,52.23898783],[4.57777103600006,52.239679698],[4.57709772800007,52.2403740840001],[4.57643130400004,52.2410709600001],[4.57577179000003,52.241770301],[4.57511921000003,52.2424720820001],[4.57447358800005,52.243176277],[4.57383494700002,52.24388286],[4.57320331100004,52.244591804],[4.57257870300003,52.2453030840001],[4.57196114700002,52.246016674],[4.57135066400002,52.2467325470001],[4.57074727800006,52.2474506770001],[4.57015101100006,52.2481710380001],[4.56956188400005,52.2488936020001],[4.56897992000006,52.2496183440001],[4.56840513900005,52.250345237],[4.56783756400006,52.2510742540001],[4.56727721400006,52.2518053680001],[4.56672411000005,52.252538552],[4.56617827300005,52.253273779],[4.56563972300006,52.254011023],[4.56510848000005,52.254750255],[4.56458456300004,52.2554914500001],[4.56406799100006,52.2562345790001],[4.56355878400007,52.256979615],[4.56305696000004,52.257726532],[4.56256253800007,52.2584753],[4.56207553600007,52.2592258930001],[4.56159597100003,52.2599782840001],[4.56112386200004,52.260732444],[4.56065922600004,52.261488345],[4.56020208000007,52.2622459610001],[4.55975244100006,52.263005262],[4.55931032400002,52.2637662220001],[4.55887574800005,52.264528811],[4.55844872700004,52.2652930030001],[4.55802927800005,52.2660587680001],[4.55761741500004,52.2668260790001],[4.55721315400007,52.267594908],[4.55681651000003,52.2683652250001],[4.55642749700007,52.269137003],[4.55604613000003,52.269910214],[4.55567242300003,52.2706848290001],[4.55530638900007,52.271460819],[4.55494804300002,52.2722381560001],[4.55459739600008,52.273016811],[4.55425446200007,52.2737967560001],[4.55391925500004,52.274577961],[4.55359178500004,52.2753603990001],[4.55327206500004,52.2761440400001],[4.55296010700005,52.2769288550001],[4.55265592200004,52.2777148160001],[4.55235952200007,52.278501894],[4.55207091800003,52.2792900600001],[4.55179011900003,52.2800792840001],[4.55151713700008,52.280869538],[4.55125198100006,52.2816607920001],[4.55099466100006,52.2824530180001],[4.55074518700008,52.283246186],[4.55050356800007,52.2840402670001],[4.55026981300006,52.284835232],[4.55004393000007,52.285631052],[4.54982592700003,52.2864276970001],[4.54961581300006,52.2872251380001],[4.54941359600002,52.2880233450001],[4.54921928300007,52.28882229],[4.54903288000003,52.289621943],[4.54885439500003,52.290422274],[4.54868383500002,52.291223255],[4.54852120600003,52.292024854],[4.54836651300008,52.292827044],[4.54821976200003,52.293629794],[4.54808096000005,52.294433075],[4.54795011000004,52.2952368580001],[4.54782721800007,52.2960411120001],[4.54771228800007,52.2968458080001],[4.54760532500006,52.2976509170001],[4.54750633200007,52.298456409],[4.54741531300004,52.299262255],[4.54733227100007,52.300068423],[4.54725721000005,52.300874886],[4.54719013200003,52.301681613],[4.54713104000007,52.302488575],[4.54707993600005,52.303295742],[4.54703682100006,52.304103083],[4.54700169800003,52.3049105710001],[4.54697456700006,52.305718174],[4.54695543000003,52.306525863],[4.54694428800002,52.3073336080001],[4.54694114000006,52.3081413800001],[4.54694598600003,52.3089491490001],[4.54695882800007,52.3097568840001],[4.54697966400005,52.3105645580001],[4.54700849300002,52.3113721380001],[4.54704531400006,52.3121795970001],[4.54709012700005,52.3129869040001],[4.54714292900007,52.3137940300001],[4.54720371800005,52.3146009440001],[4.54727249200005,52.3154076180001],[4.54734924900004,52.3162140200001],[4.54743398600004,52.3170201230001],[4.54752670000005,52.317825896],[4.54762738700003,52.3186313090001],[4.54773604400003,52.3194363330001],[4.54785266600004,52.3202409370001],[4.54797724900004,52.3210450940001],[4.54810978900002,52.3218487720001],[4.54825028100004,52.322651943],[4.54839872000002,52.3234545770001],[4.54855510000004,52.3242566430001],[4.54871941500005,52.3250581140001],[4.54889165900005,52.3258589590001],[4.54907182700003,52.326659148],[4.54925991100004,52.3274586530001],[4.54945590500006,52.328257444],[4.54965980100008,52.3290554910001],[4.54987159200004,52.3298527650001],[4.55009126900006,52.330649237],[4.55031882600002,52.3314448780001],[4.55055425300003,52.332239658],[4.55079754200005,52.3330335470001],[4.55104868400002,52.333826517],[4.55130767000003,52.3346185390001],[4.55157448900007,52.3354095830001],[4.55184913300008,52.336199621],[4.55213159200002,52.3369886230001],[4.55242185400004,52.3377765590001],[4.55271990900007,52.338563402],[4.55302574600006,52.339349122],[4.55333935400006,52.3401336910001],[4.55366072200007,52.3409170780001],[4.55398983700007,52.3416992570001],[4.55432668800006,52.342480197],[4.55467126100007,52.3432598700001],[4.55502354500004,52.3440382470001],[4.55538352700006,52.3448153000001],[4.55575119200006,52.3455910000001],[4.55612652800005,52.346365319],[4.55650952100007,52.3471382280001],[4.55690015700003,52.3479096980001],[4.55729842000005,52.348679702],[4.55770429800003,52.34944821],[4.55811777400004,52.350215195],[4.55853883400005,52.3509806280001],[4.55896746100007,52.3517444820001],[4.55940364100007,52.352506727],[4.55984735700002,52.353267337],[4.56029859300003,52.3540262820001],[4.56075733200004,52.3547835360001],[4.56122355800005,52.3555390700001],[4.56169725300003,52.356292856],[4.56217839900006,52.3570448670001],[4.56266698000007,52.3577950740001],[4.56316297600006,52.358543452],[4.56366637000002,52.3592899710001],[4.56417714400004,52.3600346040001],[4.56469527800004,52.360777324],[4.56522075400005,52.361518104],[4.56575355100006,52.3622569170001],[4.56629365100002,52.362993734],[4.56684103400005,52.3637285290001],[4.56739567900007,52.364461276],[4.56795756600008,52.365191946],[4.56852667500004,52.365920514],[4.56910298400004,52.3666469520001],[4.56968647200006,52.3673712340001],[4.57027711800004,52.3680933320001],[4.57087489900005,52.368813221],[4.57147979500007,52.369530873],[4.57209178300008,52.3702462630001],[4.57271083900002,52.370959365],[4.57333694200003,52.371670151],[4.57397006900004,52.372378596],[4.57461019500005,52.3730846730001],[4.57525729800005,52.3737883570001],[4.57591135400003,52.3744896220001],[4.57657233800006,52.3751884420001],[4.57724022700006,52.37588479],[4.57791499500007,52.3765786430001],[4.57859661800006,52.3772699740001],[4.57928507100007,52.377958757],[4.57998032900002,52.3786449670001],[4.58068236500003,52.37932858],[4.58139115400007,52.380009569],[4.58210667000003,52.3806879100001],[4.58282888700006,52.381363578],[4.58355777800006,52.382036548],[4.58429331600007,52.382706795],[4.58503547400005,52.3833742940001],[4.58578422500005,52.3840390220001],[4.58653954100004,52.384700953],[4.58730139500005,52.3853600630001],[4.58806975800007,52.386016328],[4.58884460200005,52.3866697230001],[4.58962589900005,52.387320226],[4.59041362000005,52.3879678110001],[4.59120773500007,52.388612455],[4.59200821600007,52.3892541340001],[4.59281503400007,52.3898928240001],[4.59362815800006,52.390528503],[4.59444755800007,52.3911611460001],[4.59527320500007,52.3917907310001],[4.59610506800004,52.392417234],[4.59694311600003,52.3930406310001],[4.59778731900008,52.3936609020001],[4.59863764500005,52.394278021],[4.59949406300007,52.394891967],[4.60035654200004,52.3955027170001],[4.60122505000004,52.3961102490001],[4.60209955500005,52.3967145400001],[4.60298002500002,52.3973155680001],[4.60386642700007,52.39791331],[4.60475872900003,52.3985077460001],[4.60565689800006,52.3990988520001],[4.60656090100002,52.3996866080001],[4.60747070400004,52.4002709910001],[4.60838627400005,52.4008519810001],[4.60930757800003,52.401429555],[4.61023458100004,52.4020036920001],[4.61116724900006,52.4025743720001],[4.61210554900003,52.403141573],[4.61304944500006,52.403705275],[4.61399890300004,52.4042654560001],[4.61495388800006,52.404822096],[4.61591436400005,52.4053751750001],[4.61688029700002,52.405924672],[4.61785165000003,52.406470567],[4.61882838900004,52.40701284],[4.61981047700004,52.407551471],[4.62079787700003,52.40808644],[4.62179055400003,52.408617727],[4.62278847100004,52.4091453130001],[4.62379159200003,52.409669179],[4.62479987900002,52.4101893050001],[4.62581329500006,52.4107056720001],[4.62683180300007,52.411218261],[4.62785536600006,52.411727053],[4.62888394600003,52.4122320290001],[4.62991750400005,52.4127331720001],[4.63095600400004,52.4132304620001],[4.63199940600003,52.4137238810001],[4.63304767300002,52.414213411],[4.63410076500003,52.414699033],[4.63515776700007,52.415180331]]]},"properties":{"Name":"SCHIPHOL CTR","Designator":"EHAMC","Type":"CTR","LocalType":"CTR","UpperLimit":3000,"LowerLimit":0,"UpperLimitUnit":"FT","LowerLimitUnit":"FT","Class":"C","name":"SCHIPHOL CTR"}},{"type":"Feature","geometry":{"type":"Polygon","coordinates":[[[4.31390232800004,51.8477389780001],[4.30251186600003,51.8431396390001],[4.29104831200004,51.8385087190001],[4.27958711600007,51.8338766850001],[4.26812827800006,51.8292435380001],[4.25667179700002,51.824609277],[4.24521767400006,51.8199739040001],[4.23376590700002,51.8153374180001],[4.22231649800005,51.8106998200001],[4.21086944400002,51.8060611110001],[4.20352154200003,51.8130265980001],[4.19617136900007,51.819991627],[4.18881892200005,51.8269561970001],[4.18146420200003,51.8339203100001],[4.17410720700002,51.8408839630001],[4.16674793500005,51.847847157],[4.15938638600005,51.854809892],[4.15202255900005,51.861772167],[4.14465645300004,51.868733982],[4.13728806500006,51.8756953380001],[4.12991739600005,51.882656233],[4.12254444400003,51.889616667],[4.13400348100004,51.8942630990001],[4.14546488700006,51.898908417],[4.15692866300003,51.9035526220001],[4.16839481000005,51.9081957130001],[4.17986332700002,51.9128376890001],[4.19133421600003,51.917478551],[4.20280747600003,51.922118298],[4.21428310700003,51.9267569290001],[4.22576111100005,51.931394444],[4.22564402300003,51.9315845410001],[4.22564236600005,51.9315845500001],[4.22539645300003,51.9323806560001],[4.22515838700002,51.9331776720001],[4.22492817800003,51.9339755680001],[4.22470583300003,51.9347743160001],[4.22449136100005,51.9355738840001],[4.22428477000005,51.9363742450001],[4.22408606700003,51.9371753670001],[4.22389526100005,51.937977222],[4.22371235700007,51.9387797790001],[4.22353736300005,51.93958301],[4.22337028600003,51.940386883],[4.22321113000004,51.9411913700001],[4.22305990400002,51.9419964410001],[4.22291661100007,51.9428020650001],[4.22278125700007,51.9436082130001],[4.22265384800005,51.944414856],[4.22253438700005,51.9452219620001],[4.22242288000007,51.946029503],[4.22231933100005,51.9468374480001],[4.22222374300003,51.947645767],[4.22213611900003,51.9484544310001],[4.22205646400005,51.9492634100001],[4.22198478000007,51.9500726730001],[4.22192107000006,51.9508821910001],[4.22186533600006,51.9516919330001],[4.22181758000005,51.95250187],[4.22177780400006,51.9533119710001],[4.22174601000006,51.9541222070001],[4.22172219800007,51.954932548],[4.22170637000005,51.955742963],[4.22169852500002,51.9565534230001],[4.22169866500008,51.9573638970001],[4.22170679000004,51.958174355],[4.22172289800005,51.9589847680001],[4.22174699000004,51.9597951060001],[4.22177906500002,51.9606053370001],[4.22181912000002,51.9614154330001],[4.22186715600003,51.9622253640001],[4.22192317000003,51.9630350990001],[4.22198716000003,51.963844608],[4.22205912400005,51.964653862],[4.22213905800004,51.96546283],[4.22222696100005,51.9662714820001],[4.22232282900006,51.9670797890001],[4.22242665700003,51.9678877210001],[4.22253844300008,51.968695247],[4.22265818300002,51.9695023370001],[4.22278587100004,51.970308963],[4.22292150300007,51.971115093],[4.22306507400003,51.9719206990001],[4.22321657900005,51.9727257490001],[4.22337601300006,51.973530215],[4.22354336800004,51.974334067],[4.22371863900003,51.9751372740001],[4.22390182000004,51.975939807],[4.22409290400003,51.976741637],[4.22429188300003,51.9775427330001],[4.22449875100006,51.978343066],[4.22471349900007,51.979142606],[4.22493612000005,51.979941324],[4.22516660600007,51.9807391900001],[4.22540494700007,51.981536175],[4.22565113500002,51.982332248],[4.22590516200006,51.983127381],[4.22616701600003,51.9839215440001],[4.22643669000007,51.9847147080001],[4.22671417200007,51.9855068430001],[4.22699945300008,51.986297919],[4.22729252200003,51.9870879090001],[4.22759336900003,51.9878767810001],[4.22790198100006,51.9886645080001],[4.22821834700005,51.989451059],[4.22854245700006,51.9902364060001],[4.22887429700006,51.9910205200001],[4.22921385600006,51.991803372],[4.22956112100007,51.9925849320001],[4.22991607900002,51.993365172],[4.23027871600004,51.994144062],[4.23064902100003,51.994921574],[4.23102697800005,51.99569768],[4.23141257400005,51.99647235],[4.23180579400002,51.9972455550001],[4.23220662400007,51.9980172680001],[4.23261505000005,51.998787458],[4.23303105500003,51.9995560990001],[4.23345462500004,52.000323161],[4.23388574400008,52.0010886160001],[4.23432439500004,52.001852436],[4.23477056400003,52.002614592],[4.23522423200006,52.003375056],[4.23568538300003,52.0041338],[4.23615400100005,52.004890796],[4.23663006800007,52.0056460150001],[4.23711356600006,52.006399431],[4.23760447700005,52.007151014],[4.23810278300004,52.0079007370001],[4.23860846600007,52.0086485730001],[4.23912150700005,52.0093944930001],[4.23964188700006,52.0101384700001],[4.24016958600004,52.0108804760001],[4.24070458600005,52.011620484],[4.24124686500005,52.0123584670001],[4.24179640500006,52.013094397],[4.24235318500007,52.0138282460001],[4.24291718400002,52.0145599890001],[4.24348838100002,52.0152895960001],[4.24406675500006,52.016017043],[4.24465228500003,52.0167423010001],[4.24524494900004,52.017465343],[4.24584472500004,52.018186144],[4.24645159100004,52.018904676],[4.24706552500004,52.0196209120001],[4.24768650200002,52.0203348270001],[4.24831450200003,52.0210463930001],[4.24894950000004,52.0217555840001],[4.24959147200002,52.022462374],[4.25024039600004,52.0231667370001],[4.25089624700007,52.023868647],[4.25155900000004,52.0245680780001],[4.25222863200003,52.0252650030001],[4.25290511700007,52.0259593970001],[4.25358843000004,52.026651235],[4.25427854600002,52.02734049],[4.25497543900002,52.028027137],[4.25567908500005,52.028711151],[4.25638945500003,52.0293925060001],[4.25710652500004,52.0300711770001],[4.25783026700003,52.0307471400001],[4.25856065600004,52.0314203680001],[4.25929766300004,52.0320908370001],[4.26004126100003,52.0327585220001],[4.26079142300006,52.0334233980001],[4.26154812200002,52.0340854410001],[4.26231132800007,52.0347446270001],[4.26308101500007,52.03540093],[4.26385715200007,52.036054327],[4.26463971300007,52.0367047920001],[4.26542866600005,52.0373523040001],[4.26622398500007,52.037996836],[4.26702563700007,52.0386383650001],[4.26783359600006,52.039276869],[4.26864782900003,52.039912321],[4.26946830700007,52.040544701],[4.27029500000003,52.0411739830001],[4.27112787800007,52.0418001450001],[4.27196690800002,52.0424231630001],[4.27281206000004,52.0430430150001],[4.27366330400002,52.0436596770001],[4.27452060600007,52.0442731260001],[4.27538393600003,52.0448833400001],[4.27625326200007,52.0454902970001],[4.27712855000004,52.046093973],[4.27800977000004,52.046694346],[4.27889688800008,52.0472913950001],[4.27978987100005,52.0478850970001],[4.28068868700007,52.0484754290001],[4.28159330100004,52.049062371],[4.28250368200003,52.0496459],[4.28341979300006,52.0502259950001],[4.28434160300003,52.050802634],[4.28526907600002,52.0513757950001],[4.28620217900004,52.0519454590001],[4.28714087600002,52.052511603],[4.28808513400003,52.0530742070001],[4.28903491600005,52.053633249],[4.28999018800005,52.0541887100001],[4.29095091500005,52.0547405680001],[4.29191706000006,52.0552888030001],[4.29288858900003,52.055833394],[4.29386546400002,52.0563743220001],[4.29484765000007,52.056911567],[4.29583511100003,52.0574451080001],[4.29682781000002,52.057974926],[4.29782570900005,52.0585010020001],[4.29882877300003,52.059023315],[4.29983696400006,52.0595418460001],[4.30085024400006,52.0600565760001],[4.30186857700005,52.0605674870001],[4.30289192400005,52.0610745590001],[4.30392024700006,52.0615777730001],[4.30495350900003,52.0620771100001],[4.30599167100007,52.0625725530001],[4.30703469400004,52.063064083],[4.30808254000004,52.0635516820001],[4.30913517100004,52.0640353310001],[4.31019254700004,52.0645150120001],[4.31125462800003,52.064990709],[4.31232137600006,52.065462403],[4.31339275200003,52.0659300770001],[4.31446871500003,52.0663937130001],[4.31554922500004,52.0668532940001],[4.31663424300007,52.067308804],[4.31772372800003,52.067760225],[4.31881764100007,52.068207541],[4.31991593900005,52.0686507350001],[4.32101858400006,52.0690897910001],[4.32212553300008,52.0695246920001],[4.32323674700007,52.0699554220001],[4.32435218300003,52.0703819660001],[4.32547180000006,52.0708043070001],[4.32659555800007,52.0712224310001],[4.32772341300006,52.07163632],[4.32885532600005,52.0720459610001],[4.32999125200007,52.0724513380001],[4.33113115200007,52.0728524350001],[4.33227498200006,52.0732492390001],[4.33342269900004,52.073641734],[4.33457426200005,52.074029905],[4.33572962800002,52.0744137390001],[4.33688875400003,52.074793222],[4.33805159600007,52.075168338],[4.33921811300007,52.0755390750001],[4.34038826000005,52.075905418],[4.34156199500006,52.076267354],[4.34273927300006,52.0766248690001],[4.34392005200004,52.0769779510001],[4.34510428700003,52.077326586],[4.34629193500007,52.0776707620001],[4.34748295100007,52.078010465],[4.34867729200005,52.0783456820001],[4.34987491400005,52.078676403],[4.35107577100007,52.0790026130001],[4.35227981900005,52.079324302],[4.35348701500004,52.079641457],[4.35469731200004,52.0799540670001],[4.35591066700005,52.0802621190001],[4.35712703400003,52.0805656040001],[4.35834636800007,52.080864508],[4.35956862400008,52.0811588220001],[4.36079375800006,52.0814485330001],[4.36202172200007,52.0817336330001],[4.36325247200006,52.0820141090001],[4.36448596300005,52.0822899520001],[4.36572214800003,52.082561152],[4.36696098300007,52.0828276980001],[4.36820242000005,52.08308958],[4.36944641400004,52.0833467890001],[4.37069291800003,52.0835993160001],[4.37194188800004,52.0838471500001],[4.37319327600005,52.0840902830001],[4.37444703600005,52.0843287060001],[4.37570312100007,52.0845624090001],[4.37696148600003,52.0847913850001],[4.37822208300003,52.085015625],[4.37948486600004,52.08523512],[4.38074978700007,52.0854498620001],[4.38201680100002,52.0856598440001],[4.38328586000006,52.085865057],[4.38455691700005,52.0860654940001],[4.38582992500005,52.0862611480001],[4.38710483800003,52.0864520110001],[4.38838160600005,52.086638076],[4.38966018400004,52.0868193370001],[4.39094052500008,52.086995786],[4.39222257900008,52.087167417],[4.39350630100006,52.0873342240001],[4.39479164200003,52.0874962],[4.39607855500003,52.08765334],[4.39736699300005,52.0878056380001],[4.39865690700003,52.0879530880001],[4.39994824900003,52.0880956840001],[4.40124097300003,52.088233422],[4.40253502900003,52.0883662960001],[4.40383037100003,52.088494301],[4.40512694900002,52.0886174330001],[4.40642471700005,52.0887356870001],[4.40772362500007,52.0888490580001],[4.40902362600002,52.088957543],[4.41032467200006,52.089061137],[4.41162671500007,52.0891598370001],[4.41292970500007,52.0892536380001],[4.41423359600003,52.089342538],[4.41553833800003,52.089426534],[4.41684388300007,52.0895056210001],[4.41815018400007,52.0895797970001],[4.41945719100005,52.0896490600001],[4.42076485600006,52.089713406],[4.42207313100005,52.089772834],[4.42338196700007,52.089827341],[4.42469131600006,52.089876926],[4.42600112900004,52.0899215850001],[4.42731135700006,52.0899613180001],[4.42862195300006,52.089996124],[4.42993286800004,52.0900260000001],[4.43124405200007,52.0900509460001],[4.43255545800002,52.090070961],[4.43386703700003,52.0900860450001],[4.43517874000003,52.0900961950001],[4.43649051900007,52.0901014130001],[4.43780232500006,52.0901016990001],[4.43911410900006,52.090097051],[4.44042582400004,52.0900874700001],[4.44173741900005,52.0900729570001],[4.44304884800005,52.0900535110001],[4.44436006000007,52.0900291350001],[4.44567100900002,52.089999828],[4.44698164400006,52.089965593],[4.44829191700006,52.0899264290001],[4.44960178100007,52.0898823380001],[4.45091118600004,52.0898333230001],[4.45222008300004,52.089779385],[4.45352842600005,52.0897205260001],[4.45483616400003,52.089656748],[4.45614324900004,52.0895880530001],[4.45744963400006,52.089514444],[4.45875526900005,52.089435924],[4.46006010600007,52.0893524960001],[4.46136409800005,52.0892641630001],[4.46266719500005,52.0891709270001],[4.46396934900002,52.0890727940001],[4.46527051300006,52.0889697650001],[4.46657063700007,52.0888618450001],[4.46786967500003,52.0887490380001],[4.46916757600007,52.088631348],[4.47046429500006,52.08850878],[4.47175978200005,52.088381338],[4.47305398900005,52.088249026],[4.47434686900004,52.0881118500001],[4.47563837400003,52.0879698150001],[4.47692845500006,52.0878229260001],[4.47821706600007,52.0876711880001],[4.47950415700006,52.087514608],[4.48078968300007,52.08735319],[4.48207359400004,52.087186941],[4.48335584400007,52.087015867],[4.48463638400005,52.086839974],[4.48591516900007,52.0866592690001],[4.48719214900007,52.0864737590001],[4.48846727800003,52.0862834500001],[4.48974050900006,52.0860883500001],[4.49101179400003,52.085888465],[4.49228108600005,52.0856838030001],[4.49354833800004,52.0854743720001],[4.49481350400004,52.08526018],[4.49607653700002,52.0850412340001],[4.49733738900005,52.0848175420001],[4.49859601400004,52.084589113],[4.49985236500004,52.084355955],[4.50110639600007,52.0841180780001],[4.50235806000006,52.083875489],[4.50360731200004,52.0836281970001],[4.50485410400006,52.0833762120001],[4.50609839000003,52.0831195440001],[4.50734012500004,52.0828582010001],[4.50857926200007,52.082592194],[4.50981575600002,52.082321532],[4.51104956100005,52.0820462250001],[4.51228063000002,52.081766283],[4.51350891900006,52.081481717],[4.51473438200003,52.081192538],[4.51595697300007,52.0808987560001],[4.51717664700004,52.0806003810001],[4.51839335900007,52.0802974260001],[4.51960706400007,52.079989901],[4.52081771700006,52.0796778170001],[4.52202527300005,52.0793611870001],[4.52322968800007,52.079040021],[4.52443091600003,52.0787143320001],[4.52562891400004,52.078384133],[4.52682363600007,52.078049434],[4.52801503900002,52.0777102490001],[4.52920307800002,52.0773665900001],[4.53038771000007,52.0770184690001],[4.53156889100006,52.0766659010001],[4.53274657600002,52.076308897],[4.53392072200006,52.0759474710001],[4.53509128600007,52.075581636],[4.53625822500004,52.075211407],[4.53742149400006,52.0748367960001],[4.53858105100005,52.0744578170001],[4.53973685400007,52.074074485],[4.54088885900006,52.073686814],[4.54203702300003,52.0732948180001],[4.54318130400003,52.0728985120001],[4.54432166000004,52.07249791],[4.54545804800006,52.0720930270001],[4.54659042600002,52.071683878],[4.54771875300003,52.0712704790001],[4.54884298600007,52.0708528440001],[4.54996308400007,52.07043099],[4.55107900600007,52.070004931],[4.55219070900006,52.069574683],[4.55329815300007,52.0691402630001],[4.55440129700003,52.068701687],[4.55550010000007,52.06825897],[4.55659452200007,52.06781213],[4.55768452100006,52.0673611830001],[4.55877005700006,52.066906144],[4.55985109000005,52.066447033],[4.56092758100004,52.065983864],[4.56199948800003,52.0655166560001],[4.56306677300006,52.065045426],[4.56412939600006,52.064570191],[4.56518731800003,52.0640909690001],[4.56624049900006,52.0636077770001],[4.56728890000005,52.063120634],[4.56833248300006,52.062629558],[4.56937120800006,52.0621345660001],[4.57040503800005,52.0616356780001],[4.57143393400003,52.0611329110001],[4.57245785800006,52.0606262840001],[4.57347677200005,52.0601158160001],[4.57449063800004,52.0596015260001],[4.57549941900004,52.0590834330001],[4.57650307700004,52.058561556],[4.57750157600003,52.0580359150001],[4.57849487700003,52.057506528],[4.57948294500005,52.0569734160001],[4.58046574300005,52.0564365990001],[4.58144323400006,52.055896095],[4.58241538200002,52.0553519260001],[4.58338215100002,52.0548041110001],[4.58434350600004,52.05425267],[4.58529941000006,52.053697625],[4.58624982900005,52.053138996],[4.58719472700005,52.0525768030001],[4.58813406800004,52.052011066],[4.58906781900004,52.051441809],[4.58999594500006,52.0508690500001],[4.59091841100008,52.0502928120001],[4.59183518300006,52.049713115],[4.59274622700002,52.0491299820001],[4.59365151000003,52.0485434340001],[4.59455099700006,52.047953492],[4.59544465600004,52.0473601780001],[4.59633245400005,52.0467635160001],[4.59721435700004,52.0461635250001],[4.59809033300007,52.04556023],[4.59896034900004,52.0449536510001],[4.59982437300005,52.0443438120001],[4.60068237400003,52.0437307350001],[4.60153431900005,52.0431144440001],[4.60238017700004,52.0424949590001],[4.60321991700005,52.0418723060001],[4.60405350600007,52.041246506],[4.60488091600007,52.040617583],[4.60570211400005,52.039985561],[4.60651707100004,52.0393504620001],[4.60732575500003,52.0387123100001],[4.60812813900003,52.0380711290001],[4.60892419000004,52.0374269430001],[4.60971388100006,52.0367797740001],[4.61049718200007,52.036129649],[4.61127406300005,52.03547659],[4.61204449600007,52.0348206210001],[4.61280845300007,52.034161768],[4.61356590500003,52.0335000530001],[4.61431682400007,52.0328355030001],[4.61506118300002,52.0321681410001],[4.61579895300002,52.0314979930001],[4.61653010700007,52.030825082],[4.61725461900005,52.0301494350001],[4.61797246200007,52.0294710750001],[4.61868360800003,52.028790029],[4.61938803100003,52.0281063210001],[4.62008570600005,52.0274199770001],[4.62077660700004,52.026731022],[4.62146070800003,52.026039482],[4.62213798300007,52.0253453810001],[4.62280840800003,52.0246487470001],[4.62347195700005,52.023949605],[4.62412860700005,52.0232479800001],[4.62477833300005,52.0225439000001],[4.62542111000005,52.0218373880001],[4.62605691500005,52.021128473],[4.62668572400003,52.02041718],[4.62730751500004,52.0197035360001],[4.62792226300007,52.0189875660001],[4.62852994700006,52.0182692990001],[4.62913054400002,52.0175487590001],[4.62972403100002,52.016825974],[4.63031038600008,52.0161009710001],[4.63088958900005,52.015373776],[4.63146161700007,52.0146444160001],[4.63202644800003,52.0139129190001],[4.63258406300002,52.013179312],[4.63313444100004,52.012443621],[4.63367756100007,52.011705874],[4.63421340300005,52.010966099],[4.63474194700007,52.0102243220001],[4.63526317300006,52.009480571],[4.63577706300003,52.008734874],[4.63628359700004,52.0079872590001],[4.63678275700005,52.007237752],[4.63727452400002,52.006486383],[4.63775887900005,52.0057331780001],[4.63823580600007,52.0049781650001],[4.63870528500007,52.0042213730001],[4.63916730100004,52.00346283],[4.63962183500007,52.0027025630001],[4.64006887000005,52.0019406010001],[4.64050839200007,52.0011769720001],[4.64094038200005,52.000411705],[4.64136482500004,51.9996448270001],[4.64178170500003,51.998876367],[4.64219100700006,51.9981063540001],[4.64259271600002,51.997334816],[4.64298681700006,51.9965617820001],[4.64337329400007,51.9957872800001],[4.64375213500006,51.995011339],[4.64412332400002,51.994233987],[4.64448684900003,51.9934552550001],[4.64484269500002,51.9926751690001],[4.64519084900007,51.99189376],[4.64553130000007,51.9911110570001],[4.64586403200002,51.990327087],[4.64618903600007,51.989541881],[4.64650629800008,51.988755467],[4.64681580700005,51.987967875],[4.64711755100006,51.987179133],[4.64741151900006,51.9863892720001],[4.64769770100003,51.9855983190001],[4.64797608500004,51.9848063050001],[4.64824666200008,51.9840132590001],[4.64850942100003,51.9832192100001],[4.64876435200006,51.982424188],[4.64901144700002,51.9816282210001],[4.64925069500003,51.9808313410001],[4.64948208900006,51.980033575],[4.64970561900003,51.979234954],[4.64992127800002,51.978435507],[4.65012905700007,51.9776352640001],[4.65032894800004,51.976834255],[4.65052094400005,51.9760325080001],[4.65070503900006,51.9752300550001],[4.65088122500003,51.9744269240001],[4.65104949500005,51.973623145],[4.65120984400005,51.9728187490001],[4.65136226600004,51.9720137640001],[4.65150675500007,51.971208221],[4.65164330500005,51.97040215],[4.65177191100003,51.96959558],[4.65189256900004,51.968788542],[4.65200527500002,51.9679810650001],[4.65211002300003,51.967173179],[4.65220681100004,51.9663649140001],[4.65229563400004,51.9655563000001],[4.65237649000005,51.964747366],[4.65244937500006,51.9639381440001],[4.65251428600004,51.9631286630001],[4.65257122200006,51.9623189530001],[4.65262018000004,51.961509043],[4.65266115800006,51.9606989650001],[4.65269415500006,51.959888747],[4.65271917000007,51.95907842],[4.65273620100004,51.958268015],[4.65274524800003,51.9574575600001],[4.65274631100004,51.956647086],[4.65273938900003,51.955836623],[4.65272448300004,51.9550262010001],[4.65270159400006,51.9542158510001],[4.65267072200004,51.953405601],[4.65263186800007,51.952595483],[4.65258503500007,51.951785525],[4.65253022200005,51.9509757590001],[4.65246743400007,51.950166214],[4.65239667100008,51.9493569200001],[4.65231793700002,51.948547907],[4.65223123500004,51.9477392050001],[4.65213656700007,51.9469308440001],[4.65203393700006,51.9461228540001],[4.65192335000006,51.945315265],[4.65180480800007,51.944508107],[4.65167831700006,51.943701409],[4.65154388100007,51.942895202],[4.65140150600007,51.9420895160001],[4.65125119600003,51.9412843800001],[4.65109295600007,51.9404798240001],[4.65092679400004,51.9396758780001],[4.65075271500007,51.938872572],[4.65057072500002,51.938069935],[4.65038083100006,51.937267998],[4.65018304100005,51.9364667890001],[4.64997736100003,51.9356663390001],[4.64976379900003,51.9348666770001],[4.64954236400007,51.9340678340001],[4.64931306300002,51.9332698370001],[4.64907590400003,51.932472718],[4.64883089800003,51.931676506],[4.64857805200006,51.9308812290001],[4.64831737600002,51.930086918],[4.64804887900004,51.929293602],[4.64777257200006,51.9285013100001],[4.64748846600003,51.9277100720001],[4.64719656900007,51.9269199180001],[4.64689689400007,51.9261308750001],[4.64658945100007,51.925342974],[4.64627425200007,51.924556243],[4.64595130800006,51.9237707130001],[4.64562063100004,51.9229864110001],[4.64528223500002,51.9222033680001],[4.64493613000008,51.921421611],[4.64458233000005,51.9206411710001],[4.64422084800003,51.919862075],[4.64385169800005,51.9190843540001],[4.64347489300008,51.9183080340001],[4.64309044700002,51.917533146],[4.64269837400008,51.916759718],[4.64229868900003,51.915987779],[4.64189140700006,51.9152173570001],[4.64147654300007,51.9144484810001],[4.64105411100007,51.91368118],[4.64062412900006,51.912915481],[4.64018661100005,51.9121514130001],[4.63974157400003,51.9113890040001],[4.63928903500005,51.910628284],[4.63882900900006,51.9098692790001],[4.63836151500004,51.909112018],[4.63788657000003,51.9083565290001],[4.63740419000004,51.90760284],[4.63691439400003,51.9068509790001],[4.63641720100003,51.906100974],[4.63591262800003,51.9053528520001],[4.63540069500004,51.904606642],[4.63488141900007,51.9038623700001],[4.63435482100004,51.9031200650001],[4.63382092000006,51.902379754],[4.63327973600002,51.9016414650001],[4.63273128900005,51.900905224],[4.63217559800006,51.9001710590001],[4.63161268600004,51.8994389980001],[4.63104257100002,51.898709067],[4.63046527700004,51.897981293],[4.62988082400005,51.897255704],[4.62928923300007,51.8965323250001],[4.62869052700006,51.8958111850001],[4.62808472700004,51.8950923100001],[4.62747185700005,51.8943757260001],[4.62685193900006,51.89366146],[4.62622499600008,51.892949539],[4.62559105100007,51.892239988],[4.62495012800002,51.891532834],[4.62430224900004,51.890828104],[4.62364744100006,51.8901258230001],[4.62298572600002,51.8894260170001],[4.62231712900007,51.888728713],[4.62164167500003,51.8880339360001],[4.62095938900006,51.887341711],[4.62027029600006,51.8866520650001],[4.61957442100004,51.885965024],[4.61887179200005,51.885280612],[4.61816243300007,51.884598854],[4.61744637000004,51.8839197770001],[4.61672363200006,51.883243405],[4.61599424300005,51.882569764],[4.61525823100004,51.881898877],[4.61451562400003,51.881230771],[4.61376644900002,51.8805654700001],[4.61301073300007,51.8799029990001],[4.61224850500003,51.879243381],[4.61147979300006,51.8785866420001],[4.61070462500004,51.877932806],[4.60992303100005,51.877281897],[4.60913503800003,51.87663394],[4.60834067700006,51.8759889570001],[4.60753997700004,51.8753469740001],[4.60673296600004,51.874708013],[4.60591967600004,51.874072099],[4.60510013700002,51.8734392550001],[4.60427437800007,51.8728095050001],[4.60344243100008,51.8721828710001],[4.60260432500007,51.871559378],[4.60176009300005,51.8709390480001],[4.60090976500004,51.870321904],[4.60005337400003,51.869707969],[4.59919095000004,51.869097266],[4.59832252500007,51.8684898170001],[4.59744813300006,51.867885646],[4.59656780500006,51.8672847730001],[4.59568157300004,51.8666872220001],[4.59478947100007,51.866093015],[4.59389153200004,51.865502174],[4.59298778900006,51.8649147200001],[4.59207827500006,51.8643306750001],[4.59116302500007,51.8637500620001],[4.59024207100003,51.863172901],[4.58931544900003,51.8625992140001],[4.58838319200004,51.8620290220001],[4.58744533500004,51.8614623460001],[4.58650191300006,51.860899208],[4.58555296100008,51.8603396280001],[4.58459851400005,51.8597836260001],[4.58363860600002,51.859231224],[4.58267327500005,51.858682442],[4.58170255500005,51.8581373000001],[4.58072648300003,51.857595819],[4.57974509500002,51.857058018],[4.57875842600004,51.8565239180001],[4.57776651400007,51.8559935380001],[4.57676939600003,51.855466897],[4.57576710700005,51.854944016],[4.57475968700004,51.854424914],[4.57374717000005,51.8539096100001],[4.57272959700003,51.853398123],[4.57170700300003,51.8528904720001],[4.57067942700007,51.852386675],[4.56964690600006,51.851886752],[4.56860948000002,51.851390721],[4.56756718700007,51.850898601],[4.56652006500002,51.8504104090001],[4.56546815200005,51.8499261640001],[4.56441148900007,51.849445883],[4.56335011400006,51.8489695850001],[4.56228406600007,51.848497287],[4.56121338500003,51.848029007],[4.56013811100007,51.8475647610001],[4.55905828300007,51.8471045680001],[4.55797394200005,51.846648444],[4.55688512700004,51.8461964050001],[4.55579187900003,51.84574847],[4.55469423800002,51.8453046540001],[4.55359224600005,51.8448649740001],[4.55248594200003,51.844429446],[4.55137536900003,51.8439980860001],[4.55026056600002,51.843570911],[4.54914157600007,51.843147935],[4.54801843900003,51.842729176],[4.54689119800003,51.8423146470001],[4.54575989500006,51.8419043650001],[4.54462457000005,51.841498345],[4.54348526600006,51.8410966020001],[4.54234202600003,51.8406991510001],[4.54119489100003,51.840306006],[4.54004390500006,51.8399171820001],[4.53888910900002,51.8395326940001],[4.53773054700002,51.8391525550001],[4.53656826200006,51.83877678],[4.53540229600003,51.8384053830001],[4.53423269300004,51.838038377],[4.53305949600002,51.837675776],[4.53188274800004,51.8373175940001],[4.53070249400002,51.836963843],[4.52951877700002,51.8366145370001],[4.52833164000003,51.8362696890001],[4.52714112900003,51.8359293120001],[4.52594728600008,51.835593417],[4.52475015600004,51.835262019],[4.52354978300002,51.834935128],[4.52234621200006,51.8346127570001],[4.52113948800007,51.8342949180001],[4.51992965500006,51.8339816230001],[4.51871675800004,51.8336728830001],[4.51750084200006,51.8333687100001],[4.51628195200004,51.8330691150001],[4.51506013300002,51.8327741100001],[4.51383543000003,51.832483704],[4.51260788900004,51.8321979090001],[4.51137755600007,51.831916735],[4.51014447500006,51.8316401930001],[4.50890869300002,51.8313682940001],[4.50767025500005,51.8311010460001],[4.50642920700005,51.830838461],[4.50518559500006,51.8305805470001],[4.50393946600002,51.830327314],[4.50269086400004,51.8300787730001],[4.50143983800007,51.8298349310001],[4.50018643200002,51.8295957980001],[4.49893069400002,51.829361383],[4.49767267000004,51.8291316940001],[4.49641240600005,51.828906741],[4.49514995000004,51.82868653],[4.49388534700006,51.8284710720001],[4.49261864600004,51.828260372],[4.49134989200007,51.8280544400001],[4.49007913300005,51.8278532830001],[4.48880641500006,51.8276569080001],[4.48753178700002,51.8274653230001],[4.48625529500003,51.8272785350001],[4.48497698600005,51.8270965500001],[4.48369690900006,51.826919376],[4.48241510900004,51.826747018],[4.48113163600004,51.826579484],[4.47984653500004,51.82641678],[4.47855985600006,51.8262589110001],[4.47727164500003,51.8261058830001],[4.47598195100005,51.825957703],[4.47469082000003,51.825814375],[4.47339830200002,51.825675905],[4.47210444300003,51.8255422980001],[4.47080929200007,51.825413559],[4.46951289700007,51.8252896930001],[4.46821530500006,51.8251707040001],[4.46691656600007,51.8250565970001],[4.46561672600006,51.8249473750001],[4.46431583400005,51.824843044],[4.46301393900006,51.8247436070001],[4.46171108800007,51.8246490670001],[4.46040733000007,51.824559428],[4.45910271300005,51.8244746940001],[4.45779728500003,51.8243948670001],[4.45649109600004,51.8243199510001],[4.45518419200005,51.824249948],[4.45387662300004,51.824184861],[4.45256843700002,51.8241246920001],[4.45125968200006,51.824069443],[4.44995040800006,51.824019117],[4.44864066200006,51.8239737160001],[4.44733049200005,51.82393324],[4.44601994900006,51.8238976920001],[4.44470907900006,51.823867073],[4.44339793200004,51.823841384],[4.44208655700004,51.823820626],[4.44077500100002,51.8238048000001],[4.43946331300003,51.823793906],[4.43815154200007,51.823787945],[4.43683973800006,51.8237869170001],[4.43552794700003,51.823790822],[4.43421621900006,51.823799659],[4.43290460200006,51.82381343],[4.43159314500002,51.8238321320001],[4.43028189700004,51.8238557650001],[4.42897090600007,51.8238843290001],[4.42766022100005,51.823917823],[4.42634988900005,51.823956244],[4.42503996100004,51.8239995920001],[4.42373048400003,51.8240478660001],[4.42242150700002,51.8241010630001],[4.42111307800008,51.824159181],[4.41980524600007,51.824222218],[4.41849805900006,51.8242901720001],[4.41719156500005,51.824363041],[4.41588581400003,51.8244408210001],[4.41458085300007,51.8245235100001],[4.41327673100005,51.824611104],[4.41197349600003,51.8247036020001],[4.41067119700006,51.8248009980001],[4.40936988100003,51.8249032890001],[4.40806959700006,51.8250104730001],[4.40677039300004,51.8251225440001],[4.40547231700003,51.825239498],[4.40417541700003,51.8253613320001],[4.40287974200004,51.82548804],[4.40158533900006,51.8256196180001],[4.40029225600006,51.825756062],[4.39900054100002,51.8258973650001],[4.39771024200007,51.8260435230001],[4.39642140700005,51.8261945310001],[4.39513408300007,51.826350382],[4.39384831900003,51.8265110720001],[4.39256416100005,51.826676594],[4.39128165800003,51.826846941],[4.39000085700008,51.8270221080001],[4.38872180500005,51.8272020890001],[4.38744455000005,51.8273868750001],[4.38616913900006,51.8275764620001],[4.38489561900008,51.8277708410001],[4.38362403800005,51.8279700050001],[4.38235444300005,51.828173948],[4.38108688000005,51.828382661],[4.37982139700006,51.828596137],[4.37855804000003,51.8288143670001],[4.37729685700003,51.829037344],[4.37603789300005,51.8292650600001],[4.37478119600007,51.8294975060001],[4.37352681300007,51.8297346730001],[4.37227478900007,51.8299765530001],[4.37102517100004,51.8302231370001],[4.36977800600005,51.830474415],[4.36853333900007,51.830730379],[4.36729121600007,51.8309910180001],[4.36605168500006,51.831256323],[4.36481479000003,51.8315262850001],[4.36358057700005,51.831800893],[4.36234909300003,51.832080137],[4.36112038200002,51.8323640070001],[4.35989449100003,51.8326524920001],[4.35867146500004,51.832945581],[4.35745134800004,51.8332432650001],[4.35623418700004,51.833545531],[4.35502002600003,51.8338523680001],[4.35380891000005,51.8341637660001],[4.35260088400003,51.8344797120001],[4.35139599400003,51.8348001950001],[4.35019428300006,51.8351252030001],[4.34899579600005,51.835454724],[4.34780057700004,51.835788746],[4.34660867100007,51.8361272560001],[4.34542012200006,51.8364702420001],[4.34423497400007,51.8368176910001],[4.34305327100003,51.83716959],[4.34187505700004,51.8375259270001],[4.34070037400005,51.837886687],[4.33952926800004,51.8382518590001],[4.33836178100006,51.8386214270001],[4.33719795600007,51.838995379],[4.33603783600006,51.8393737000001],[4.33488146500002,51.8397563770001],[4.33372888600007,51.840143395],[4.33258014000006,51.8405347410001],[4.33143527200002,51.8409303990001],[4.33029432200004,51.8413303550001],[4.32915733300007,51.8417345940001],[4.32802434800004,51.842143101],[4.32689540800004,51.8425558610001],[4.32577055600007,51.8429728580001],[4.32464983200003,51.8433940780001],[4.32353327900006,51.8438195050001],[4.32242093700006,51.8442491220001],[4.32131284900004,51.8446829150001],[4.32020905400003,51.8451208660001],[4.31910959500004,51.8455629600001],[4.31801451100006,51.8460091800001],[4.31692384300004,51.84645951],[4.31583763200007,51.8469139330001],[4.31475591800006,51.847372432],[4.31390232800004,51.8477389780001]]]},"properties":{"Name":"ROTTERDAM CTR","Designator":"EHRDC","Type":"CTR","LocalType":"CTR","UpperLimit":3000,"LowerLimit":0,"UpperLimitUnit":"FT","LowerLimitUnit":"FT","Class":"C","name":"ROTTERDAM CTR"}},{"type":"Feature","geometry":{"type":"Polygon","coordinates":[[[5.96906614700004,53.2542146690001],[5.96934962100005,53.253440078],[5.96962690700008,53.2526601210001],[5.96989640300006,53.251879181],[5.97015809900006,53.2510972870001],[5.97041198500006,53.250314465],[5.97065805200003,53.2495307460001],[5.97089629200002,53.248746155],[5.97112669500007,53.2479607220001],[5.97134925400007,53.2471744750001],[5.97156396000003,53.2463874420001],[5.97177080600005,53.2455996510001],[5.97196978500006,53.2448111310001],[5.97216088900007,53.2440219100001],[5.97234411100004,53.243232015],[5.97251944500005,53.2424414760001],[5.97268688500003,53.2416503210001],[5.97284642400007,53.2408585790001],[5.97299805700004,53.240066277],[5.97314177800007,53.239273444],[5.97327758300003,53.238480108],[5.97340546600003,53.2376862990001],[5.97352542200002,53.2368920440001],[5.97363744900002,53.2360973720001],[5.97374154000005,53.235302312],[5.97383769300006,53.2345068920001],[5.97392590500004,53.2337111400001],[5.97400617100004,53.2329150850001],[5.97407849000007,53.2321187570001],[5.97414285800005,53.231322182],[5.97419927400006,53.2305253910001],[5.97424773400007,53.2297284110001],[5.97428823900003,53.2289312710001],[5.97432078500003,53.2281339990001],[5.97434537200007,53.2273366250001],[5.97436200000004,53.2265391770001],[5.97437066600003,53.2257416830001],[5.97437137200006,53.224944173],[5.97436411700005,53.2241466740001],[5.97434890100004,53.223349216],[5.97432572500003,53.2225518270001],[5.97429459000006,53.2217545350001],[5.97425549700006,53.2209573700001],[5.97420844700002,53.220160359],[5.97415344200004,53.219363532],[5.97409048300005,53.218566917],[5.97401957400007,53.217770543],[5.97394071700006,53.2169744380001],[5.97385391400007,53.2161786300001],[5.97375916900006,53.215383149],[5.97365648500005,53.214588023],[5.97354586500006,53.2137932800001],[5.97342731500004,53.2129989490001],[5.97330083700007,53.212205059],[5.97316643700003,53.211411637],[5.97302411900006,53.210618713],[5.97287388800004,53.209826315],[5.97271575000002,53.2090344710001],[5.97254971100006,53.208243209],[5.97237577700002,53.207452559],[5.97219395300004,53.206662549],[5.97200424600004,53.205873206],[5.97180666300005,53.2050845590001],[5.97160121100006,53.204296637],[5.97138789800005,53.2035094670001],[5.97116673100004,53.2027230790001],[5.97093771800007,53.2019375],[5.97070086800005,53.201152758],[5.97045618800007,53.200368881],[5.97020368700004,53.1995858990001],[5.96994337600006,53.1988038380001],[5.96967526200007,53.1980227270001],[5.96939935600005,53.197242594],[5.96911566800003,53.1964634660001],[5.96882420700007,53.1956853730001],[5.96852498400006,53.194908341],[5.96821801000004,53.1941323990001],[5.96790329700002,53.1933575750001],[5.96758085400006,53.192583895],[5.96725069400003,53.1918113890001],[5.96691282900002,53.1910400840001],[5.96656727000004,53.190270007],[5.96621403100005,53.189501186],[5.96585312300004,53.188733649],[5.96548456000005,53.187967423],[5.96510835500004,53.187202536],[5.96472452200004,53.1864390150001],[5.96433307400002,53.1856768870001],[5.96393402500007,53.1849161810001],[5.96352739000002,53.1841569220001],[5.96311318300008,53.1833991400001],[5.96269141900007,53.1826428590001],[5.96226211400005,53.1818881090001],[5.96182528200006,53.181134915],[5.96138093900004,53.1803833060001],[5.96092910200002,53.1796333070001],[5.96046978600003,53.178884946],[5.96000300800006,53.1781382500001],[5.95952878500003,53.1773932450001],[5.95904713300007,53.176649959],[5.95855807100003,53.1759084170001],[5.95806161500008,53.1751686470001],[5.95755778400007,53.1744306750001],[5.95704659400008,53.1736945270001],[5.95652806600003,53.1729602300001],[5.95600221700005,53.172227811],[5.95546906700002,53.1714972950001],[5.95492863300007,53.1707687090001],[5.95438093700005,53.170042079],[5.95382599700002,53.16931743],[5.95326383400004,53.16859479],[5.95269446700007,53.167874184],[5.95211791700007,53.1671556370001],[5.95153420400004,53.166439177],[5.95094335100003,53.1657248270001],[5.95034537700008,53.165012614],[5.94974030400004,53.1643025640001],[5.94912815400005,53.1635947020001],[5.94850895000008,53.1628890530001],[5.94788271200002,53.162185643],[5.94724946500003,53.1614844970001],[5.94660922900005,53.16078564],[5.94596202900004,53.1600890970001],[5.94530788800006,53.1593948930001],[5.94464682800003,53.1587030530001],[5.94397887500003,53.158013602],[5.94330405100004,53.1573265650001],[5.94262238100004,53.1566419660001],[5.94193388900004,53.15595983],[5.94123860100007,53.1552801820001],[5.94053654100003,53.154603045],[5.93982773400006,53.153928444],[5.93911220500007,53.153256404],[5.93838998200005,53.1525869480001],[5.93766108800003,53.1519201],[5.93692555100006,53.1512558840001],[5.93618339700004,53.150594325],[5.93543465200003,53.149935446],[5.93467934400007,53.1492792700001],[5.93391749900007,53.1486258210001],[5.93314914500007,53.147975123],[5.93237430900007,53.1473271990001],[5.93159302000004,53.146682072],[5.93080530500004,53.1460397650001],[5.93001119200005,53.1454003010001],[5.92921071000006,53.1447637040001],[5.92840388800005,53.1441299960001],[5.92759075500004,53.1434992000001],[5.92677133900003,53.1428713380001],[5.92594567100002,53.1422464340001],[5.92511378000006,53.1416245090001],[5.92427569500006,53.1410055850001],[5.92343144800003,53.140389686],[5.92258106700007,53.139776833],[5.92172458400006,53.139167048],[5.92086203000002,53.1385603530001],[5.91999343400005,53.137956769],[5.91911883000006,53.137356319],[5.91823824700003,53.1367590240001],[5.91735171700003,53.136164906],[5.91645927300004,53.1355739850001],[5.91556094600003,53.134986283],[5.91465676900003,53.134401821],[5.91374677400006,53.1338206200001],[5.91283099300006,53.133242701],[5.91190946000006,53.132668085],[5.91098220800006,53.132096791],[5.91004926900007,53.1315288420001],[5.90911067800005,53.130964256],[5.90816646800005,53.130403055],[5.90721667300005,53.129845259],[5.90626132700004,53.1292908870001],[5.90530046400005,53.128739959],[5.90433411900005,53.1281924950001],[5.90336232600004,53.1276485160001],[5.90238512100007,53.1271080390001],[5.90140253800007,53.1265710860001],[5.90041461200002,53.126037674],[5.89942138000004,53.1255078230001],[5.89842287700003,53.1249815530001],[5.89741913800003,53.1244588820001],[5.89641020000005,53.1239398280001],[5.89539609800005,53.123424411],[5.89437687000003,53.1229126490001],[5.89335255100002,53.1224045600001],[5.89232317900007,53.1219001630001],[5.89128879100002,53.1213994760001],[5.89024942300006,53.1209025150001],[5.88920511300006,53.1204093010001],[5.88815589800004,53.119919849],[5.88710181700003,53.1194341780001],[5.88604290600006,53.118952306],[5.88497920400005,53.118474249],[5.88391074900005,53.1180000240001],[5.88283758000006,53.1175296490001],[5.88175973400007,53.11706314],[5.88067725100007,53.1166005150001],[5.87959017000003,53.116141789],[5.87849852800002,53.1156869800001],[5.87740236700006,53.115236103],[5.87630172400003,53.1147891750001],[5.87519664000007,53.114346212],[5.87408715400005,53.1139072290001],[5.87297330500007,53.113472243],[5.87185513500003,53.1130412690001],[5.87073268200004,53.1126143230001],[5.86960598800005,53.1121914190001],[5.86847509300003,53.111772574],[5.86734003700008,53.111357802],[5.86620086100004,53.1109471170001],[5.86505760500006,53.110540535],[5.86391031200003,53.1101380710001],[5.86275902200003,53.109739738],[5.86160377600004,53.109345551],[5.86044461600005,53.1089555250001],[5.85928158400003,53.108569672],[5.85811472100005,53.1081880080001],[5.85694406900006,53.1078105450001],[5.85576967000003,53.107437298],[5.85459156600007,53.107068279],[5.85340980000007,53.1067035020001],[5.85222441300004,53.1063429800001],[5.85103544900005,53.105986726],[5.84984295100003,53.1056347530001],[5.84864696000005,53.1052870730001],[5.84744752000006,53.104943699],[5.84624467400005,53.104604642],[5.84503846500007,53.1042699170001],[5.84382893600002,53.1039395330001],[5.84261613200005,53.1036135040001],[5.84140009400005,53.103291841],[5.84018086700007,53.1029745550001],[5.83895849500004,53.1026616570001],[5.83773302200007,53.1023531600001],[5.83650449100003,53.102049074],[5.83527294600003,53.1017494100001],[5.83403843300005,53.101454179],[5.83280099400002,53.1011633910001],[5.83156067500005,53.1008770560001],[5.83031752000005,53.1005951860001],[5.82907157400007,53.1003177900001],[5.82782288100003,53.1000448790001],[5.82657148600003,53.099776461],[5.82531743400006,53.099512546],[5.82406077000007,53.099253145],[5.82280154000006,53.0989982660001],[5.82153978800005,53.0987479190001],[5.82027555900004,53.0985021120001],[5.81900889900004,53.098260854],[5.81773985400002,53.098024154],[5.81646846900003,53.097792021],[5.81519478900003,53.097564463],[5.81391886100005,53.0973414870001],[5.81264073000006,53.0971231020001],[5.81136044200002,53.096909317],[5.81007804200004,53.096700137],[5.80879357800006,53.096495572],[5.80750709500006,53.0962956280001],[5.80621863800008,53.096100312],[5.80492825600004,53.095909632],[5.80363599300006,53.095723594],[5.80234189600003,53.0955422050001],[5.80104601200003,53.095365472],[5.79974838700002,53.0951934010001],[5.79844906700004,53.0950259970001],[5.79714810000007,53.094863268],[5.79584553100005,53.0947052180001],[5.79454140900003,53.094551854],[5.79323577900004,53.0944031810001],[5.79192868800004,53.0942592050001],[5.79062018300004,53.09411993],[5.78931031200005,53.0939853620001],[5.78799912100004,53.093855504],[5.78668665700008,53.0937303640001],[5.78537296700006,53.093609943],[5.78405809900005,53.0934942480001],[5.78274210000006,53.0933832810001],[5.78142501700006,53.0932770470001],[5.78010689700005,53.0931755510001],[5.77878778700006,53.0930787940001],[5.77746773500007,53.0929867820001],[5.77614678800006,53.092899517],[5.77482499400003,53.0928170020001],[5.77350240000004,53.0927392400001],[5.77217905400005,53.0926662350001],[5.77085500200008,53.0925979880001],[5.76953029300006,53.092534502],[5.76820497400007,53.09247578],[5.76687909300006,53.092421824],[5.76555269700003,53.0923726350001],[5.76422583300007,53.0923282150001],[5.76289855000005,53.092288566],[5.76157089500003,53.0922536890001],[5.76024291600004,53.092223586],[5.75891466000007,53.0921982580001],[5.75758617500003,53.092177705],[5.75625750900002,53.0921619280001],[5.75492870900007,53.0921509280001],[5.75359982300006,53.0921447050001],[5.75227089900005,53.0921432600001],[5.75094198400006,53.0921465920001],[5.74961312600004,53.0921547020001],[5.74828437300005,53.0921675880001],[5.74695577300002,53.092185252],[5.74562737300005,53.0922076910001],[5.74429922000007,53.0922349050001],[5.74297136300004,53.092266894],[5.74164385000006,53.0923036560001],[5.74031672700005,53.0923451890001],[5.73899004200007,53.092391493],[5.73766384400005,53.0924425650001],[5.73633817900003,53.0924984040001],[5.73501309500006,53.092559007],[5.73368864000003,53.0926243740001],[5.73236486100006,53.0926945000001],[5.73104180600006,53.0927693850001],[5.72971952200004,53.092849024],[5.72839805700005,53.0929334150001],[5.72707745800005,53.0930225560001],[5.72575777300005,53.0931164420001],[5.72443904800002,53.093215071],[5.72312133200006,53.093318439],[5.72180467100003,53.0934265430001],[5.72048911300004,53.0935393770001],[5.71917470500006,53.0936569400001],[5.71786149400003,53.093779225],[5.71654952700004,53.093906229],[5.71523885200003,53.0940379480001],[5.71392951400003,53.0941743750001],[5.71262156300003,53.0943155080001],[5.71131504300007,53.0944613400001],[5.71001000300004,53.094611866],[5.70870648800008,53.094767081],[5.70740454700007,53.0949269800001],[5.70610422500005,53.0950915560001],[5.70480556900003,53.0952608040001],[5.70350862600003,53.095434717],[5.70221344200007,53.0956132900001],[5.70092006400006,53.0957965160001],[5.69962853800007,53.095984388],[5.69833891100006,53.0961769],[5.69705122800002,53.0963740440001],[5.69576553700006,53.0965758150001],[5.69448188200005,53.096782203],[5.69320031100006,53.0969932030001],[5.69192087000005,53.097208806],[5.69064360300007,53.097429005],[5.68936855700002,53.097653791],[5.68809577900004,53.0978831580001],[5.68682531200005,53.0981170950001],[5.68555720400008,53.098355596],[5.68429149900004,53.0985986520001],[5.68302824300002,53.098846253],[5.68176748100007,53.099098391],[5.68050925900008,53.0993550580001],[5.67925362100004,53.0996162420001],[5.67800061300005,53.0998819370001],[5.67675028000002,53.10015213],[5.67550266700005,53.1004268140001],[5.67425781700007,53.1007059790001],[5.67301577700005,53.1009896130001],[5.67177659100003,53.1012777080001],[5.67054030200006,53.101570252],[5.66930695600007,53.101867235],[5.66807659600005,53.102168647],[5.66684926800002,53.102474477],[5.66562501400006,53.1027847130001],[5.66440387900008,53.103099345],[5.66318590600002,53.1034183610001],[5.66197114000005,53.10374175],[5.66075962400004,53.104069501],[5.65955140200003,53.1044016010001],[5.65834651600005,53.1047380380001],[5.65714501000002,53.105078801],[5.65594692700006,53.1054238770001],[5.65475231000005,53.105773255],[5.65356120300004,53.1061269200001],[5.65237364700005,53.1064848610001],[5.65118968500008,53.1068470650001],[5.65000936000007,53.107213519],[5.64883271500003,53.10758421],[5.64765979100002,53.107959124],[5.64649063000007,53.1083382480001],[5.64532527500006,53.1087215680001],[5.64416376700007,53.10910907],[5.64300614800004,53.1095007420001],[5.64185246000005,53.1098965680001],[5.64070274300008,53.110296534],[5.63955704000006,53.110700626],[5.63841539100002,53.11110883],[5.63727783700006,53.1115211310001],[5.63614441900006,53.111937514],[5.63501517800006,53.1123579640001],[5.63389015500007,53.1127824660001],[5.63276938900003,53.113211005],[5.63165292000002,53.1136435650001],[5.63078129100006,53.113985723],[5.61910520600003,53.1091206460001],[5.60735753100005,53.104223468],[5.59561253200008,53.0993251350001],[5.58387020700007,53.0944256450001],[5.57213055600005,53.089525],[5.56425037100007,53.09636097],[5.55636768200003,53.1031964200001],[5.54848248700006,53.1100313490001],[5.54059478500005,53.116865757],[5.53270457600007,53.1236996430001],[5.52481185700003,53.130533008],[5.51691662700006,53.13736585],[5.50901888600004,53.144198171],[5.50111863100005,53.151029968],[5.49321586300005,53.1578612430001],[5.48531057900004,53.1646919940001],[5.47740277800006,53.1715222220001],[5.48915184400005,53.1764312020001],[5.50090359800004,53.181339026],[5.51265804200006,53.186245693],[5.52441517600005,53.1911512030001],[5.53617500000007,53.196055556],[5.53603101500005,53.1962522110001],[5.53602932000007,53.1962522220001],[5.53574339000005,53.197031435],[5.53546524700005,53.197811663],[5.53519490100007,53.1985928770001],[5.53493236100007,53.1993750500001],[5.53467763800006,53.2001581530001],[5.53443074000006,53.200942158],[5.53419167600003,53.2017270370001],[5.53396045500006,53.202512761],[5.53373708500004,53.2032993030001],[5.53352157400008,53.2040866350001],[5.53331393000008,53.2048747270001],[5.53311416000003,53.205663552],[5.53292227200006,53.2064530810001],[5.53273827200007,53.207243287],[5.53256216700004,53.2080341390001],[5.53239396300006,53.2088256120001],[5.53223366700007,53.2096176740001],[5.53208128400007,53.2104103],[5.53193681900007,53.211203459],[5.53180027800005,53.2119971230001],[5.53167166600002,53.212791264],[5.53155098700006,53.213585854],[5.53143824600005,53.214380863],[5.53133344600008,53.215176263],[5.53123659200003,53.215972026],[5.53114768700004,53.2167681240001],[5.53106673400004,53.217564526],[5.53099373600003,53.2183612060001],[5.53092869500006,53.2191581330001],[5.53087161400003,53.2199552810001],[5.53082249600004,53.2207526190001],[5.53078134100002,53.2215501200001],[5.53074815200006,53.2223477540001],[5.53072292900004,53.2231454940001],[5.53070567300006,53.223943309],[5.53069638500006,53.224741173],[5.53069506600002,53.2255390560001],[5.53070171500002,53.2263369290001],[5.53071633200005,53.227134763],[5.53073891700006,53.2279325310001],[5.53076946800007,53.228730204],[5.53080798600007,53.2295277520001],[5.53085446700004,53.230325147],[5.53090891100004,53.2311223610001],[5.53097131600003,53.2319193650001],[5.53104168000004,53.232716129],[5.53111999900005,53.233512627],[5.53120627100003,53.2343088280001],[5.53130049300006,53.235104705],[5.53140266200006,53.235900229],[5.53151277400002,53.2366953710001],[5.53163082500004,53.237490103],[5.53175681100004,53.2382843950001],[5.53189072700008,53.2390782210001],[5.53203256800003,53.23987155],[5.53218232900002,53.240664355],[5.53234000600003,53.2414566080001],[5.53250559200006,53.242248278],[5.53267908100003,53.2430393400001],[5.53286046700003,53.2438297620001],[5.53304974400004,53.2446195190001],[5.53324690500006,53.2454085800001],[5.53345194200006,53.2461969180001],[5.53366484900005,53.2469845050001],[5.53388561700007,53.2477713110001],[5.53411423900008,53.2485573100001],[5.53435070700004,53.2493424720001],[5.53459501100002,53.2501267690001],[5.53484714400003,53.2509101740001],[5.53510709700004,53.2516926580001],[5.53537485900006,53.2524741920001],[5.53565042100007,53.2532547500001],[5.53593377400006,53.254034302],[5.53622490700008,53.2548128220001],[5.53652380900007,53.25559028],[5.53683047100003,53.256366649],[5.53714488100007,53.2571419020001],[5.53746702700005,53.257916009],[5.53779689800007,53.2586889450001],[5.53813448300002,53.259460679],[5.53847976900005,53.2602311860001],[5.53883274400005,53.2610004370001],[5.53919339400005,53.2617684050001],[5.53956170800006,53.2625350610001],[5.53993767200006,53.26330038],[5.54032127200003,53.264064332],[5.54071249400005,53.264826891],[5.54111132600002,53.2655880290001],[5.54151775100007,53.2663477190001],[5.54193175600005,53.267105934],[5.54235332600007,53.267862645],[5.54278244500006,53.2686178280001],[5.54321909900005,53.2693714530001],[5.54366327100007,53.2701234940001],[5.54411494500005,53.2708739240001],[5.54457410600003,53.2716227160001],[5.54504073700002,53.272369843],[5.54551482100004,53.273115278],[5.54599634100003,53.2738589950001],[5.54648527900002,53.274600967],[5.54698161900006,53.2753411670001],[5.54748534200007,53.2760795680001],[5.54799643100006,53.2768161440001],[5.54851486600006,53.277550869],[5.54904062900005,53.278283716],[5.54957370300002,53.279014659],[5.55011406600005,53.2797436720001],[5.55066170000003,53.2804707280001],[5.55121658500002,53.2811958010001],[5.55177870200004,53.2819188650001],[5.55234802900003,53.282639895],[5.55292454700003,53.283358864],[5.55350823500004,53.284075747],[5.55409907200004,53.284790517],[5.55469703700004,53.2855031500001],[5.55530210800003,53.2862136190001],[5.55591426300003,53.286921899],[5.55653348100003,53.2876279640001],[5.55715973900004,53.28833179],[5.55779301500007,53.2890333510001],[5.55843328600002,53.289732621],[5.55908052900003,53.2904295760001],[5.55973472100004,53.2911241910001],[5.56039583800003,53.29181644],[5.56106385600003,53.2925062990001],[5.56173875200005,53.2931937430001],[5.56242050100008,53.2938787480001],[5.56310907900007,53.2945612870001],[5.56380446200006,53.295241339],[5.56450662300006,53.295918876],[5.56521553800007,53.2965938770001],[5.56593118100005,53.2972663150001],[5.56665352800007,53.297936167],[5.56738255000005,53.2986034100001],[5.56811822400005,53.2992680180001],[5.56886052200002,53.2999299680001],[5.56960941700004,53.3005892370001],[5.57036488200004,53.3012458000001],[5.57112689100006,53.3018996340001],[5.57189541700006,53.302550716],[5.57267043000007,53.3031990220001],[5.57345190500007,53.3038445290001],[5.57423981100004,53.3044872140001],[5.57503412200003,53.305127053],[5.57583480900007,53.305764024],[5.57664184300006,53.306398104],[5.57745519500003,53.30702927],[5.57827483500006,53.3076574990001],[5.57910073500005,53.308282768],[5.57993286400006,53.3089050560001],[5.58077119400002,53.3095243400001],[5.58161569200007,53.310140598],[5.58246633000005,53.310753807],[5.58332307700005,53.311363946],[5.58418590200006,53.3119709920001],[5.58505477400007,53.312574924],[5.58592966200007,53.3131757210001],[5.58681053400005,53.313773359],[5.58769735800007,53.314367819],[5.58859010400005,53.3149590790001],[5.58948873800006,53.3155471170001],[5.59039322900003,53.3161319120001],[5.59130354400003,53.3167134440001],[5.59221965000006,53.317291691],[5.59314151500007,53.3178666330001],[5.59406910500007,53.3184382490001],[5.59500238700002,53.319006518],[5.59594132700005,53.319571421],[5.59688589300004,53.320132936],[5.59783604900002,53.3206910440001],[5.59879176100003,53.321245725],[5.59975299600006,53.321796958],[5.60071971900004,53.3223447240001],[5.60169189500004,53.3228890030001],[5.60266948900005,53.3234297760001],[5.60365246600003,53.3239670230001],[5.60464079100007,53.3245007250001],[5.60563442800003,53.3250308630001],[5.60663334200007,53.325557417],[5.60763749600005,53.3260803700001],[5.60864685500007,53.3265997010001],[5.60966138300006,53.3271153920001],[5.61068104200007,53.327627426],[5.61170579700007,53.3281357830001],[5.61273561000007,53.3286404450001],[5.61377044500006,53.329141394],[5.61481026300004,53.3296386120001],[5.61585502900004,53.330132081],[5.61690470500002,53.3306217840001],[5.61795925200005,53.3311077020001],[5.61901863300005,53.331589819],[5.62008280900005,53.3320681180001],[5.62115174400003,53.3325425800001],[5.62222539700002,53.333013189],[5.62330373100002,53.333479927],[5.62438670700004,53.33394278],[5.62547428600004,53.334401728],[5.62656642900004,53.3348567570001],[5.62766309700004,53.33530785],[5.62876425000007,53.3357549900001],[5.62986984800006,53.336198161],[5.63097985300004,53.3366373490001],[5.63209422400007,53.3370725360001],[5.63321292100005,53.3375037070001],[5.63433590400007,53.3379308470001],[5.63546313300003,53.33835394],[5.63659456600004,53.338772971],[5.63773016500005,53.3391879260001],[5.63886988600007,53.339598788],[5.64001369100004,53.3400055440001],[5.64116153700007,53.3404081790001],[5.64231338400003,53.340806678],[5.64346919000008,53.3412010270001],[5.64462891300008,53.341591212],[5.64579251300006,53.3419772190001],[5.64695994600004,53.342359034],[5.64813117200003,53.3427366430001],[5.64930614700006,53.3431100330001],[5.65048483100003,53.343479191],[5.65166718000006,53.343844102],[5.65285315200003,53.344204754],[5.65404270500005,53.3445611340001],[5.65523579500007,53.34491323],[5.65643238000007,53.345261027],[5.65763241800005,53.345604515],[5.65883586400003,53.3459436810001],[5.66004267500006,53.346278512],[5.66125280900008,53.346608997],[5.66246622200003,53.346935123],[5.66368286900007,53.347256879],[5.66490270900005,53.3475742540001],[5.66612569600005,53.347887235],[5.66735178600004,53.348195812],[5.66858093700006,53.348499974],[5.66981310300002,53.348799709],[5.67104824000006,53.3490950080001],[5.67228630400007,53.3493858580001],[5.67352725100005,53.3496722510001],[5.67477103500005,53.3499541750001],[5.67601761300006,53.350231621],[5.67726693900005,53.350504578],[5.67851896800005,53.3507730370001],[5.67977365700006,53.351036988],[5.68103095800006,53.351296421],[5.68229082800002,53.351551328],[5.68355322200006,53.351801698],[5.68481809200006,53.3520475240001],[5.68608539600007,53.352288796],[5.68735508600003,53.3525255060001],[5.68862711700007,53.3527576450001],[5.68990144300005,53.352985205],[5.69117802000005,53.3532081770001],[5.69245680000006,53.3534265540001],[5.69373773800004,53.3536403270001],[5.69502078800002,53.3538494900001],[5.69630590400004,53.3540540340001],[5.69759304000007,53.3542539520001],[5.69888214900004,53.354449237],[5.70017318500004,53.3546398830001],[5.70146610200004,53.3548258810001],[5.70276085300003,53.3550072260001],[5.70405739200004,53.355183911],[5.70535567300004,53.35535593],[5.70665564800004,53.3555232750001],[5.70795727000007,53.355685943],[5.70926049400003,53.355843926],[5.71056527300004,53.3559972190001],[5.71187155900003,53.356145816],[5.71317930500004,53.356289712],[5.71448846500004,53.3564289020001],[5.71579899100004,53.3565633810001],[5.71711083700006,53.3566931450001],[5.71842395600004,53.356818187],[5.71973829900003,53.356938504],[5.72105382100005,53.357054093],[5.72237047300007,53.3571649470001],[5.72368820900004,53.357271064],[5.72500698100004,53.3573724390001],[5.72632674100004,53.35746907],[5.72764744300002,53.357560952],[5.72896903900005,53.357648082],[5.73029148100005,53.357730458],[5.73161472300006,53.357808075],[5.73293871500005,53.3578809320001],[5.73426341100003,53.357949026],[5.73558876400006,53.358012354],[5.73691472500008,53.3580709140001],[5.73824124800007,53.358124704],[5.73956828300004,53.3581737210001],[5.74089578500002,53.3582179650001],[5.74222370400003,53.3582574340001],[5.74355199400003,53.358292126],[5.74488060600004,53.3583220400001],[5.74620949300004,53.3583471750001],[5.74753860800007,53.3583675290001],[5.74886790100004,53.3583831030001],[5.75019732700002,53.3583938960001],[5.75152683600004,53.358399907],[5.75285638100007,53.3584011360001],[5.75418591500005,53.3583975830001],[5.75551539000003,53.358389248],[5.75684475700007,53.358376132],[5.75817397000003,53.3583582350001],[5.75950298000004,53.358335557],[5.76083173900003,53.3583081],[5.76216020100003,53.3582758640001],[5.76348831600006,53.3582388510001],[5.76481603900004,53.3581970610001],[5.76614332000003,53.3581504970001],[5.76747011200007,53.3580991600001],[5.76879636700005,53.358043052],[5.77012203900006,53.3579821750001],[5.77144707800005,53.3579165310001],[5.77277143900005,53.3578461220001],[5.77409507200002,53.3577709510001],[5.77541793100005,53.3576910210001],[5.77673996800007,53.3576063350001],[5.77806113500003,53.3575168950001],[5.77938138600007,53.357422705],[5.78070067200002,53.3573237680001],[5.78201894600005,53.3572200880001],[5.78333616100002,53.3571116690001],[5.78465227000004,53.3569985130001],[5.78596722500004,53.3568806260001],[5.78728097900006,53.3567580120001],[5.78859348500004,53.3566306750001],[5.78990469500008,53.3564986200001],[5.79121456400003,53.356361851],[5.79252304300007,53.356220373],[5.79383008500002,53.3560741920001],[5.79513564400003,53.3559233120001],[5.79643967300007,53.355767739],[5.79774212500007,53.3556074790001],[5.79904295300003,53.355442537],[5.80034211000003,53.3552729200001],[5.80163955000006,53.3550986330001],[5.80293522600005,53.354919683],[5.80422909200007,53.3547360760001],[5.80552110000002,53.3545478180001],[5.80681120600002,53.3543549170001],[5.80809936200006,53.3541573800001],[5.80938552200007,53.3539552120001],[5.81066963900003,53.3537484230001],[5.81195166900005,53.353537019],[5.81323156400003,53.353321007],[5.81450927900005,53.353100397],[5.81578476800007,53.352875194],[5.81705798500008,53.3526454080001],[5.81832888400004,53.352411047],[5.81959742000004,53.352172119],[5.82086354700004,53.3519286330001],[5.82212721900004,53.351680597],[5.82338839200003,53.3514280210001],[5.82464702000004,53.3511709140001],[5.82590305700006,53.3509092840001],[5.82715645900004,53.350643141],[5.82840718000006,53.350372495],[5.82965517600007,53.3500973550001],[5.83090040200005,53.3498177320001],[5.83214281300008,53.3495336350001],[5.83338236500003,53.3492450750001],[5.83461901200008,53.3489520620001],[5.83585271100003,53.3486546060001],[5.83708341700003,53.3483527180001],[5.83831108600003,53.3480464090001],[5.83953567400005,53.34773569],[5.84075713700003,53.3474205730001],[5.84197543000005,53.347101068],[5.84319051200004,53.3467771860001],[5.84440233600003,53.3464489410001],[5.84561086100007,53.3461163420001],[5.84681604300005,53.3457794030001],[5.84801783800003,53.345438136],[5.84921620300003,53.345092552],[5.85041109500003,53.3447426640001],[5.85160247200002,53.3443884850001],[5.85279029000003,53.344030027],[5.85397450600004,53.3436673040001],[5.85515507900004,53.3433003270001],[5.85633196600003,53.342929112],[5.85750512500005,53.34255367],[5.85867451300004,53.3421740150001],[5.85984008800006,53.3417901610001],[5.86100180900007,53.341402122],[5.86215963400002,53.3410099120001],[5.86331352100007,53.3406135440001],[5.86446342900007,53.3402130330001],[5.86560931700006,53.339808394],[5.86675114200006,53.3393996410001],[5.86788886500005,53.3389867880001],[5.86902244500004,53.3385698500001],[5.87015184000006,53.3381488430001],[5.87127701100007,53.3377237820001],[5.87239791600007,53.3372946810001],[5.87351451600006,53.336861556],[5.87462677000002,53.336424423],[5.87462581400007,53.3364244640001],[5.87494444400005,53.336361111],[5.88678459000005,53.341230678],[5.89862744100003,53.3460990740001],[5.91047299600007,53.3509662960001],[5.92232125600003,53.3558323460001],[5.93417222200003,53.3606972220001],[5.94203728300005,53.353835013],[5.94989981300006,53.346972287],[5.95775981100007,53.3401090450001],[5.96561728000006,53.3332452860001],[5.97347222000008,53.3263810120001],[5.98132463300004,53.3195162220001],[5.98917452000006,53.3126509160001],[5.99702188200007,53.305785095],[6.00486672200003,53.29891876],[6.01270903900007,53.2920519090001],[6.02054883500006,53.285184545],[6.02838611100003,53.2783166670001],[6.01654573100006,53.2734601220001],[6.00470804200006,53.2686024050001],[5.99287304200004,53.263743515],[5.98104073200005,53.2588834540001],[5.96921111100005,53.2540222220001],[5.96906614700004,53.2542146690001]]]},"properties":{"Name":"LEEUWARDEN CTR","Designator":"EHLWD","Type":"CTR","LocalType":"CTR","UpperLimit":3000,"LowerLimit":0,"UpperLimitUnit":"FT","LowerLimitUnit":"FT","Class":"D","name":"LEEUWARDEN CTR"}},{"type":"Feature","geometry":{"type":"Polygon","coordinates":[[[5.22372296000003,51.544244915],[5.22341388900003,51.544147222],[5.23317373700007,51.5502636840001],[5.24293621100003,51.5563793360001],[5.25270130900003,51.5624941780001],[5.26246903400005,51.568608209],[5.27223938600002,51.5747214290001],[5.28201236700005,51.580833838],[5.29178797700007,51.5869454350001],[5.30156621700007,51.5930562200001],[5.31134708800005,51.599166192],[5.32113059100004,51.605275351],[5.33091672700004,51.6113836960001],[5.34070549700004,51.6174912280001],[5.35049690200003,51.6235979460001],[5.36029094300005,51.6297038490001],[5.37008762000005,51.635808937],[5.37988693500006,51.64191321],[5.38968888900007,51.648016667],[5.39978190200003,51.641740907],[5.40987212200002,51.6354642810001],[5.41995954900005,51.629186792],[5.43004418500004,51.6229084380001],[5.44012603000004,51.61662922],[5.45020508500005,51.61034914],[5.46028135200004,51.6040681960001],[5.47035483100007,51.5977863900001],[5.48042552400005,51.5915037230001],[5.49049343200005,51.5852201930001],[5.50055855500005,51.578935803],[5.51062089400006,51.572650552],[5.52068045100003,51.5663644410001],[5.53073722700003,51.5600774700001],[5.54079122200005,51.55378964],[5.55084243800007,51.5475009510001],[5.56089087600003,51.541211403],[5.57093653600003,51.5349209980001],[5.58097942000006,51.528629735],[5.59101952800006,51.522337614],[5.60105686300005,51.516044637],[5.61109142400005,51.5097508040001],[5.62112321200004,51.5034561150001],[5.63115223000005,51.4971605700001],[5.64117847700004,51.4908641700001],[5.65120195500003,51.4845669160001],[5.66122266400004,51.4782688070001],[5.67124060700007,51.471969845],[5.68125578300004,51.4656700290001],[5.69126819400003,51.459369361],[5.68146654200007,51.453290919],[5.67166749900002,51.4472116590001],[5.66187106600006,51.4411315840001],[5.65207724100003,51.4350506920001],[5.64228602400004,51.4289689840001],[5.63249741200002,51.42288646],[5.62271140600006,51.416803122],[5.61292800500007,51.4107189690001],[5.60314720700006,51.4046340020001],[5.59336901200004,51.3985482210001],[5.58359341800002,51.392461627],[5.57382042600005,51.3863742190001],[5.56405003300006,51.3802859990001],[5.55428223900003,51.374196967],[5.54451704400003,51.3681071230001],[5.53475444600002,51.362016467],[5.52499444400007,51.3559250000001],[5.52530363300002,51.356021712],[5.52530481400004,51.3560217450001],[5.52437959700006,51.3554465230001],[5.52344876000006,51.3548748520001],[5.52251233700002,51.354306754],[5.52157036400007,51.35374225],[5.52062287500007,51.3531813600001],[5.51966990700004,51.3526241070001],[5.51871149600004,51.35207051],[5.51774767600006,51.3515205910001],[5.51677848500003,51.3509743710001],[5.51580395900004,51.350431869],[5.51482413300005,51.3498931060001],[5.51383904600004,51.349358103],[5.51284873400004,51.3488268790001],[5.51185323300007,51.348299454],[5.51085258200004,51.347775848],[5.50984681800003,51.3472560810001],[5.50883597900003,51.3467401720001],[5.50782010200004,51.346228141],[5.50679922500007,51.3457200060001],[5.50577338800002,51.3452157880001],[5.50474262800003,51.3447155040001],[5.50370698400008,51.3442191730001],[5.50266649400004,51.3437268150001],[5.50162119900006,51.343238447],[5.50057113700007,51.342754088],[5.49951634700005,51.3422737560001],[5.49845687000004,51.341797469],[5.49739274400002,51.3413252450001],[5.49632400900003,51.340857102],[5.49525070700003,51.340393057],[5.49417287600005,51.3399331270001],[5.49309055800006,51.3394773300001],[5.49200379300004,51.339025683],[5.49091262200005,51.338578204],[5.48981708600007,51.338134907],[5.48871722500007,51.3376958110001],[5.48761308100006,51.337260932],[5.48650469600005,51.3368302860001],[5.48539211100007,51.3364038890001],[5.48427536700007,51.3359817570001],[5.48315450700005,51.3355639060001],[5.48202957300003,51.335150352],[5.48090060700002,51.33474111],[5.47976765100003,51.334336196],[5.47863074700007,51.333935624],[5.47748993900007,51.3335394100001],[5.47634526900003,51.3331475690001],[5.47519678000003,51.332760115],[5.47404451500006,51.3323770630001],[5.47288851700006,51.331998427],[5.47172883000007,51.331624221],[5.47056549700005,51.3312544600001],[5.46939856200004,51.330889158],[5.46822806800003,51.3305283270001],[5.46705406000007,51.3301719820001],[5.46587658100003,51.3298201360001],[5.46469567600008,51.3294728010001],[5.46351138900008,51.329129992],[5.46232376500006,51.3287917210001],[5.46113284700004,51.3284580010001],[5.45993868000005,51.328128844],[5.45874131000005,51.327804262],[5.45754078100003,51.327484268],[5.45633713900003,51.3271688740001],[5.45513042700003,51.3268580910001],[5.45392069300004,51.326551932],[5.45270798000007,51.326250407],[5.45149233500007,51.3259535280001],[5.45027380300007,51.325661306],[5.44905243000005,51.3253737520001],[5.44782826100004,51.325090878],[5.44660134300005,51.3248126920001],[5.44537172100007,51.324539207],[5.44413944200005,51.3242704310001],[5.44290455200007,51.3240063760001],[5.44166709700005,51.3237470510001],[5.44042712400005,51.3234924660001],[5.43918467800006,51.32324263],[5.43793980800007,51.322997554],[5.43669255800006,51.322757245],[5.43544297700004,51.3225217130001],[5.43419111000003,51.322290966],[5.43293700600003,51.3220650150001],[5.43168071100007,51.3218438660001],[5.43042227100005,51.3216275290001],[5.42916173500004,51.3214160100001],[5.42789915000003,51.321209319],[5.42663456200006,51.321007464],[5.42536802000006,51.3208104500001],[5.42409957000007,51.3206182870001],[5.42282926100006,51.3204309810001],[5.42155714000006,51.320248539],[5.42028325400003,51.320070969],[5.41900765200006,51.3198982750001],[5.41773038200006,51.3197304670001],[5.41645149100003,51.3195675480001],[5.41517102700004,51.3194095270001],[5.41388903800004,51.3192564070001],[5.41260557200007,51.3191081960001],[5.41132067800004,51.318964899],[5.41003440400004,51.3188265210001],[5.40874679700005,51.3186930680001],[5.40745790700004,51.318564544],[5.40616778100002,51.318440954],[5.40487646800005,51.3183223030001],[5.40358401700007,51.318208595],[5.40229047500003,51.3180998350001],[5.40099589100004,51.317996027],[5.39970031400003,51.3178971740001],[5.39840379300006,51.3178032800001],[5.39710637600007,51.317714349],[5.39580811100006,51.317630384],[5.39450904800003,51.317551388],[5.39320923500003,51.3174773650001],[5.39190872100005,51.3174083170001],[5.39060755400004,51.3173442460001],[5.38930578400004,51.317285155],[5.38800346000005,51.3172310470001],[5.38670062900007,51.317181922],[5.38539734100004,51.3171377840001],[5.38409364500006,51.3170986330001],[5.38278959000007,51.317064472],[5.38148522500006,51.317035301],[5.38018059800004,51.3170111220001],[5.37887575800005,51.316991935],[5.37757075500002,51.3169777410001],[5.37626563700007,51.3169685410001],[5.37496045400007,51.3169643350001],[5.37365525400003,51.316965124],[5.37235008600004,51.3169709060001],[5.37104499900005,51.3169816830001],[5.36974004200005,51.3169974530001],[5.36843526500007,51.3170182160001],[5.36713071500003,51.3170439720001],[5.36582644200007,51.3170747180001],[5.36452249500007,51.317110455],[5.36321892300003,51.3171511800001],[5.36191577400007,51.3171968930001],[5.36061309800004,51.3172475910001],[5.35931094300003,51.3173032730001],[5.35800935800006,51.317363936],[5.35670839200003,51.3174295790001],[5.35540809400004,51.3175001980001],[5.35410851300003,51.3175757920001],[5.35280969600007,51.317656356],[5.35151169400007,51.317741889],[5.35021455400005,51.3178323880001],[5.34891832600005,51.3179278470001],[5.34762305800007,51.3180282650001],[5.34632879800006,51.3181336380001],[5.34503559500007,51.3182439600001],[5.34374349700005,51.3183592290001],[5.34245255400003,51.31847944],[5.34116281300004,51.318604588],[5.33987432300006,51.318734669],[5.33858713200004,51.3188696780001],[5.33730128800005,51.319009609],[5.33601683900002,51.3191544580001],[5.33473383500007,51.3193042190001],[5.33345232200003,51.3194588870001],[5.33217235000006,51.3196184550001],[5.33089396500003,51.319782918],[5.32961721600003,51.31995227],[5.32834215100007,51.320126504],[5.32706881700005,51.3203056130001],[5.32579726300003,51.3204895910001],[5.32452753600006,51.3206784320001],[5.32325968400005,51.320872127],[5.32199375300007,51.32107067],[5.32072979300005,51.3212740530001],[5.31946784900003,51.3214822690001],[5.31820797000006,51.3216953090001],[5.31695020200004,51.321913167],[5.31569459300005,51.3221358330001],[5.31444119000003,51.3223632990001],[5.31319004000005,51.3225955570001],[5.31194119000003,51.322832598],[5.31069468700002,51.323074413],[5.30945057700006,51.323320994],[5.30820890700005,51.32357233],[5.30696972300007,51.3238284130001],[5.30573307300006,51.3240892320001],[5.30449900200006,51.324354778],[5.30326755700003,51.324625042],[5.30203878400005,51.3249000120001],[5.30081272900003,51.325179679],[5.29958943800005,51.3254640330001],[5.29836895700004,51.3257530610001],[5.29715133100007,51.326046755],[5.29593660700004,51.3263451010001],[5.29472483000006,51.326648091],[5.29351604500005,51.326955711],[5.29231029700003,51.3272679510001],[5.29110763300002,51.3275847990001],[5.28990809700002,51.327906242],[5.28871173300007,51.3282322700001],[5.28751858800007,51.3285628690001],[5.28632870400003,51.328898028],[5.28514212900006,51.3292377330001],[5.28395890400003,51.329581972],[5.28277907600005,51.329930732],[5.28160268900007,51.3302840000001],[5.28042978500002,51.3306417630001],[5.27926041100005,51.331004007],[5.27809460800006,51.3313707190001],[5.27693242100003,51.3317418840001],[5.27577389400005,51.33211749],[5.27461907100007,51.332497522],[5.27346799300005,51.3328819650001],[5.27232070500003,51.333270806],[5.27117724900006,51.333664029],[5.27003766900003,51.334061621],[5.26890200700007,51.3344635650001],[5.26777030600005,51.334869847],[5.26664260800004,51.3352804520001],[5.26551895600005,51.3356953640001],[5.26439939100004,51.3361145690001],[5.26328395600007,51.3365380490001],[5.26217269200004,51.336965789],[5.26106564200006,51.3373977730001],[5.25996284600006,51.3378339860001],[5.25886434600005,51.3382744100001],[5.25777018300005,51.3387190290001],[5.25668039800007,51.3391678260001],[5.25559503300002,51.3396207850001],[5.25451412700005,51.3400778880001],[5.25343772200006,51.340539119],[5.25236585800008,51.3410044600001],[5.25129857400003,51.3414738930001],[5.25023591100006,51.3419474020001],[5.24917790900003,51.342424968],[5.24812460800007,51.3429065730001],[5.24707604700006,51.3433922],[5.24603226400006,51.34388183],[5.24499330100002,51.344375444],[5.24395919400007,51.344873025],[5.24292998400006,51.3453745530001],[5.24190570900004,51.34588001],[5.24088640700006,51.346389377],[5.23987211600007,51.3469026340001],[5.23886287500005,51.3474197630001],[5.23785872100007,51.3479407450001],[5.23685969200005,51.348465558],[5.23586582500008,51.348994185],[5.23487715900006,51.3495266040001],[5.23389372900004,51.3500627970001],[5.23291557200002,51.350602742],[5.23194272600006,51.3511464200001],[5.23097522700004,51.3516938110001],[5.23001311100006,51.352244893],[5.22905641400007,51.3527996460001],[5.22810517300007,51.3533580500001],[5.22715942200006,51.353920083],[5.22621919700003,51.354485724],[5.22528453400002,51.355054952],[5.22435546700007,51.355627747],[5.22343203200006,51.3562040850001],[5.22251426300005,51.3567839460001],[5.22160219400007,51.3573673080001],[5.22069586000003,51.357954148],[5.21979529400005,51.3585444460001],[5.21890053100003,51.3591381790001],[5.21801160400003,51.359735324],[5.21712854600003,51.3603358600001],[5.21625139000002,51.360939763],[5.21538017000006,51.361547011],[5.21451491800002,51.3621575810001],[5.21365566600002,51.3627714510001],[5.21280244700006,51.363388597],[5.21195529300007,51.3640089960001],[5.21111423500003,51.3646326250001],[5.21027930500003,51.3652594610001],[5.20945053400004,51.3658894800001],[5.20862795400006,51.3665226580001],[5.20781159400002,51.367158972],[5.20700148700007,51.3677983970001],[5.20619766200002,51.3684409110001],[5.20540014900007,51.3690864880001],[5.20460897900006,51.369735104],[5.20382418000003,51.3703867360001],[5.20304578300005,51.3710413590001],[5.20227381700005,51.371698947],[5.20150830900008,51.372359477],[5.20074929100002,51.3730229240001],[5.19999678800002,51.3736892630001],[5.19925083100003,51.3743584690001],[5.19851144700004,51.375030516],[5.19777866300007,51.3757053800001],[5.19705250700002,51.376383036],[5.19633300700002,51.3770634570001],[5.19562018900007,51.3777466180001],[5.19491408000005,51.378432495],[5.19421470600003,51.37912106],[5.19352209500005,51.379812288],[5.19283627100003,51.380506154],[5.19215726000004,51.3812026310001],[5.19148508900003,51.381901693],[5.19081978100007,51.3826033130001],[5.19016136300007,51.3833074670001],[5.18950985800006,51.3840141270001],[5.18886529100007,51.384723266],[5.18822768700005,51.3854348580001],[5.18759707000004,51.386148877],[5.18697346200003,51.3868652950001],[5.18635688700004,51.3875840860001],[5.18574736900007,51.388305223],[5.18514493000004,51.389028679],[5.18454959300004,51.3897544260001],[5.18396138100007,51.3904824370001],[5.18338031400003,51.3912126860001],[5.18280641600006,51.391945144],[5.18223970700006,51.392679785],[5.18168021000002,51.3934165800001],[5.18112794400002,51.394155503],[5.18058293000007,51.394896524],[5.18004519000004,51.3956396180001],[5.17951474200004,51.3963847540001],[5.17899160800005,51.3971319070001],[5.17847580600005,51.3978810470001],[5.17796735700006,51.3986321470001],[5.17746627800005,51.399385179],[5.17697259000005,51.4001401130001],[5.17648630900004,51.4008969230001],[5.17600745600004,51.4016555790001],[5.17553604700004,51.4024160530001],[5.17507210000002,51.403178316],[5.17461563300003,51.4039423410001],[5.17416666200006,51.4047080980001],[5.17372520600003,51.405475558],[5.17329127900007,51.4062446930001],[5.17286489900005,51.407015475],[5.17244608100003,51.4077878730001],[5.17203484200007,51.408561859],[5.17163119600002,51.409337404],[5.17123515800006,51.4101144800001],[5.17084674500006,51.4108930560001],[5.17046596900008,51.411673104],[5.17009284600005,51.4124545940001],[5.16972738900006,51.4132374970001],[5.16936961200003,51.4140217840001],[5.16901952900002,51.414807425],[5.16867715200004,51.4155943910001],[5.16834249500005,51.416382653],[5.16801557000002,51.4171721800001],[5.16769639000006,51.4179629430001],[5.16738496500005,51.418754913],[5.16708130900003,51.4195480590001],[5.16678543200004,51.4203423530001],[5.16649734500004,51.421137764],[5.16621705900008,51.421934262],[5.16594458600002,51.422731818],[5.16567993400002,51.4235304010001],[5.16542311400002,51.4243299820001],[5.16517413600008,51.425130531],[5.16493300800005,51.425932017],[5.16469974000006,51.426734412],[5.16447434200006,51.427537683],[5.16425682000005,51.428341802],[5.16404718300004,51.429146738],[5.16384544000005,51.4299524620001],[5.16365159700007,51.4307589420001],[5.16346566200002,51.431566149],[5.16328764200006,51.4323740520001],[5.16311754400004,51.4331826210001],[5.16295537400003,51.4339918260001],[5.16280113800002,51.434801636],[5.16265484100006,51.4356120210001],[5.16251649000003,51.4364229510001],[5.16238609000004,51.4372343950001],[5.16226364500005,51.438046323],[5.16214916000007,51.438858704],[5.16204263900005,51.4396715070001],[5.16194408700005,51.440484704],[5.16185350600006,51.441298262],[5.16177090100007,51.4421121510001],[5.16169627500005,51.442926341],[5.16162963000005,51.443740802],[5.16157096800004,51.4445555020001],[5.16152029300002,51.4453704110001],[5.16147760500007,51.4461854990001],[5.16144290700004,51.4470007350001],[5.16141620000008,51.4478160890001],[5.16139748500007,51.4486315290001],[5.16138676200006,51.449447026],[5.16138403200006,51.4502625490001],[5.16138929500005,51.451078066],[5.16140255000005,51.451893549],[5.16142379800004,51.4527089650001],[5.16145303800005,51.4535242840001],[5.16149026800002,51.4543394770001],[5.16153548700004,51.455154512],[5.16158869300006,51.4559693580001],[5.16164988500003,51.4567839860001],[5.16171906000005,51.457598364],[5.16179621500004,51.4584124620001],[5.16188134700008,51.45922625],[5.16197445400007,51.4600396960001],[5.16207553200007,51.4608527710001],[5.16218457700006,51.4616654440001],[5.16230158500002,51.4624776850001],[5.16242655200006,51.4632894630001],[5.16255947200005,51.464100747],[5.16270034100006,51.4649115080001],[5.16284915400007,51.465721714],[5.16300590500003,51.4665313350001],[5.16317058900006,51.4673403420001],[5.16334319800006,51.4681487030001],[5.16352372700004,51.468956389],[5.16371216800007,51.4697633690001],[5.16390851500006,51.4705696130001],[5.16411276100007,51.47137509],[5.16432489700003,51.4721797700001],[5.16454491600007,51.4729836240001],[5.16477280900006,51.473786621],[5.16500856900007,51.474588731],[5.16525218500004,51.4753899230001],[5.16550364900007,51.4761901690001],[5.16576295200002,51.476989437],[5.16603008300007,51.477787698],[5.16630503400006,51.478584922],[5.16658779300008,51.4793810790001],[5.16687834900006,51.480176139],[5.16717669300004,51.480970072],[5.16748281200006,51.4817628490001],[5.16779669600004,51.4825544390001],[5.16811833200006,51.4833448140001],[5.16844770800003,51.4841339430001],[5.16878481300006,51.484921797],[5.16912963300007,51.4857083470001],[5.16948215600007,51.4864935620001],[5.16984236800005,51.4872774140001],[5.17021025500003,51.4880598720001],[5.17058580500003,51.488840909],[5.17096900300004,51.4896204930001],[5.17135983400004,51.4903985970001],[5.17175828400002,51.49117519],[5.17216433800007,51.4919502450001],[5.17257798000003,51.4927237310001],[5.17299919600003,51.49349562],[5.17342797000003,51.494265883],[5.17386428400005,51.4950344900001],[5.17430812400005,51.495801414],[5.17475947200006,51.4965666250001],[5.17521831100004,51.4973300950001],[5.17568462400004,51.4980917940001],[5.17615839400003,51.498851695],[5.17663960300007,51.4996097690001],[5.17712823300008,51.5003659880001],[5.17762426600007,51.5011203220001],[5.17812768200002,51.5018727450001],[5.17863846400007,51.5026232270001],[5.17915659100004,51.50337174],[5.17968204500005,51.5041182570001],[5.18021480500005,51.504862749],[5.18075485300005,51.5056051890001],[5.18130216700007,51.5063455480001],[5.18185672700002,51.5070838],[5.18241851200003,51.507819915],[5.18298750100007,51.508553867],[5.18356367300004,51.509285628],[5.18414700700004,51.5100151710001],[5.18473747900003,51.510742468],[5.18533506900008,51.5114674920001],[5.18593975400006,51.5121902160001],[5.18655151000007,51.512910612],[5.18717031600005,51.5136286540001],[5.18779614800007,51.5143443150001],[5.18842898200006,51.515057568],[5.18906879500003,51.515768386],[5.18971556300005,51.5164767420001],[5.19036926100006,51.5171826100001],[5.19102986500008,51.5178859640001],[5.19169735100007,51.5185867770001],[5.19237169200005,51.5192850220001],[5.19305286500003,51.5199806750001],[5.19374084200007,51.5206737070001],[5.19443560000008,51.5213640950001],[5.19513711000008,51.522051811],[5.19584534800003,51.5227368290001],[5.19656028700007,51.523419125],[5.19728189900007,51.524098673],[5.19801015800005,51.524775446],[5.19874503700004,51.52544942],[5.19948650700007,51.52612057],[5.20023454100004,51.5267888700001],[5.20098911100007,51.527454295],[5.20175019000004,51.52811682],[5.20251774700006,51.528776421],[5.20329175400008,51.5294330720001],[5.20407218300005,51.5300867500001],[5.20485900400007,51.5307374290001],[5.20565218800004,51.5313850850001],[5.20645170400007,51.5320296940001],[5.20725752300007,51.5326712310001],[5.20806961500006,51.5333096730001],[5.20888794900003,51.5339449960001],[5.20971249400003,51.534577175],[5.21054322000003,51.5352061880001],[5.21138009500004,51.53583201],[5.21222308900008,51.5364546180001],[5.21307216800005,51.5370739890001],[5.21392730200006,51.537690099],[5.21478845900003,51.538302926],[5.21565560600004,51.538912446],[5.21652871100002,51.5395186370001],[5.21740774000006,51.540121475],[5.21829266100002,51.540720939],[5.21918344200003,51.5413170050001],[5.22008004700007,51.5419096520001],[5.22098244400007,51.5424988560001],[5.22189060000005,51.5430845970001],[5.22280447800006,51.5436668520001],[5.22372296000003,51.544244915]]]},"properties":{"Name":"EINDHOVEN CTR","Designator":"EHEHD","Type":"CTR","LocalType":"CTR","UpperLimit":3000,"LowerLimit":0,"UpperLimitUnit":"FT","LowerLimitUnit":"FT","Class":"D","name":"EINDHOVEN CTR"}},{"type":"Feature","geometry":{"type":"Polygon","coordinates":[[[5.38968888900007,51.648016667],[5.39949338200006,51.6541191310001],[5.40930051600003,51.6602207770001],[5.41911029100004,51.666321607],[5.42892270800007,51.6724216200001],[5.43873776900006,51.6785208150001],[5.44855547300006,51.6846191920001],[5.45837582300004,51.69071675],[5.46819881800008,51.6968134890001],[5.47802446000003,51.702909409],[5.48785275100005,51.7090045090001],[5.49768369000003,51.7150987890001],[5.50751727800002,51.7211922480001],[5.51735351800005,51.7272848860001],[5.52719240800008,51.733376703],[5.53703395200006,51.7394676980001],[5.54687814900007,51.7455578720001],[5.55672500000003,51.751647222],[5.55704048400003,51.7517452100001],[5.55703930400006,51.751745177],[5.55797111300006,51.752316625],[5.55890852100003,51.7528845190001],[5.55985149200006,51.753448839],[5.56079999100007,51.7540095640001],[5.56175398200003,51.7545666730001],[5.56271343000003,51.755120144],[5.56367829900006,51.7556699580001],[5.56464855200005,51.7562160940001],[5.56562415500002,51.7567585310001],[5.56660506900005,51.7572972500001],[5.56759125900004,51.757832229],[5.56858268800005,51.7583634490001],[5.56957931800002,51.75889089],[5.57058111300006,51.759414533],[5.57158803500005,51.7599343580001],[5.57260004600005,51.760450345],[5.57361710900005,51.760962476],[5.57463918600007,51.76147073],[5.57566623800005,51.7619750900001],[5.57669822700007,51.7624755350001],[5.57773511400006,51.762972049],[5.57877686100005,51.7634646110001],[5.57982342900004,51.7639532040001],[5.58087477900006,51.7644378090001],[5.58193087100005,51.7649184090001],[5.58299166700004,51.7653949840001],[5.58405712500007,51.765867519],[5.58512720800007,51.766335994],[5.58620187400004,51.7668003920001],[5.58728108300005,51.7672606960001],[5.58836479500007,51.767716889],[5.58945297100007,51.768168954],[5.59054556800004,51.768616874],[5.59164254600006,51.769060632],[5.59274386500005,51.769500211],[5.59384948300004,51.769935595],[5.59495935800004,51.7703667690001],[5.59607345000006,51.7707937150001],[5.59719171600005,51.7712164180001],[5.59831411600004,51.771634862],[5.59944060600003,51.7720490310001],[5.60057114600005,51.7724589100001],[5.60170569200005,51.7728644840001],[5.60284420200003,51.773265737],[5.60398663400002,51.7736626540001],[5.60513294500004,51.7740552220001],[5.60628309200007,51.774443424],[5.60743703300005,51.7748272470001],[5.60859472400006,51.775206675],[5.60975612200002,51.7755816960001],[5.61092118300007,51.7759522950001],[5.61208986500003,51.7763184570001],[5.61326212300003,51.7766801700001],[5.61443791300007,51.7770374200001],[5.61561719200006,51.7773901940001],[5.61679991600005,51.7777384780001],[5.61798604000006,51.778082259],[5.61917552000006,51.7784215250001],[5.62036831200004,51.778756263],[5.62156437100003,51.77908646],[5.62276365200006,51.7794121040001],[5.62396611100007,51.7797331830001],[5.62517170300003,51.7800496840001],[5.62638038200004,51.7803615970001],[5.62759210400003,51.780668909],[5.62880682300005,51.7809716090001],[5.63002449400005,51.781269686],[5.63124507200007,51.7815631280001],[5.63246851000002,51.7818519240001],[5.63369476300005,51.782136064],[5.63492378600006,51.7824155380001],[5.63615553200003,51.7826903330001],[5.63738995500006,51.782960442],[5.63862701000005,51.783225852],[5.63986665000004,51.7834865550001],[5.64110882800003,51.783742541],[5.64235349900002,51.783993799],[5.64360061500003,51.7842403220001],[5.64485013100006,51.7844820990001],[5.64610199900005,51.7847191210001],[5.64735617300005,51.7849513800001],[5.64861260600003,51.7851788660001],[5.64987125100004,51.7854015720001],[5.65113206100006,51.78561949],[5.65239498900007,51.7858326100001],[5.65365998700003,51.7860409250001],[5.65492700900006,51.786244427],[5.65619600700006,51.7864431090001],[5.65746693400007,51.786636963],[5.65873974200002,51.786825982],[5.66001438300003,51.787010159],[5.66129081100007,51.787189487],[5.66256897700003,51.7873639600001],[5.66384883400002,51.7875335700001],[5.66513033300004,51.787698311],[5.66641342800006,51.7878581780001],[5.66769806900004,51.7880131640001],[5.66898421000008,51.788163264],[5.67027180100007,51.7883084710001],[5.67156079600005,51.7884487810001],[5.67285114500004,51.7885841890001],[5.67414280000003,51.788714688],[5.67543571400006,51.788840275],[5.67672983800003,51.7889609440001],[5.67802512300005,51.789076692],[5.67932152200007,51.7891875130001],[5.68061898600007,51.789293404],[5.68191746500003,51.7893943610001],[5.68321691300002,51.7894903800001],[5.68451728000002,51.7895814570001],[5.68581851700003,51.789667589],[5.68712057700003,51.7897487720001],[5.68842341000004,51.7898250050001],[5.68972696800006,51.7898962830001],[5.69103120200003,51.789962604],[5.69233606400007,51.7900239670001],[5.69364150400003,51.790080367],[5.69494747400006,51.7901318040001],[5.69625392500006,51.7901782750001],[5.69756080800005,51.790219779],[5.69886807400007,51.790256314],[5.70017567600007,51.7902878790001],[5.70148356300007,51.790314472],[5.70279168700006,51.7903360930001],[5.70409999800006,51.7903527400001],[5.70540845000005,51.7903644140001],[5.70671699100006,51.790371113],[5.70802557400003,51.7903728380001],[5.70933414900003,51.790369588],[5.71064266800005,51.790361364],[5.71195108100005,51.7903481660001],[5.71325934100003,51.7903299930001],[5.71456739700005,51.7903068480001],[5.71587520200006,51.7902787310001],[5.71718270600007,51.7902456420001],[5.71848986000003,51.790207584],[5.71979661600005,51.790164557],[5.72110292500003,51.7901165640001],[5.72240873700002,51.7900636050001],[5.72371400500003,51.7900056830001],[5.72501867900007,51.7899428010001],[5.72632271100002,51.789874959],[5.72762605200006,51.7898021620001],[5.72892865300003,51.7897244120001],[5.73023046600002,51.7896417110001],[5.73153144200006,51.789554063],[5.73283153200003,51.78946147],[5.73413068800005,51.7893639380001],[5.73542886200005,51.7892614680001],[5.73672600400005,51.789154065],[5.73802206700003,51.789041733],[5.73931700100007,51.788924476],[5.74061075900005,51.7888022990001],[5.74190329200007,51.7886752050001],[5.74319455300002,51.788543201],[5.74448449100004,51.7884062900001],[5.74577306100002,51.788264478],[5.74706021300005,51.78811777],[5.74834589900007,51.787966172],[5.74963007100007,51.787809689],[5.75091268200003,51.787648328],[5.75219368300003,51.7874820930001],[5.75347302600005,51.7873109920001],[5.75475066400003,51.7871350300001],[5.75602655000006,51.786954215],[5.75730063400005,51.7867685530001],[5.75857287100007,51.786578051],[5.75984321100003,51.786382716],[5.76111160800002,51.786182556],[5.76237801500002,51.785977577],[5.76364238400004,51.785767788],[5.76490466700005,51.7855531970001],[5.76616481900004,51.7853338100001],[5.76742279100006,51.7851096380001],[5.76867853600004,51.7848806870001],[5.76993200800007,51.7846469680001],[5.77118316000002,51.7844084870001],[5.77243194500005,51.7841652540001],[5.77367831700008,51.783917279],[5.77492222900003,51.78366457],[5.77616363400006,51.783407138],[5.77740248600003,51.783144991],[5.77863873900003,51.782878139],[5.77987234600005,51.782606593],[5.78110326200004,51.782330362],[5.78233144100005,51.782049457],[5.78355683600006,51.7817638880001],[5.78477940200003,51.7814736660001],[5.78599909300004,51.7811788020001],[5.78721586400007,51.7808793070001],[5.78842967000003,51.7805751920001],[5.78964046400006,51.780266469],[5.79084820100007,51.7799531480001],[5.79205283800007,51.779635242],[5.79325432700006,51.7793127620001],[5.79445262600007,51.778985721],[5.79564768800003,51.7786541310001],[5.79683946900008,51.778318004],[5.79802792500004,51.777977353],[5.79921301200005,51.7776321900001],[5.80039468400003,51.7772825280001],[5.80157289800007,51.7769283810001],[5.80274761000004,51.7765697610001],[5.80391877600005,51.7762066830001],[5.80508635300004,51.775839159],[5.80625029600003,51.7754672030001],[5.80741056200003,51.7750908290001],[5.80856710800003,51.774710052],[5.80971989000005,51.7743248850001],[5.81086886600002,51.7739353440001],[5.81201399300005,51.7735414410001],[5.81315522700004,51.7731431930001],[5.81429252700002,51.772740614],[5.81542584900006,51.772333718],[5.81655515100005,51.7719225230001],[5.81768039200006,51.7715070410001],[5.81880152900004,51.7710872900001],[5.81991852000004,51.7706632850001],[5.82103132400005,51.770235041],[5.82213989900004,51.769802575],[5.82324420300006,51.7693659030001],[5.82434419500004,51.768925041],[5.82543983500005,51.7684800060001],[5.82653108100004,51.768030814],[5.82761789300002,51.767577481],[5.82870022900005,51.767120026],[5.82977805000007,51.766658465],[5.83085131500007,51.7661928150001],[5.83191998400002,51.7657230940001],[5.83298401700006,51.7652493190001],[5.83404337500002,51.7647715080001],[5.83509801800005,51.7642896780001],[5.83614790600006,51.7638038490001],[5.83719300000007,51.763314037],[5.83823326200007,51.762820262],[5.83926865200004,51.7623225410001],[5.84029913100005,51.761820893],[5.84132466200003,51.761315338],[5.84234520600006,51.7608058930001],[5.84336072400004,51.7602925790001],[5.84437117900006,51.7597754130001],[5.84537653300004,51.759254416],[5.84637674900006,51.758729606],[5.84737178900002,51.7582010040001],[5.84836161600003,51.7576686300001],[5.84934619200004,51.757132502],[5.85032548200007,51.756592642],[5.85129944900007,51.756049069],[5.85226805600007,51.7555018030001],[5.85323126700007,51.7549508660001],[5.85418904500006,51.7543962770001],[5.85514135700004,51.7538380570001],[5.85608816500007,51.7532762280001],[5.85702943400003,51.7527108100001],[5.85796512900004,51.752141824],[5.85889521600006,51.7515692920001],[5.85981965900004,51.7509932350001],[5.86073842400003,51.7504136740001],[5.86165147700007,51.7498306310001],[5.86255878300005,51.749244129],[5.86346030900006,51.748654188],[5.86435602000006,51.748060831],[5.86524588500004,51.74746408],[5.86612986800003,51.7468639570001],[5.86700793800003,51.7462604850001],[5.86788006100005,51.7456536870001],[5.86874620500004,51.745043584],[5.86960633700005,51.7444302000001],[5.87046042600002,51.7438135580001],[5.87130843900007,51.74319368],[5.87215034500002,51.7425705900001],[5.87298611200004,51.741944312],[5.87381571000003,51.7413148680001],[5.87463910600007,51.7406822820001],[5.87545627100008,51.740046577],[5.87626717300003,51.739407778],[5.87707178300008,51.7387659090001],[5.87787007100007,51.7381209920001],[5.87866200600007,51.737473053],[5.87944755900003,51.7368221150001],[5.88022670100003,51.7361682040001],[5.88099940200004,51.7355113420001],[5.88176563500002,51.7348515560001],[5.88252536900006,51.734188869],[5.88327857700006,51.7335233060001],[5.88402523100007,51.732854892],[5.88476530200006,51.732183653],[5.88549876300004,51.7315096120001],[5.88622558800006,51.7308327960001],[5.88694574700003,51.73015323],[5.88765921500004,51.7294709380001],[5.88836596500005,51.7287859470001],[5.88906597100004,51.7280982820001],[5.88975920600006,51.7274079690001],[5.89044564400007,51.7267150330001],[5.89112526100007,51.7260195010001],[5.89179802900003,51.7253213980001],[5.89246392600006,51.724620751],[5.89312292400007,51.723917585],[5.89377500100005,51.7232119280001],[5.89442013100006,51.722503804],[5.89505829000007,51.721793242],[5.89568945500002,51.721080267],[5.89631360100003,51.7203649050001],[5.89693070700002,51.719647185],[5.89754074800004,51.718927131],[5.89814370100004,51.7182047730001],[5.89873954600006,51.7174801350001],[5.89932825800003,51.7167532460001],[5.89990981600005,51.7160241330001],[5.90048419800007,51.715292822],[5.90105138300004,51.714559341],[5.90161135000005,51.7138237180001],[5.90216407800006,51.7130859810001],[5.90270954500005,51.712346155],[5.90324773300006,51.7116042700001],[5.90377862000003,51.710860353],[5.90430218700004,51.7101144310001],[5.90481841400003,51.709366533],[5.90532728100004,51.7086166870001],[5.90582877100007,51.7078649200001],[5.90632286400006,51.7071112610001],[5.90680954200008,51.7063557380001],[5.90728878600004,51.705598378],[5.90776057900007,51.704839211],[5.90822490300008,51.7040782650001],[5.90868174100007,51.7033155670001],[5.90913107500006,51.7025511480001],[5.90957288900006,51.7017850340001],[5.91000716600007,51.7010172550001],[5.91043389100003,51.700247839],[5.91085304600006,51.6994768160001],[5.91126461700003,51.698704214],[5.91166858800005,51.6979300610001],[5.91206494500005,51.6971543880001],[5.91245367100004,51.6963772220001],[5.91283475300003,51.6955985920001],[5.91320817700006,51.694818529],[5.91357392800006,51.6940370610001],[5.91393199300006,51.6932542160001],[5.91428235800004,51.6924700260001],[5.91462501100006,51.691684518],[5.91495993800004,51.690897722],[5.91528712800005,51.6901096670001],[5.91560656700005,51.689320384],[5.91591824400007,51.6885299],[5.91622214700004,51.687738247],[5.91651826600003,51.6869454530001],[5.91680658800004,51.686151549],[5.91708710300003,51.685356563],[5.91735980100003,51.6845605250001],[5.91762467200004,51.6837634660001],[5.91788170400002,51.6829654150001],[5.91813089000004,51.6821664020001],[5.91837222000004,51.681366456],[5.91860568400006,51.6805656080001],[5.91883127300002,51.679763887],[5.91904898100006,51.6789613230001],[5.91925879700005,51.678157947],[5.91946071500007,51.6773537890001],[5.91965472700002,51.6765488770001],[5.91984082600004,51.675743244],[5.92001900500003,51.6749369170001],[5.92018925600007,51.6741299290001],[5.92035157400005,51.6733223080001],[5.92050595300003,51.672514086],[5.92065238700008,51.6717052920001],[5.92079087000008,51.670895956],[5.92092139800008,51.6700861080001],[5.92104396500002,51.6692757800001],[5.92115856600003,51.6684650010001],[5.92126519800007,51.667653801],[5.92136385700007,51.6668422120001],[5.92145453800003,51.666030262],[5.92153723900003,51.665217983],[5.92161195700004,51.664405404],[5.92167868800004,51.6635925570001],[5.92173742900007,51.6627794710001],[5.92178818000002,51.6619661770001],[5.92183093800003,51.6611527050001],[5.92186570100006,51.6603390860001],[5.92189246900006,51.6595253500001],[5.92191123900005,51.658711528],[5.92192201200004,51.6578976490001],[5.92192478600003,51.657083744],[5.92191956300007,51.6562698450001],[5.92190634200006,51.6554559800001],[5.92188512300004,51.654642181],[5.92185590800005,51.653828477],[5.92181869700005,51.6530149000001],[5.92177349200006,51.65220148],[5.92172029400007,51.6513882460001],[5.92165910600005,51.6505752300001],[5.92158993000004,51.6497624620001],[5.92151276800007,51.6489499720001],[5.92142762400005,51.6481377900001],[5.92133450000006,51.6473259470001],[5.92123340000006,51.6465144740001],[5.92112432700003,51.6457034000001],[5.92100728700007,51.6448927550001],[5.92088228200004,51.6440825710001],[5.92074931900004,51.6432728770001],[5.92060840100004,51.6424637040001],[5.92045953400003,51.6416550810001],[5.92030272400007,51.64084704],[5.92013797600003,51.64003961],[5.91996529700003,51.6392328210001],[5.91978469300005,51.6384267030001],[5.91959617100002,51.637621288],[5.91939973800004,51.636816604],[5.91919540100002,51.6360126810001],[5.91898316800007,51.6352095510001],[5.91876304600004,51.6344072420001],[5.91853504500006,51.633605785],[5.91829917200005,51.6328052100001],[5.91805543600003,51.6320055470001],[5.91780384700007,51.631206825],[5.91754441400008,51.6304090740001],[5.91727714600006,51.629612325],[5.91700205400002,51.628816606],[5.91671914700004,51.628021948],[5.91642843700004,51.6272283800001],[5.91612993400003,51.626435932],[5.91582364900006,51.6256446340001],[5.91550959500006,51.624854515],[5.91518778100004,51.6240656050001],[5.91485822200002,51.6232779320001],[5.91452092800006,51.6224915280001],[5.91417591300007,51.6217064200001],[5.91382318900003,51.6209226380001],[5.91346276900003,51.6201402120001],[5.91309466800004,51.619359171],[5.91271889800004,51.6185795430001],[5.91233547400003,51.6178013590001],[5.91194441000005,51.6170246470001],[5.91154572100004,51.616249436],[5.91113942200008,51.615475755],[5.91072552700007,51.614703633],[5.91030405200007,51.6139330990001],[5.90987501400002,51.6131641810001],[5.90943842800004,51.612396909],[5.90899431000003,51.6116313110001],[5.90854267600002,51.610867415],[5.90808354500007,51.610105251],[5.90761693300004,51.6093448460001],[5.90714285700005,51.6085862300001],[5.90666133500002,51.607829429],[5.90617238500005,51.6070744740001],[5.90567602500005,51.6063213910001],[5.90517227500004,51.6055702090001],[5.90466115200007,51.604820956],[5.90414267600005,51.60407366],[5.90361686600005,51.603328349],[5.90308374200004,51.6025850510001],[5.90254332300003,51.601843794],[5.90199563100003,51.601104605],[5.90144068500007,51.6003675110001],[5.90087850600003,51.5996325410001],[5.90030911500003,51.5988997220001],[5.89973253300008,51.598169081],[5.89914878300004,51.5974406460001],[5.89855788500006,51.5967144430001],[5.89795986200005,51.5959905010001],[5.89735473600007,51.5952688450001],[5.89674253000004,51.5945495030001],[5.89612326600007,51.5938325020001],[5.89549696800003,51.593117868],[5.89486366000006,51.592405629],[5.89422336400003,51.59169581],[5.89357610500002,51.5909884390001],[5.89292190600003,51.5902835410001],[5.89226079400004,51.5895811440001],[5.89159279100005,51.588881273],[5.89091792300007,51.588183954],[5.89023621500007,51.5874892140001],[5.88954769300005,51.5867970790001],[5.88885238300003,51.586107573],[5.88815030900003,51.5854207240001],[5.88744150000002,51.584736557],[5.88672598000005,51.584055097],[5.88600377800003,51.5833763700001],[5.88527491900004,51.5827004010001],[5.88453943100006,51.582027215],[5.88379734100005,51.581356838],[5.88304867800002,51.5806892950001],[5.88229346900005,51.5800246100001],[5.88153174200005,51.579362808],[5.88076352600007,51.5787039140001],[5.87998885000007,51.5780479530001],[5.87920774200006,51.57739495],[5.87842023200005,51.576744927],[5.87762634900002,51.576097911],[5.87682612300006,51.575453925],[5.87601958300007,51.5748129930001],[5.87520676000003,51.574175139],[5.87438768400006,51.573540386],[5.87356238600006,51.5729087600001],[5.87273089700005,51.5722802820001],[5.87189324700006,51.571654977],[5.87104946800002,51.5710328690001],[5.87019959100007,51.5704139790001],[5.86934364900003,51.5697983320001],[5.86848167300008,51.5691859500001],[5.86761369500005,51.568576857],[5.86673974800004,51.5679710740001],[5.86585986400007,51.567368625],[5.86497407700006,51.5667695320001],[5.86408241900006,51.566173818],[5.86318492300006,51.5655815040001],[5.86228162400005,51.5649926140001],[5.86137255500006,51.5644071680001],[5.86045775000002,51.5638251890001],[5.85953724300003,51.563246699],[5.85861106800007,51.562671718],[5.85860988800005,51.562671686],[5.85829722200003,51.562575],[5.84845101800005,51.5565106540001],[5.83860743900004,51.5504454850001],[5.82876648500007,51.5443794920001],[5.81892815500004,51.538312676],[5.80909244700007,51.5322450370001],[5.79925936100005,51.5261765770001],[5.78942889600006,51.5201072940001],[5.77960105100004,51.5140371900001],[5.76977582500007,51.507966266],[5.75995321700003,51.5018945200001],[5.75013322700005,51.4958219550001],[5.74031585200004,51.4897485700001],[5.73050109400003,51.4836743650001],[5.72068894900002,51.4775993420001],[5.71087941800005,51.4715234990001],[5.70107250000007,51.465446839],[5.69126819400003,51.459369361],[5.68125578300004,51.4656700290001],[5.67124060700007,51.471969845],[5.66122266400004,51.4782688070001],[5.65120195500003,51.4845669160001],[5.64117847700004,51.4908641700001],[5.63115223000005,51.4971605700001],[5.62112321200004,51.5034561150001],[5.61109142400005,51.5097508040001],[5.60105686300005,51.516044637],[5.59101952800006,51.522337614],[5.58097942000006,51.528629735],[5.57093653600003,51.5349209980001],[5.56089087600003,51.541211403],[5.55084243800007,51.5475009510001],[5.54079122200005,51.55378964],[5.53073722700003,51.5600774700001],[5.52068045100003,51.5663644410001],[5.51062089400006,51.572650552],[5.50055855500005,51.578935803],[5.49049343200005,51.5852201930001],[5.48042552400005,51.5915037230001],[5.47035483100007,51.5977863900001],[5.46028135200004,51.6040681960001],[5.45020508500005,51.61034914],[5.44012603000004,51.61662922],[5.43004418500004,51.6229084380001],[5.41995954900005,51.629186792],[5.40987212200002,51.6354642810001],[5.39978190200003,51.641740907],[5.38968888900007,51.648016667]]]},"properties":{"Name":"VOLKEL CTR","Designator":"EHVKD","Type":"CTR","LocalType":"CTR","UpperLimit":3000,"LowerLimit":0,"UpperLimitUnit":"FT","LowerLimitUnit":"FT","Class":"D","name":"VOLKEL CTR"}}]}