{"type":"FeatureCollection","crs":{"type":"name","properties":{"name":"EPSG:4326"}},"features":[{"type":"Feature","geometry":{"type":"Polygon","coordinates":[[[5.64922222200005,50.8263555560001],[5.65182500000003,50.827525],[5.65623333300005,50.824338889],[5.65550000000007,50.8237972220001],[5.65644722200005,50.8231666670001],[5.65432222200008,50.821266667],[5.65520000000004,50.8209583330001],[5.65400555600007,50.8200944440001],[5.65900000000005,50.818486111],[5.66322777800002,50.8180444440001],[5.66363333300006,50.8177694440001],[5.66385833300006,50.8172611110001],[5.66524166700003,50.817033333],[5.66553055600002,50.817233333],[5.66668888900006,50.8172611110001],[5.66610000000003,50.816952778],[5.66618055600003,50.816847222],[5.66768333300007,50.8165472220001],[5.66795555600004,50.816941667],[5.66807222200003,50.817736111],[5.66943611100004,50.8178333330001],[5.66966388900005,50.8172500000001],[5.67272777800002,50.8169500000001],[5.67314722200007,50.8160111110001],[5.67828055600006,50.8164694440001],[5.67844722200005,50.815063889],[5.67949166700004,50.814344444],[5.67993888900003,50.812563889],[5.68058888900003,50.8120305560001],[5.68175000000002,50.8122111110001],[5.68263888900003,50.8129500000001],[5.68435000000005,50.813422222],[5.68496944400005,50.812811111],[5.68591388900006,50.812494444],[5.68598611100003,50.8122250000001],[5.68690833300008,50.8123166670001],[5.68680555600002,50.8121166670001],[5.68860000000006,50.811872222],[5.68876666700004,50.8116305560001],[5.69150555600004,50.8118416670001],[5.69168055600005,50.812125],[5.69270833300004,50.811372222],[5.69264722200006,50.811144444],[5.69318055600007,50.810577778],[5.69417500000003,50.810244444],[5.69719722200006,50.8080833330001],[5.69850277800003,50.806633333],[5.69892222200002,50.8053166670001],[5.69866666700005,50.8041166670001],[5.69833055600003,50.8034805560001],[5.69736111100002,50.80235],[5.69214722200007,50.7983222220001],[5.69137500000005,50.797083333],[5.69135833300004,50.796447222],[5.69192500000003,50.7951722220001],[5.69605916500007,50.7900893410001],[5.69605833300005,50.7900888890001],[5.68436540100004,50.7949306720001],[5.67267004700005,50.7997712870001],[5.66097226900007,50.8046107320001],[5.64927206800007,50.8094490070001],[5.63756944400006,50.8142861110001],[5.64339508000006,50.820320979],[5.64922222200005,50.8263555560001]]]},"properties":{"Name":"MAASTRICHT TMA 1","Designator":"EHBK12D","Type":"TMA_P","LocalType":"TMA","UpperLimit":95,"LowerLimit":1500,"UpperLimitUnit":"FL","LowerLimitUnit":"FT","Class":"D","name":"MAASTRICHT TMA 1"}},{"type":"Feature","geometry":{"type":"Polygon","coordinates":[[[5.83338888900005,51.161269444],[5.83270277800005,51.162425],[5.83216944400004,51.162452778],[5.83112222200003,51.163375],[5.82946111100006,51.1642416670001],[5.82841111100004,51.164197222],[5.82794722200003,51.1650888890001],[5.82754722200002,51.1653305560001],[5.82738055600004,51.1663083330001],[5.82550833300007,51.167413889],[5.82464444400006,51.1676833330001],[5.82007222200002,51.164952778],[5.81590555600008,51.162911111],[5.81553333300008,51.1614750000001],[5.81483055600006,51.161036111],[5.81462500000004,51.1596777780001],[5.81477500000005,51.158772222],[5.81388055600007,51.1587500000001],[5.81353055600005,51.1590972220001],[5.81342777800006,51.1588],[5.81083333300006,51.1604861110001],[5.80933888900006,51.161127778],[5.80630277800003,51.1628555560001],[5.80578333300002,51.1624555560001],[5.80486666700006,51.162794444],[5.80308055600005,51.161430556],[5.80210555600007,51.1609611110001],[5.80252222200005,51.1601944440001],[5.80220833300007,51.1600111110001],[5.80269722200006,51.1595611110001],[5.79938055600007,51.1579944440001],[5.79798055600003,51.1577694440001],[5.79783055600006,51.157580556],[5.79614166700003,51.1571805560001],[5.79424166700005,51.157422222],[5.79208333300005,51.157011111],[5.78901944400008,51.155502778],[5.78759444400004,51.1552083330001],[5.78665833300005,51.154752778],[5.78482500000007,51.1530388890001],[5.78183888900003,51.1521111110001],[5.77888055600005,51.1516638890001],[5.77867777800003,51.1514583330001],[5.77766111100004,51.151258333],[5.77663055600004,51.154419444],[5.77484166700003,51.1547027780001],[5.77713888900007,51.1574305560001],[5.77644166700003,51.1577083330001],[5.77944722200004,51.159369444],[5.77937222200006,51.163202778],[5.77829166700008,51.163163889],[5.77776111100007,51.162505556],[5.77597500000007,51.1630638890001],[5.77682500000003,51.1632416670001],[5.77637222200002,51.1653111110001],[5.77421388900007,51.1652500000001],[5.77457500000003,51.1638305560001],[5.77316944400008,51.1644138890001],[5.77132500000005,51.164341667],[5.77089722200003,51.164088889],[5.77018611100004,51.1641888890001],[5.76954444400008,51.169147222],[5.77015277800007,51.1700638890001],[5.77145277800003,51.170122222],[5.77195555600002,51.169608333],[5.77246944400002,51.1696388890001],[5.77325555600004,51.1699750000001],[5.77740000000006,51.1708083330001],[5.77973888900004,51.171791667],[5.77891111100007,51.172238889],[5.77359444400003,51.172730556],[5.77336944400002,51.1731361110001],[5.77295555600006,51.173363889],[5.77436111100008,51.1747638890001],[5.77545555600005,51.1768138890001],[5.77674722200004,51.1785],[5.76779980200007,51.183335744],[5.78091831900002,51.183351267],[5.79403664600005,51.183364956],[5.80715498000006,51.1833771780001],[5.82027332100006,51.1833879340001],[5.83339166700006,51.1833972220001],[5.83339074100007,51.176021296],[5.83338981500003,51.16864537],[5.83338888900005,51.161269444]]]},"properties":{"Name":"NIEUW MILLIGEN TMA D","Designator":"EHMCD2E","Type":"TMA_P","LocalType":"TMA","UpperLimit":65,"LowerLimit":1500,"UpperLimitUnit":"FL","LowerLimitUnit":"FT","Class":"E","name":"NIEUW MILLIGEN TMA D"}},{"type":"Feature","geometry":{"type":"Polygon","coordinates":[[[5.83338888900005,51.161269444],[5.83270277800005,51.162425],[5.83216944400004,51.162452778],[5.83112222200003,51.163375],[5.82946111100006,51.1642416670001],[5.82841111100004,51.164197222],[5.82794722200003,51.1650888890001],[5.82754722200002,51.1653305560001],[5.82738055600004,51.1663083330001],[5.82550833300007,51.167413889],[5.82464444400006,51.1676833330001],[5.82007222200002,51.164952778],[5.81590555600008,51.162911111],[5.81553333300008,51.1614750000001],[5.81483055600006,51.161036111],[5.81462500000004,51.1596777780001],[5.81477500000005,51.158772222],[5.81388055600007,51.1587500000001],[5.81353055600005,51.1590972220001],[5.81342777800006,51.1588],[5.81083333300006,51.1604861110001],[5.80933888900006,51.161127778],[5.80630277800003,51.1628555560001],[5.80578333300002,51.1624555560001],[5.80486666700006,51.162794444],[5.80308055600005,51.161430556],[5.80210555600007,51.1609611110001],[5.80252222200005,51.1601944440001],[5.80220833300007,51.1600111110001],[5.80269722200006,51.1595611110001],[5.79938055600007,51.1579944440001],[5.79798055600003,51.1577694440001],[5.79783055600006,51.157580556],[5.79614166700003,51.1571805560001],[5.79424166700005,51.157422222],[5.79208333300005,51.157011111],[5.78901944400008,51.155502778],[5.78759444400004,51.1552083330001],[5.78665833300005,51.154752778],[5.78482500000007,51.1530388890001],[5.78183888900003,51.1521111110001],[5.77888055600005,51.1516638890001],[5.77867777800003,51.1514583330001],[5.77766111100004,51.151258333],[5.77663055600004,51.154419444],[5.77484166700003,51.1547027780001],[5.77713888900007,51.1574305560001],[5.77644166700003,51.1577083330001],[5.77944722200004,51.159369444],[5.77937222200006,51.163202778],[5.77829166700008,51.163163889],[5.77776111100007,51.162505556],[5.77597500000007,51.1630638890001],[5.77682500000003,51.1632416670001],[5.77637222200002,51.1653111110001],[5.77421388900007,51.1652500000001],[5.77457500000003,51.1638305560001],[5.77316944400008,51.1644138890001],[5.77132500000005,51.164341667],[5.77089722200003,51.164088889],[5.77018611100004,51.1641888890001],[5.76954444400008,51.169147222],[5.77015277800007,51.1700638890001],[5.77145277800003,51.170122222],[5.77195555600002,51.169608333],[5.77246944400002,51.1696388890001],[5.77325555600004,51.1699750000001],[5.77740000000006,51.1708083330001],[5.77973888900004,51.171791667],[5.77891111100007,51.172238889],[5.77359444400003,51.172730556],[5.77336944400002,51.1731361110001],[5.77295555600006,51.173363889],[5.77436111100008,51.1747638890001],[5.77545555600005,51.1768138890001],[5.77674722200004,51.1785],[5.76779980200007,51.183335744],[5.78091831900002,51.183351267],[5.79403664600005,51.183364956],[5.80715498000006,51.1833771780001],[5.82027332100006,51.1833879340001],[5.83339166700006,51.1833972220001],[5.83339074100007,51.176021296],[5.83338981500003,51.16864537],[5.83338888900005,51.161269444]]]},"properties":{"Name":"NIEUW MILLIGEN TMA D","Designator":"EHMCD2B","Type":"TMA_P","LocalType":"TMA","UpperLimit":95,"LowerLimit":65,"UpperLimitUnit":"FL","LowerLimitUnit":"FL","Class":"B","name":"NIEUW MILLIGEN TMA D"}},{"type":"Feature","geometry":{"type":"Polygon","coordinates":[[[5.99886910300006,50.7534974170001],[5.99888888900006,50.7520944440001],[5.98492391700006,50.7516819460001],[5.97095919200007,50.7512677810001],[5.95699471500006,50.750851948],[5.94303048600005,50.750434447],[5.92906650700007,50.7500152790001],[5.91510277800006,50.7495944440001],[5.90153512200004,50.7503086350001],[5.88796705200002,50.751021252],[5.87439857000004,50.7517322940001],[5.86082967600004,50.752441762],[5.84726037100006,50.7531496560001],[5.83369065600004,50.7538559750001],[5.82012053200003,50.754560719],[5.80655000000007,50.755263889],[5.79446965200003,50.7581563860001],[5.78238781100004,50.7610476340001],[5.77030447700002,50.763937635],[5.75821965100005,50.766826386],[5.74613333300005,50.7697138890001],[5.74825833300002,50.7712111110001],[5.75037500000008,50.771972222],[5.75161944400003,50.773463889],[5.75241944400005,50.7735027780001],[5.75460555600006,50.775144444],[5.75575833300007,50.775030556],[5.75800000000004,50.777186111],[5.75866111100004,50.7781444440001],[5.75957222200003,50.777963889],[5.76580833300005,50.7825361110001],[5.77357222200004,50.783244444],[5.77736388900007,50.782955556],[5.77664444400006,50.78225],[5.77811111100004,50.779447222],[5.77980000000002,50.774219444],[5.78135277800004,50.7713555560001],[5.78187777800002,50.771430556],[5.78450000000004,50.7671777780001],[5.78768333300007,50.7678250000001],[5.79320555600003,50.7702194440001],[5.80015380900005,50.7632752060001],[5.80710000000005,50.7563305560001],[5.80750277800007,50.756083333],[5.80884166700002,50.755911111],[5.81446666700003,50.7561694440001],[5.81757500000003,50.757138889],[5.82033055600004,50.7582861110001],[5.82224722200004,50.7587694440001],[5.82633611100005,50.75895],[5.83077222200006,50.758516667],[5.83323055600005,50.7605694440001],[5.83820277800004,50.7633888890001],[5.83948055600007,50.7639194440001],[5.84503055600004,50.7653527780001],[5.84596666700003,50.7621916670001],[5.84780833300005,50.7579638890001],[5.84808888900005,50.7554666670001],[5.84889722200006,50.7534444440001],[5.85245833300007,50.7575000000001],[5.85998055600004,50.76185],[5.86355000000003,50.763491667],[5.86489444400007,50.7636666670001],[5.86884722200006,50.7649277780001],[5.87241388900003,50.7651277780001],[5.87335000000007,50.7654138890001],[5.87585555600003,50.765436111],[5.88647777800003,50.7701555560001],[5.88777777800004,50.767761111],[5.88932777800005,50.7655333330001],[5.89004166700005,50.761680556],[5.89000833300003,50.759919444],[5.88914166700005,50.757630556],[5.88921111100007,50.7571194440001],[5.88971944400004,50.7563527780001],[5.89290277800006,50.7548444440001],[5.89592222200002,50.753869444],[5.89773888900004,50.752605556],[5.90144444400005,50.7513916670001],[5.90163333300006,50.751369444],[5.90350000000007,50.7534666670001],[5.90302777800002,50.7537194440001],[5.90335555600007,50.7540777780001],[5.90510000000006,50.755330556],[5.90608888900005,50.7554527780001],[5.90706111100008,50.755105556],[5.90821666700003,50.755697222],[5.90858888900004,50.7546],[5.90902500000004,50.7542611110001],[5.91068611100008,50.7551777780001],[5.91266944400007,50.755694444],[5.91371666700007,50.755763889],[5.91358888900004,50.755325],[5.91394722200005,50.754416667],[5.91541944400007,50.7547222220001],[5.91523055600004,50.753238889],[5.91478888900002,50.751994444],[5.91510277800006,50.750302778],[5.91646388900006,50.7504500000001],[5.92041388900003,50.7515472220001],[5.92145555600007,50.7513611110001],[5.93100833300002,50.7569194440001],[5.93252777800006,50.756611111],[5.93488611100003,50.756702778],[5.93580833300007,50.7570055560001],[5.93618055600007,50.756819444],[5.93884722200005,50.7579527780001],[5.94077222200002,50.757791667],[5.94430277800006,50.758463889],[5.94484722200002,50.7588138890001],[5.94518611100006,50.7587500000001],[5.94576666700004,50.7590361110001],[5.94645000000003,50.759758333],[5.94921666700003,50.760008333],[5.95155555600007,50.7604944440001],[5.95335000000006,50.76005],[5.95456111100003,50.7604416670001],[5.95849444400005,50.762297222],[5.96058611100005,50.7624500000001],[5.96123611100006,50.7614194440001],[5.96311666700007,50.761402778],[5.96969722200004,50.7605833330001],[5.97278333300005,50.7596500000001],[5.97519166700005,50.7579305560001],[5.97480833300006,50.756611111],[5.97412222200006,50.7551777780001],[5.97646666700007,50.754363889],[5.97689166700007,50.7545500000001],[5.97971388900004,50.7546361110001],[5.98334722200002,50.7528500000001],[5.98486111100004,50.7533611110001],[5.99040000000002,50.752919444],[5.99270833300005,50.753013889],[5.99321666700007,50.7528333330001],[5.99693888900003,50.753833333],[5.99886910300006,50.7534974170001]]]},"properties":{"Name":"MAASTRICHT TMA 1","Designator":"EHBK13D","Type":"TMA_P","LocalType":"TMA","UpperLimit":95,"LowerLimit":1500,"UpperLimitUnit":"FL","LowerLimitUnit":"FT","Class":"D","name":"MAASTRICHT TMA 1"}},{"type":"Feature","geometry":{"type":"Polygon","coordinates":[[[4.35000000000002,52.8053194440001],[4.36176175700007,52.8004871700001],[4.37352090100006,52.7956537330001],[4.38527743100002,52.7908191340001],[4.39703134800004,52.7859833740001],[4.40878265200007,52.781146452],[4.42053134500003,52.77630837],[4.43227742500005,52.771469128],[4.44402089400006,52.7666287260001],[4.45576175200006,52.7617871640001],[4.46750000000003,52.7569444440001],[4.47920889400007,52.75295542],[4.49091564300005,52.748965244],[4.50262024800003,52.7449739150001],[4.51432270900006,52.740981434],[4.52602302500003,52.736987802],[4.53772119800004,52.732993019],[4.54941722600006,52.7289970840001],[4.56111111100006,52.7250000000001],[4.54659183700005,52.7234343310001],[4.53207360600004,52.7218668890001],[4.51755641900007,52.720297675],[4.50304027700003,52.7187266870001],[4.48852518100006,52.717153927],[4.47401113300003,52.7155793960001],[4.45949813300007,52.714003092],[4.44498618200004,52.7124250160001],[4.43047528200003,52.710845169],[4.41596543300005,52.709263551],[4.40145663600003,52.707680162],[4.38694889300007,52.7060950010001],[4.37244220500003,52.7045080710001],[4.35793657200003,52.7029193700001],[4.34343199600005,52.701328899],[4.32892847700003,52.6997366580001],[4.31442601700007,52.6981426470001],[4.29992461700004,52.6965468670001],[4.28542427800005,52.6949493180001],[4.27092500000003,52.6933500000001],[4.27655975300007,52.7013495590001],[4.28219657100004,52.7093488510001],[4.28783545700003,52.717347875],[4.29347641100003,52.725346632],[4.29911943500002,52.7333451210001],[4.30476452900007,52.7413433420001],[4.31041169600007,52.7493412950001],[4.31606093700003,52.7573389790001],[4.32171225300004,52.7653363960001],[4.32736564500004,52.773333543],[4.33302111400008,52.7813304220001],[4.33867866200006,52.7893270320001],[4.34433829000005,52.797323373],[4.35000000000002,52.8053194440001]]]},"properties":{"Name":"SCHIPHOL TMA 6","Designator":"EHAM6A","Type":"TMA","LocalType":"TMA","UpperLimit":95,"LowerLimit":3500,"UpperLimitUnit":"FL","LowerLimitUnit":"FT","Class":"A","name":"SCHIPHOL TMA 6"}},{"type":"Feature","geometry":{"type":"Polygon","coordinates":[[[5.38582778400007,51.268802813],[5.39510892800007,51.274627412],[5.40439243200007,51.2804513130001],[5.41367829000006,51.286274479],[5.42296650300005,51.2920969100001],[5.43225707200003,51.297918607],[5.44154999700004,51.303739568],[5.45084528000007,51.3095597940001],[5.46014292100006,51.315379283],[5.46944292000006,51.321198037],[5.47874528000006,51.3270160530001],[5.48805000000004,51.3328333330001],[5.50157803800005,51.335480332],[5.51510763900006,51.3381257730001],[5.52863880000007,51.3407696560001],[5.54217152200005,51.3434119790001],[5.55570580400007,51.346052743],[5.56924164600002,51.3486919470001],[5.58277904600004,51.3513295920001],[5.59631800500006,51.353965676],[5.60985852100004,51.3566001990001],[5.62340059500002,51.3592331620001],[5.63694422500004,51.361864563],[5.65048941000003,51.364494403],[5.66403615100006,51.3671226810001],[5.67758444700007,51.369749396],[5.69113429700008,51.372374549],[5.70468570000003,51.3749981390001],[5.71823865600004,51.377620166],[5.73179316400007,51.3802406290001],[5.74534922400005,51.382859529],[5.75890683500006,51.3854768640001],[5.77246599700004,51.3880926350001],[5.78602670800007,51.3907068400001],[5.79958896900007,51.393319481],[5.81315277800007,51.3959305560001],[5.80390884900004,51.389615163],[5.79466747200007,51.383299042],[5.78542864600007,51.376982195],[5.77619236900006,51.3706646210001],[5.76695864100003,51.3643463220001],[5.75772746000007,51.358027297],[5.74849882600006,51.351707547],[5.73927273800007,51.3453870720001],[5.73004919400006,51.339065873],[5.72082819400003,51.3327439490001],[5.71160973700006,51.326421302],[5.70239382100004,51.3200979310001],[5.69318044600004,51.313773838],[5.68396961100007,51.3074490210001],[5.67476131500007,51.301123483],[5.66555555600007,51.2947972220001],[5.65241561900007,51.292050014],[5.63927725400004,51.2893013360001],[5.62614046200002,51.286551187],[5.61300524400002,51.2837995690001],[5.59987160100007,51.2810464820001],[5.58673953200002,51.2782919250001],[5.57360903800003,51.2755359000001],[5.56048012000002,51.272778406],[5.54735277800006,51.2700194440001],[5.54447500000003,51.271180556],[5.54465000000005,51.271944444],[5.54351111100004,51.2717277780001],[5.53594529100008,51.276865522],[5.52837777800005,51.282002778],[5.52369204800004,51.2857389820001],[5.51900555600002,51.289475],[5.51577777800003,51.295255556],[5.50635617400008,51.296761867],[5.49693395100007,51.298267423],[5.48751111100006,51.2997722220001],[5.48299444400004,51.300155556],[5.48327777800006,51.2987055560001],[5.47890833300005,51.2963722220001],[5.47763611100004,51.2949888890001],[5.47710000000006,51.2936611110001],[5.47679444400006,51.2912277780001],[5.46997500000003,51.2880166670001],[5.46591944400006,51.285441667],[5.46489166700007,51.2845750000001],[5.45336496900006,51.2833450100001],[5.44183888900005,51.2821138890001],[5.44136111100005,51.2809472220001],[5.44120555600006,51.279766667],[5.44063611100006,51.278691667],[5.43968055600004,51.2778027780001],[5.43831944400006,51.2760361110001],[5.43610000000007,51.276455556],[5.43350000000004,51.2763277780001],[5.42545571600004,51.26930722],[5.41741388900004,51.262286111],[5.40676443100006,51.264628261],[5.39611388900005,51.266969444],[5.38582778400007,51.268802813]]]},"properties":{"Name":"EINDHOVEN TMA 3","Designator":"EHEH3C","Type":"TMA","LocalType":"TMA","UpperLimit":65,"LowerLimit":3500,"UpperLimitUnit":"FL","LowerLimitUnit":"FT","Class":"C","name":"EINDHOVEN TMA 3"}},{"type":"Feature","geometry":{"type":"Polygon","coordinates":[[[5.43481944400003,51.6896750000001],[5.44207120000004,51.6873863340001],[5.44932222200003,51.6850972220001],[5.43921466100005,51.6788187930001],[5.42910990200005,51.6725394970001],[5.41900794400004,51.6662593340001],[5.40890878700003,51.659978305],[5.39881243000002,51.6536964100001],[5.38871887100004,51.64741365],[5.37862811000002,51.6411300240001],[5.36854014500005,51.6348455340001],[5.35845497500003,51.6285601800001],[5.34837260000006,51.6222739620001],[5.33829301800006,51.615986881],[5.32821622800003,51.6096989370001],[5.31814223000003,51.603410131],[5.30807102200004,51.5971204620001],[5.29800260400003,51.5908299320001],[5.28793697300006,51.584538541],[5.27787413000004,51.57824629],[5.26781407300007,51.5719531780001],[5.25775680200007,51.5656592060001],[5.24770231400004,51.559364375],[5.23765061000006,51.553068685],[5.22760168800005,51.5467721370001],[5.21755554700007,51.54047473],[5.20751218600003,51.5341764660001],[5.19747160400004,51.527877345],[5.18743380000006,51.521577366],[5.17739877400004,51.515276532],[5.16736652300006,51.5089748410001],[5.15733704700006,51.5026722950001],[5.14731034600004,51.4963688940001],[5.13728641700004,51.4900646390001],[5.12726526000006,51.4837595290001],[5.11724687500003,51.4774535650001],[5.10723125900006,51.4711467480001],[5.09721841200007,51.4648390780001],[5.08720833300004,51.458530556],[5.09077596600002,51.4666166000001],[5.09434486300006,51.4747025350001],[5.09791502600007,51.4827883620001],[5.10148645600003,51.4908740810001],[5.10505915200002,51.498959691],[5.10863311600002,51.5070451920001],[5.11220834900007,51.5151305850001],[5.11578485100006,51.5232158690001],[5.11936262300003,51.531301044],[5.12294166700002,51.5393861110001],[5.13010282500005,51.5468320320001],[5.13726632700002,51.554277518],[5.14443217500002,51.5617225670001],[5.15160036900005,51.569167179],[5.15877091200002,51.5766113550001],[5.16594380300006,51.5840550940001],[5.17311904500002,51.591498395],[5.18029663900006,51.5989412590001],[5.18747658500007,51.606383685],[5.19465888600007,51.6138256730001],[5.20184354300005,51.621267222],[5.20903055600007,51.6287083330001],[5.22229543200007,51.6323065830001],[5.23556241200004,51.635903338],[5.24883149700003,51.639498598],[5.26210268500006,51.6430923630001],[5.27537597600002,51.646684631],[5.28865137100007,51.6502754030001],[5.30192886900005,51.6538646770001],[5.31520846900003,51.6574524550001],[5.32849017100006,51.661038735],[5.34177397600007,51.6646235160001],[5.35505988300002,51.6682067990001],[5.36834789100004,51.6717885830001],[5.38163800000007,51.675368867],[5.39493021000004,51.678947651],[5.40822452100002,51.6825249350001],[5.42152093200002,51.686100718],[5.43481944400003,51.6896750000001]]]},"properties":{"Name":"EINDHOVEN TMA 2","Designator":"EHEH2C","Type":"TMA","LocalType":"TMA","UpperLimit":65,"LowerLimit":3500,"UpperLimitUnit":"FL","LowerLimitUnit":"FT","Class":"C","name":"EINDHOVEN TMA 2"}},{"type":"Feature","geometry":{"type":"Polygon","coordinates":[[[5.41969833300004,52.4678555560001],[5.41969766000005,52.458960888],[5.41969698800006,52.4500662200001],[5.41969631600006,52.4411715520001],[5.41969564400006,52.432276884],[5.41969497200006,52.423382216],[5.41969430100005,52.4144875480001],[5.41969363000004,52.40559288],[5.41969295900003,52.396698212],[5.41969228900007,52.3878035440001],[5.41969161900005,52.3789088760001],[5.41969094900003,52.370014209],[5.41969027900006,52.3611195410001],[5.41968961000003,52.3522248730001],[5.41968894000007,52.343330205],[5.41968827200003,52.334435537],[5.41968760300006,52.3255408690001],[5.41968693500007,52.316646201],[5.41968626700003,52.307751533],[5.41968559900005,52.2988568650001],[5.41968493100006,52.2899621970001],[5.41968426400007,52.281067529],[5.41968359700007,52.2721728610001],[5.41359388900003,52.2693375000001],[5.40146432900002,52.2698750590001],[5.38933447500006,52.270411375],[5.37720432800006,52.2709464480001],[5.36507388900003,52.2714802780001],[5.35577007300003,52.278067664],[5.34646349100007,52.284654319],[5.33715414100004,52.2912402420001],[5.32784202400006,52.2978254330001],[5.31852713600006,52.304409891],[5.30920947800007,52.3109936170001],[5.29988904800007,52.3175766090001],[5.29056584500006,52.3241588670001],[5.28123986800006,52.3307403920001],[5.27191111500002,52.337321181],[5.26257958500003,52.3439012360001],[5.25324527800007,52.350480556],[5.25379664600007,52.3587343550001],[5.25434822000005,52.366988151],[5.25490000000002,52.375241944],[5.26517962700007,52.3810369990001],[5.27546195300005,52.3868311620001],[5.28574697800002,52.392624433],[5.29603470300003,52.3984168110001],[5.30632512900007,52.404208296],[5.31661825800006,52.409998887],[5.32691408800002,52.415788584],[5.33721262300003,52.4215773870001],[5.34751386200003,52.427365294],[5.35781780700006,52.4331523070001],[5.36812445700002,52.4389384240001],[5.37843381500005,52.4447236440001],[5.38874588000004,52.4505079680001],[5.39906065500003,52.4562913950001],[5.40937813900007,52.462073924],[5.41969833300004,52.4678555560001]]]},"properties":{"Name":"LELYSTAD TMA 1","Designator":"EHLE1A","Type":"TMA","LocalType":"TMA","UpperLimit":2500,"LowerLimit":1500,"UpperLimitUnit":"FT","LowerLimitUnit":"FT","Class":"A","name":"LELYSTAD TMA 1"}},{"type":"Feature","geometry":{"type":"Polygon","coordinates":[[[5.11943611100003,52.205183333],[5.13306598000003,52.207942775],[5.14669754300007,52.2107006470001],[5.16033079700003,52.213456949],[5.17396574200006,52.2162116790001],[5.18760237900005,52.218964838],[5.20124070600002,52.2217164250001],[5.21488072200003,52.2244664400001],[5.22852242800008,52.227214883],[5.24216582200006,52.2299617530001],[5.25581090400004,52.2327070490001],[5.26945767400002,52.235450772],[5.28310613000002,52.2381929220001],[5.29675627200004,52.2409334970001],[5.31040810000007,52.2436724980001],[5.32406161300003,52.246409924],[5.33771681100006,52.2491457740001],[5.35137369200004,52.2518800490001],[5.36503225600006,52.2546127480001],[5.37869250300002,52.257343871],[5.39235443200005,52.2600734170001],[5.40601804200003,52.262801386],[5.41968333300002,52.265527778],[5.41019389900003,52.258940468],[5.40070728400002,52.252352398],[5.39122348700005,52.245763568],[5.38174250600002,52.2391739780001],[5.37226434000007,52.232583629],[5.36278898800003,52.2259925210001],[5.35331644900003,52.2194006550001],[5.34384672200002,52.2128080300001],[5.33437980500003,52.2062146480001],[5.32491569800004,52.1996205080001],[5.31545439800004,52.193025612],[5.30599590600002,52.1864299590001],[5.29654021900006,52.1798335500001],[5.28708733700006,52.173236386],[5.27763725900007,52.1666384660001],[5.26818998200002,52.160039791],[5.25874550700007,52.153440362],[5.24930383200007,52.146840179],[5.23986495500003,52.1402392430001],[5.23042887600008,52.133637553],[5.22099559300005,52.1270351100001],[5.21156510600002,52.120431915],[5.20213741200007,52.1138279670001],[5.19271251100002,52.107223269],[5.18329040200007,52.100617818],[5.17387108400004,52.0940116180001],[5.16445455400003,52.0874046660001],[5.15504081300003,52.080796965],[5.14562985900005,52.0741885140001],[5.13622169100006,52.0675793140001],[5.12681630700007,52.0609693650001],[5.11741370700003,52.054358667],[5.10801388900006,52.0477472220001],[5.10864634300003,52.0564937020001],[5.10927904600004,52.0652401780001],[5.10991199600005,52.0739866500001],[5.11054519400005,52.0827331200001],[5.11117864000005,52.091479586],[5.11181233500002,52.1002260480001],[5.11244627800005,52.108972507],[5.11308047000006,52.1177189630001],[5.11371491100005,52.126465415],[5.11434960100007,52.135211864],[5.11498454100007,52.1439583100001],[5.11561972900006,52.152704752],[5.11625516800007,52.161451191],[5.11689085600005,52.1701976260001],[5.11752679500006,52.1789440580001],[5.11816298300005,52.1876904860001],[5.11879942200005,52.196436911],[5.11943611100003,52.205183333]]]},"properties":{"Name":"SCHIPHOL TMA 4","Designator":"EHAM4A","Type":"TMA","LocalType":"TMA","UpperLimit":95,"LowerLimit":3500,"UpperLimitUnit":"FL","LowerLimitUnit":"FT","Class":"A","name":"SCHIPHOL TMA 4"}},{"type":"Feature","geometry":{"type":"Polygon","coordinates":[[[6.33333333300004,52.5446092500001],[6.34239673600007,52.5376656780001],[6.35145727200006,52.530721414],[6.36051494300006,52.523776458],[6.36956975000004,52.516830811],[6.37862169500005,52.509884474],[6.38767077800003,52.502937446],[6.39671700200006,52.495989728],[6.40576036800007,52.4890413200001],[6.41480087600007,52.4820922230001],[6.42383852900002,52.475142437],[6.43287332700004,52.468191963],[6.44190527200004,52.461240801],[6.45093436600007,52.4542889510001],[6.45996060900006,52.4473364140001],[6.46898400300006,52.44038319],[6.47800454900005,52.43342928],[6.48702224900006,52.426474683],[6.49603710300005,52.4195194010001],[6.50504911400003,52.4125634330001],[6.51405828300005,52.4056067810001],[6.52306461000006,52.3986494430001],[6.53206809800002,52.3916914220001],[6.54106874700005,52.3847327170001],[6.55006656000006,52.377773329],[6.55906153600006,52.3708132570001],[6.56805367800007,52.363852503],[6.57704298700003,52.356891067],[6.58602946400003,52.3499289490001],[6.59501311100007,52.3429661490001],[6.60399392800002,52.336002669],[6.61297191800003,52.3290385070001],[6.62194708100003,52.3220736660001],[6.63091941900007,52.3151081440001],[6.63988893300007,52.3081419430001],[6.64885562500007,52.3011750630001],[6.65781949600006,52.294207504],[6.66678054600004,52.2872392670001],[6.67573877800004,52.2802703510001],[6.68469419300004,52.2733007580001],[6.69364679200004,52.2663304880001],[6.70259657600008,52.259359541],[6.71154354700008,52.2523879180001],[6.72048770700007,52.245415618],[6.72942905500003,52.238442643],[6.73836759400007,52.231468992],[6.74730332600006,52.224494667],[6.75623625000003,52.217519667],[6.74339565900004,52.2166771970001],[6.73055555600007,52.215833333],[6.71957249700006,52.2216923230001],[6.70858654000006,52.2275502940001],[6.69759768300003,52.233407244],[6.68660592700007,52.239263173],[6.67561127000005,52.245118082],[6.66461371100007,52.250971969],[6.65361324900005,52.256824834],[6.64260988400002,52.2626766760001],[6.63160361500007,52.2685274950001],[6.62059444100004,52.2743772910001],[6.60958236000005,52.2802260620001],[6.59856737300004,52.2860738090001],[6.58754947700004,52.2919205310001],[6.57652867400003,52.2977662280001],[6.56550496000006,52.303610898],[6.55447833600005,52.309454542],[6.54344880100007,52.3152971590001],[6.53241635400008,52.3211387490001],[6.52138099400003,52.3269793110001],[6.51034271900005,52.332818844],[6.49930153000003,52.338657348],[6.48825742600008,52.344494823],[6.47721040500005,52.350331268],[6.46616046600008,52.356166683],[6.45510761000003,52.3620010670001],[6.44405183400005,52.3678344190001],[6.43299313800003,52.37366674],[6.42193152100003,52.3794980280001],[6.41086698300006,52.385328283],[6.39979952200002,52.3911575060001],[6.38872913700004,52.3969856940001],[6.37765582900005,52.4028128480001],[6.36657959500008,52.4086389670001],[6.35550043500007,52.414464051],[6.34441834800003,52.4202880990001],[6.33333333300004,52.4261111110001],[6.33333333300004,52.5446092500001]]]},"properties":{"Name":"NIEUW MILLIGEN TMA C2","Designator":"EHMCC2D","Type":"TMA","LocalType":"TMA","UpperLimit":95,"LowerLimit":55,"UpperLimitUnit":"FL","LowerLimitUnit":"FL","Class":"D","name":"NIEUW MILLIGEN TMA C2"}},{"type":"Feature","geometry":{"type":"Polygon","coordinates":[[[6.33333333300004,52.5446092500001],[6.34239673600007,52.5376656780001],[6.35145727200006,52.530721414],[6.36051494300006,52.523776458],[6.36956975000004,52.516830811],[6.37862169500005,52.509884474],[6.38767077800003,52.502937446],[6.39671700200006,52.495989728],[6.40576036800007,52.4890413200001],[6.41480087600007,52.4820922230001],[6.42383852900002,52.475142437],[6.43287332700004,52.468191963],[6.44190527200004,52.461240801],[6.45093436600007,52.4542889510001],[6.45996060900006,52.4473364140001],[6.46898400300006,52.44038319],[6.47800454900005,52.43342928],[6.48702224900006,52.426474683],[6.49603710300005,52.4195194010001],[6.50504911400003,52.4125634330001],[6.51405828300005,52.4056067810001],[6.52306461000006,52.3986494430001],[6.53206809800002,52.3916914220001],[6.54106874700005,52.3847327170001],[6.55006656000006,52.377773329],[6.55906153600006,52.3708132570001],[6.56805367800007,52.363852503],[6.57704298700003,52.356891067],[6.58602946400003,52.3499289490001],[6.59501311100007,52.3429661490001],[6.60399392800002,52.336002669],[6.61297191800003,52.3290385070001],[6.62194708100003,52.3220736660001],[6.63091941900007,52.3151081440001],[6.63988893300007,52.3081419430001],[6.64885562500007,52.3011750630001],[6.65781949600006,52.294207504],[6.66678054600004,52.2872392670001],[6.67573877800004,52.2802703510001],[6.68469419300004,52.2733007580001],[6.69364679200004,52.2663304880001],[6.70259657600008,52.259359541],[6.71154354700008,52.2523879180001],[6.72048770700007,52.245415618],[6.72942905500003,52.238442643],[6.73836759400007,52.231468992],[6.74730332600006,52.224494667],[6.75623625000003,52.217519667],[6.74339565900004,52.2166771970001],[6.73055555600007,52.215833333],[6.71957249700006,52.2216923230001],[6.70858654000006,52.2275502940001],[6.69759768300003,52.233407244],[6.68660592700007,52.239263173],[6.67561127000005,52.245118082],[6.66461371100007,52.250971969],[6.65361324900005,52.256824834],[6.64260988400002,52.2626766760001],[6.63160361500007,52.2685274950001],[6.62059444100004,52.2743772910001],[6.60958236000005,52.2802260620001],[6.59856737300004,52.2860738090001],[6.58754947700004,52.2919205310001],[6.57652867400003,52.2977662280001],[6.56550496000006,52.303610898],[6.55447833600005,52.309454542],[6.54344880100007,52.3152971590001],[6.53241635400008,52.3211387490001],[6.52138099400003,52.3269793110001],[6.51034271900005,52.332818844],[6.49930153000003,52.338657348],[6.48825742600008,52.344494823],[6.47721040500005,52.350331268],[6.46616046600008,52.356166683],[6.45510761000003,52.3620010670001],[6.44405183400005,52.3678344190001],[6.43299313800003,52.37366674],[6.42193152100003,52.3794980280001],[6.41086698300006,52.385328283],[6.39979952200002,52.3911575060001],[6.38872913700004,52.3969856940001],[6.37765582900005,52.4028128480001],[6.36657959500008,52.4086389670001],[6.35550043500007,52.414464051],[6.34441834800003,52.4202880990001],[6.33333333300004,52.4261111110001],[6.33333333300004,52.5446092500001]]]},"properties":{"Name":"NIEUW MILLIGEN TMA C2","Designator":"EHMCC2E","Type":"TMA","LocalType":"TMA","UpperLimit":55,"LowerLimit":1500,"UpperLimitUnit":"FL","LowerLimitUnit":"FT","Class":"E","name":"NIEUW MILLIGEN TMA C2"}},{"type":"Feature","geometry":{"type":"Polygon","coordinates":[[[6.33333333300004,52.5446092500001],[6.34239673600007,52.5376656780001],[6.35145727200006,52.530721414],[6.36051494300006,52.523776458],[6.36956975000004,52.516830811],[6.37862169500005,52.509884474],[6.38767077800003,52.502937446],[6.39671700200006,52.495989728],[6.40576036800007,52.4890413200001],[6.41480087600007,52.4820922230001],[6.42383852900002,52.475142437],[6.43287332700004,52.468191963],[6.44190527200004,52.461240801],[6.45093436600007,52.4542889510001],[6.45996060900006,52.4473364140001],[6.46898400300006,52.44038319],[6.47800454900005,52.43342928],[6.48702224900006,52.426474683],[6.49603710300005,52.4195194010001],[6.50504911400003,52.4125634330001],[6.51405828300005,52.4056067810001],[6.52306461000006,52.3986494430001],[6.53206809800002,52.3916914220001],[6.54106874700005,52.3847327170001],[6.55006656000006,52.377773329],[6.55906153600006,52.3708132570001],[6.56805367800007,52.363852503],[6.57704298700003,52.356891067],[6.58602946400003,52.3499289490001],[6.59501311100007,52.3429661490001],[6.60399392800002,52.336002669],[6.61297191800003,52.3290385070001],[6.62194708100003,52.3220736660001],[6.63091941900007,52.3151081440001],[6.63988893300007,52.3081419430001],[6.64885562500007,52.3011750630001],[6.65781949600006,52.294207504],[6.66678054600004,52.2872392670001],[6.67573877800004,52.2802703510001],[6.68469419300004,52.2733007580001],[6.69364679200004,52.2663304880001],[6.70259657600008,52.259359541],[6.71154354700008,52.2523879180001],[6.72048770700007,52.245415618],[6.72942905500003,52.238442643],[6.73836759400007,52.231468992],[6.74730332600006,52.224494667],[6.75623625000003,52.217519667],[6.74339565900004,52.2166771970001],[6.73055555600007,52.215833333],[6.71957249700006,52.2216923230001],[6.70858654000006,52.2275502940001],[6.69759768300003,52.233407244],[6.68660592700007,52.239263173],[6.67561127000005,52.245118082],[6.66461371100007,52.250971969],[6.65361324900005,52.256824834],[6.64260988400002,52.2626766760001],[6.63160361500007,52.2685274950001],[6.62059444100004,52.2743772910001],[6.60958236000005,52.2802260620001],[6.59856737300004,52.2860738090001],[6.58754947700004,52.2919205310001],[6.57652867400003,52.2977662280001],[6.56550496000006,52.303610898],[6.55447833600005,52.309454542],[6.54344880100007,52.3152971590001],[6.53241635400008,52.3211387490001],[6.52138099400003,52.3269793110001],[6.51034271900005,52.332818844],[6.49930153000003,52.338657348],[6.48825742600008,52.344494823],[6.47721040500005,52.350331268],[6.46616046600008,52.356166683],[6.45510761000003,52.3620010670001],[6.44405183400005,52.3678344190001],[6.43299313800003,52.37366674],[6.42193152100003,52.3794980280001],[6.41086698300006,52.385328283],[6.39979952200002,52.3911575060001],[6.38872913700004,52.3969856940001],[6.37765582900005,52.4028128480001],[6.36657959500008,52.4086389670001],[6.35550043500007,52.414464051],[6.34441834800003,52.4202880990001],[6.33333333300004,52.4261111110001],[6.33333333300004,52.5446092500001]]]},"properties":{"Name":"NIEUW MILLIGEN TMA C2","Designator":"EHMCC2B","Type":"TMA","LocalType":"TMA","UpperLimit":195,"LowerLimit":95,"UpperLimitUnit":"FL","LowerLimitUnit":"FL","Class":"B","name":"NIEUW MILLIGEN TMA C2"}},{"type":"Feature","geometry":{"type":"Polygon","coordinates":[[[5.67404055600002,52.609578889],[5.68355457900003,52.6032155890001],[5.69306583700006,52.5968515270001],[5.70257433300003,52.5904867030001],[5.71208006600006,52.584121119],[5.72158303900005,52.577754773],[5.73108325200008,52.5713876670001],[5.74058070600006,52.5650198010001],[5.75007540400003,52.5586511750001],[5.75956734400006,52.5522817900001],[5.76905653000006,52.545911646],[5.77854296100003,52.539540743],[5.78802663900007,52.5331690830001],[5.78102685000005,52.5254064330001],[5.77402953400002,52.51764337],[5.76703469100005,52.509879895],[5.76004231800005,52.502116007],[5.75305241500007,52.4943517080001],[5.74606498000003,52.4865869970001],[5.73908001200004,52.4788218740001],[5.73209750800004,52.4710563400001],[5.72511746900005,52.4632903950001],[5.71813989100002,52.4555240400001],[5.71116477500004,52.447757274],[5.70419211800004,52.4399900980001],[5.69722191900007,52.4322225120001],[5.69025417600005,52.424454516],[5.68328888900004,52.416686111],[5.68089981100007,52.407924483],[5.67851168200002,52.399162806],[5.67612450200005,52.390401081],[5.67373826800002,52.381639308],[5.67135298200003,52.372877488],[5.66896864200004,52.3641156190001],[5.66658524700006,52.3553537020001],[5.66420279800008,52.346591737],[5.66182129200007,52.3378297250001],[5.65944073000003,52.329067664],[5.65706111100008,52.3203055560001],[5.64513820800005,52.316026106],[5.63321761100002,52.3117454550001],[5.62129931900006,52.3074636050001],[5.60938333300004,52.303180556],[5.60938405400003,52.3120587930001],[5.60938477600007,52.320937029],[5.60938549800005,52.329815266],[5.60938622100002,52.3386935030001],[5.60938694300006,52.347571739],[5.60938766600003,52.3564499760001],[5.60938838900006,52.3653282130001],[5.60938911300002,52.37420645],[5.60938983700004,52.3830846860001],[5.60939056100005,52.3919629230001],[5.60939128500007,52.40084116],[5.60939201000002,52.4097193960001],[5.60939273500003,52.418597633],[5.60939346000004,52.4274758700001],[5.60939418500004,52.4363541060001],[5.60939491100004,52.445232343],[5.60939563700003,52.4541105800001],[5.60939636400008,52.4629888170001],[5.60939709000007,52.471867053],[5.60939781700006,52.4807452900001],[5.60939854500003,52.489623527],[5.60939927200008,52.498501763],[5.60940000000005,52.5073800000001],[5.60268101200006,52.5146926190001],[5.59595978800007,52.5220048570001],[5.58923632600005,52.529316715],[5.58251062500005,52.536628191],[5.57578268300006,52.5439392860001],[5.56905250000005,52.55125],[5.57953873800005,52.557087064],[5.59002776700004,52.562923202],[5.60051958700006,52.5687584120001],[5.61101419900007,52.574592695],[5.62151160400003,52.58042605],[5.63201180300007,52.5862584760001],[5.64251479700005,52.592089974],[5.65302058600003,52.5979205420001],[5.66352917200004,52.6037501810001],[5.67404055600002,52.609578889]]]},"properties":{"Name":"LELYSTAD TMA 3","Designator":"EHLE3D","Type":"TMA","LocalType":"TMA","UpperLimit":65,"LowerLimit":1500,"UpperLimitUnit":"FL","LowerLimitUnit":"FT","Class":"D","name":"LELYSTAD TMA 3"}},{"type":"Feature","geometry":{"type":"Polygon","coordinates":[[[4.55760000000004,52.266860835],[4.55781634300007,52.266453513],[4.55823085200007,52.265688842],[4.55865290400004,52.264925723],[4.55908248200006,52.264164184],[4.55951957000002,52.263404252],[4.55996415300007,52.262645955],[4.56041621500003,52.2618893210001],[4.56087573900004,52.2611343780001],[4.56134270700005,52.260381153],[4.56181710400006,52.2596296740001],[4.56229891100003,52.2588799690001],[4.56278811100003,52.258132065],[4.56328468500004,52.2573859890001],[4.56378861700006,52.2566417680001],[4.56429988700006,52.255899431],[4.56481847700007,52.2551590030001],[4.56534436700002,52.2544205130001],[4.56587753900004,52.253683987],[4.56641797300006,52.2529494520001],[4.56696564800006,52.2522169360001],[4.56752054600003,52.251486464],[4.56808264500006,52.2507580640001],[4.56865192600003,52.250031763],[4.56922836600006,52.249307586],[4.56981194600007,52.248585561],[4.57040264400007,52.2478657140001],[4.57100043700007,52.247148071],[4.57160530500005,52.246432659],[4.57221722500003,52.245719503],[4.57283617500002,52.2450086310001],[4.57346213200003,52.244300067],[4.57409507200003,52.243593839],[4.57473497400002,52.2428899710001],[4.57538181300004,52.2421884890001],[4.57603556600003,52.2414894200001],[4.57669620900003,52.2407927890001],[4.57736371700003,52.24009862],[4.57803806700002,52.239406941],[4.57871923300007,52.238717776],[4.57940719100003,52.23803115],[4.58010191500006,52.2373470890001],[4.58080338000002,52.236665617],[4.58151156000002,52.2359867590001],[4.58222643000005,52.235310541],[4.58294796200005,52.234636987],[4.58367613100006,52.233966122],[4.58441091100002,52.2332979700001],[4.58515227300006,52.2326325560001],[4.58590019100006,52.231969904],[4.58665463800003,52.231310039],[4.58741558600002,52.2306529840001],[4.58818300700005,52.2299987640001],[4.58895687300003,52.229347402],[4.58973715600007,52.2286989230001],[4.59052382600004,52.228053351],[4.59131685600005,52.227410708],[4.59211621600002,52.2267710180001],[4.59292187700004,52.2261343060001],[4.59373381000006,52.225500593],[4.59455198400002,52.2248699040001],[4.59537637000005,52.2242422620001],[4.59620693700003,52.223617688],[4.59704365500005,52.222996208],[4.59788649400002,52.2223778420001],[4.59873542300005,52.2217626140001],[4.59959041000008,52.221150546],[4.60045142400003,52.220541661],[4.60131843400006,52.219935981],[4.60219140800007,52.219333528],[4.60307031300005,52.2187343250001],[4.60395511900003,52.2181383920001],[4.60484579200005,52.2175457530001],[4.60574229900004,52.2169564280001],[4.60664460900006,52.2163704390001],[4.60755268700007,52.2157878080001],[4.60846650100007,52.215208557],[4.60938601700002,52.214632705],[4.61031120200005,52.2140602750001],[4.61124202100007,52.2134912880001],[4.61217844100003,52.212925763],[4.61312042600002,52.2123637230001],[4.61406794400006,52.211805186],[4.61502095800006,52.211250175],[4.61597943500004,52.210698709],[4.61694333900004,52.210150809],[4.61791263400005,52.2096064940001],[4.61888728500003,52.2090657840001],[4.61986725700007,52.2085287],[4.62085251400003,52.2079952610001],[4.62184301900004,52.207465486],[4.62283873600006,52.2069393950001],[4.62383963000002,52.206417007],[4.62484566200004,52.2058983420001],[4.62585679700004,52.2053834170001],[4.62687299600003,52.2048722530001],[4.62789422400004,52.204364868],[4.62892044300003,52.2038612800001],[4.62995161400005,52.2033615070001],[4.63098770100004,52.202865569],[4.63202866500006,52.2023734840001],[4.63307446900006,52.2018852690001],[4.63412507300006,52.201400941],[4.63518044000006,52.2009205200001],[4.63624053100006,52.200444023],[4.63730530600003,52.1999714660001],[4.63837472800003,52.1995028680001],[4.63944875600004,52.1990382450001],[4.64052735200005,52.198577615],[4.64161047600004,52.1981209940001],[4.64269808900002,52.1976683990001],[4.64379014900004,52.197219847],[4.64488661800004,52.1967753540001],[4.64598745600006,52.196334936],[4.64709262200006,52.19589861],[4.64820207500003,52.1954663910001],[4.64931577500005,52.1950382960001],[4.65043368100004,52.19461434],[4.65155575200004,52.194194538],[4.65268194800007,52.193778906],[4.65381222600007,52.1933674590001],[4.65494654600008,52.1929602120001],[4.65608486500003,52.1925571800001],[4.65722714300006,52.192158378],[4.65837333800005,52.1917638210001],[4.65952340600006,52.191373522],[4.66067730700007,52.190987497],[4.66183499900006,52.1906057590001],[4.66299643700006,52.1902283220001],[4.66416158100003,52.1898552010001],[4.66533038700004,52.1894864080001],[4.66650281300002,52.1891219570001],[4.66767881600003,52.1887618630001],[4.66885835200003,52.1884061370001],[4.67004137900005,52.1880547920001],[4.67122785300006,52.1877078430001],[4.67241773000006,52.1873653010001],[4.67361096800005,52.187027179],[4.67480752100005,52.18669349],[4.67600734800004,52.186364245],[4.67721040300006,52.1860394560001],[4.67841664300005,52.185719136],[4.67962602300003,52.1854032970001],[4.68083849900006,52.1850919490001],[4.68205402600006,52.1847851050001],[4.68327256100002,52.184482775],[4.68449405900003,52.18418497],[4.68571847400005,52.183891702],[4.68694576300004,52.183602981],[4.68817587900003,52.183318818],[4.68940877800003,52.183039224],[4.69064441500007,52.182764207],[4.69188274500004,52.182493779],[4.69312372200005,52.18222795],[4.69436730100006,52.1819667280001],[4.69561343600003,52.1817101240001],[4.69686208100006,52.181458148],[4.69811319100006,52.1812108070001],[4.69936672100005,52.1809681120001],[4.70062262300007,52.1807300720001],[4.70188085300003,52.1804966940001],[4.70314136400003,52.180267988],[4.70440411000004,52.1800439620001],[4.70566904400005,52.1798246230001],[4.70693612100007,52.1796099810001],[4.70820529300005,52.179400043],[4.70947651500006,52.1791948170001],[4.71074974000004,52.1789943100001],[4.71202492100002,52.1787985290001],[4.71330201200004,52.1786074830001],[4.71458096600003,52.178421176],[4.71586173500003,52.1782396180001],[4.71714427400002,52.1780628130001],[4.71842853400005,52.17789077],[4.71971447000004,52.177723493],[4.72100203400004,52.177560989],[4.72229117800003,52.1774032650001],[4.72358185600007,52.177250325],[4.72487402000007,52.1771021750001],[4.72616762400003,52.1769588220001],[4.72746261900005,52.1768202690001],[4.72875895800007,52.1766865230001],[4.73005659400008,52.176557588],[4.73135547900006,52.176433468],[4.73265556500007,52.1763141690001],[4.73395680600004,52.176199695],[4.73525915300007,52.176090049],[4.73656255900005,52.1759852370001],[4.73786697600002,52.1758852610001],[4.73917235500005,52.175790126],[4.74047865100005,52.1756998340001],[4.74178581300004,52.1756143900001],[4.74309379600004,52.1755337960001],[4.74440255000007,52.175458055],[4.74571202800007,52.1753871700001],[4.74702218100003,52.1753211440001],[4.74833296300005,52.175259979],[4.74964432500008,52.1752036780001],[4.75095621800006,52.1751522420001],[4.75226859500003,52.1751056730001],[4.75358140800006,52.1750639730001],[4.75489460900008,52.1750271430001],[4.75620814900003,52.1749951850001],[4.75752198000004,52.174968101],[4.75883605500007,52.1749458900001],[4.76015032500004,52.1749285540001],[4.76146474200004,52.1749160940001],[4.76277925900007,52.174908509],[4.76409382600002,52.1749058010001],[4.76540839500007,52.1749079690001],[4.76672291900007,52.174915013],[4.76803735000004,52.1749269330001],[4.76935163900004,52.1749437290001],[4.77066573800005,52.174965399],[4.77197959900008,52.1749919440001],[4.77329317300007,52.1750233610001],[4.77460641400006,52.175059651],[4.77591927200007,52.175100811],[4.77723170000007,52.1751468410001],[4.77854364900003,52.1751977380001],[4.77985507200003,52.1752535000001],[4.78116592000003,52.175314127],[4.78247614600002,52.1753796140001],[4.78378570100006,52.17544996],[4.78509453800007,52.175525163],[4.78640260800006,52.175605219],[4.78770986400002,52.1756901260001],[4.78901625800006,52.175779881],[4.79032174100007,52.1758744790001],[4.79162626700003,52.1759739190001],[4.79292978700005,52.176078196],[4.79423225400006,52.176187306],[4.79553362000007,52.176301245],[4.79683383700007,52.1764200100001],[4.79813285700004,52.1765435950001],[4.79943063400003,52.176671997],[4.80072711900004,52.176805211],[4.80202226500006,52.1769432310001],[4.80331602500007,52.177086052],[4.80460835100007,52.1772336710001],[4.80589919600004,52.1773860800001],[4.80718851300003,52.1775432740001],[4.80847625400003,52.177705249],[4.80976237300007,52.1778719970001],[4.81104682100005,52.178043513],[4.81232955300004,52.1782197900001],[4.81361052100004,52.1784008220001],[4.81488967800004,52.1785866020001],[4.81616697700002,52.1787771240001],[4.81744237200007,52.1789723800001],[4.81871581600006,52.1791723640001],[4.81998726300003,52.1793770680001],[4.82109045600004,52.179559064],[4.82029794500005,52.170947895],[4.81950453100006,52.162323563],[4.81871142500006,52.1536992250001],[4.81791862500006,52.1450748820001],[4.81712613300004,52.1364505340001],[4.81633394800002,52.1278261800001],[4.81554206900006,52.119201821],[4.81475049600004,52.110577457],[4.81395923000002,52.101953087],[4.81316827000006,52.0933287120001],[4.81237761500006,52.0847043320001],[4.81158726600006,52.076079947],[4.81079722200008,52.067455556],[4.79673073400005,52.067469789],[4.78266423700006,52.0674823470001],[4.76859773200005,52.0674932310001],[4.75453122200003,52.0675024400001],[4.74046470600007,52.0675099750001],[4.72639818600004,52.067515836],[4.71233166300004,52.0675200220001],[4.69826513700002,52.067522533],[4.68419861100006,52.067523371],[4.67013208500003,52.067522533],[4.65606555900007,52.0675200220001],[4.64199903600007,52.067515836],[4.62793251600004,52.0675099750001],[4.61386600000003,52.0675024400001],[4.59979949000007,52.0674932310001],[4.58573298500005,52.0674823470001],[4.57166648800006,52.067469789],[4.55760000000004,52.067455556],[4.55760000000004,52.266860835]]]},"properties":{"Name":"SCHIPHOL TMA 8","Designator":"EHAM8D","Type":"TMA","LocalType":"TMA","UpperLimit":1500,"LowerLimit":1300,"UpperLimitUnit":"FT","LowerLimitUnit":"FT","Class":"D","name":"SCHIPHOL TMA 8"}},{"type":"Feature","geometry":{"type":"Polygon","coordinates":[[[5.56905250000005,52.55125],[5.57578268300006,52.5439392860001],[5.58251062500005,52.536628191],[5.58923632600005,52.529316715],[5.59595978800007,52.5220048570001],[5.60268101200006,52.5146926190001],[5.60940000000005,52.5073800000001],[5.60939927200008,52.498501763],[5.60939854500003,52.489623527],[5.60939781700006,52.4807452900001],[5.60939709000007,52.471867053],[5.60939636400008,52.4629888170001],[5.60939563700003,52.4541105800001],[5.60939491100004,52.445232343],[5.60939418500004,52.4363541060001],[5.60939346000004,52.4274758700001],[5.60939273500003,52.418597633],[5.60939201000002,52.4097193960001],[5.60939128500007,52.40084116],[5.60939056100005,52.3919629230001],[5.60938983700004,52.3830846860001],[5.60938911300002,52.37420645],[5.60938838900006,52.3653282130001],[5.60938766600003,52.3564499760001],[5.60938694300006,52.347571739],[5.60938622100002,52.3386935030001],[5.60938549800005,52.329815266],[5.60938477600007,52.320937029],[5.60938405400003,52.3120587930001],[5.60938333300004,52.303180556],[5.59582264800002,52.3005011560001],[5.58226360500004,52.2978202030001],[5.56870620400002,52.2951376980001],[5.55515044600003,52.2924536410001],[5.54159633000006,52.2897680310001],[5.52804385900004,52.2870808710001],[5.51449303200008,52.28439216],[5.50094384900007,52.2817018970001],[5.48739631300003,52.279010085],[5.47385042200006,52.276316722],[5.46030617800005,52.2736218100001],[5.44676358200007,52.270925348],[5.43322263300007,52.268227337],[5.41968333300002,52.265527778],[5.41968398200004,52.2743246380001],[5.41968463200004,52.2831214980001],[5.41968528200005,52.291918358],[5.41968593200005,52.3007152180001],[5.41968658200005,52.3095120780001],[5.41968723300005,52.318308937],[5.41968788400004,52.3271057970001],[5.41968853500003,52.3359026570001],[5.41968918600003,52.344699517],[5.41968983800007,52.3534963770001],[5.41969049000005,52.3622932370001],[5.41969114200003,52.371090097],[5.41969179400007,52.3798869570001],[5.41969244700005,52.3886838170001],[5.41969310000007,52.397480677],[5.41969375300005,52.4062775370001],[5.41969440700007,52.4150743970001],[5.41969506000004,52.423871256],[5.41969571400006,52.4326681160001],[5.41969636900006,52.4414649760001],[5.41969702300003,52.450261836],[5.41969767800003,52.4590586960001],[5.41969833300004,52.4678555560001],[5.43034770300005,52.4738185310001],[5.44099995900007,52.47978055],[5.45165510300006,52.485741611],[5.46231313400006,52.4917017160001],[5.47297405400008,52.497660862],[5.48363786500005,52.5036190500001],[5.49430456600004,52.50957628],[5.50497415900003,52.51553255],[5.51564664500006,52.52148786],[5.52632202500007,52.5274422100001],[5.53700029900006,52.5333956000001],[5.54768146900005,52.5393480280001],[5.55836553600005,52.5452994950001],[5.56905250000005,52.55125]]]},"properties":{"Name":"LELYSTAD TMA 2","Designator":"EHLE2D","Type":"TMA","LocalType":"TMA","UpperLimit":3500,"LowerLimit":1500,"UpperLimitUnit":"FT","LowerLimitUnit":"FT","Class":"D","name":"LELYSTAD TMA 2"}},{"type":"Feature","geometry":{"type":"Polygon","coordinates":[[[4.54798991200005,52.321124034],[4.54805249800006,52.3241448140001],[4.54886087600005,52.3329979550001],[4.54966957700003,52.34185109],[4.55047860200006,52.3507042210001],[4.55128795100006,52.359557345],[4.55209762500004,52.3684104640001],[4.55290762300007,52.3772635780001],[4.55371794600006,52.386116686],[4.55452859400003,52.394969788],[4.55533956800002,52.4038228850001],[4.55615086700004,52.4126759760001],[4.55696249200003,52.421529062],[4.55777444200004,52.430382142],[4.55858671900006,52.439235217],[4.55939932300004,52.448088286],[4.56021225300003,52.4569413500001],[4.56102551000004,52.4657944080001],[4.56183909500004,52.47464746],[4.56265300600006,52.483500507],[4.56346724600007,52.492353548],[4.56428181300004,52.501206584],[4.56509670900004,52.5100596140001],[4.56591193300005,52.5189126380001],[4.56672748500006,52.527765657],[4.56754336600005,52.5366186700001],[4.56835957700002,52.5454716780001],[4.56917611700004,52.55432468],[4.56999298600005,52.5631776760001],[4.57081018500003,52.572030667],[4.57162771400004,52.5808836520001],[4.57244557300004,52.5897366310001],[4.57326376300006,52.598589605],[4.57408228400004,52.6074425730001],[4.57490113600005,52.6162955360001],[4.57572031900003,52.625148493],[4.57653983300003,52.634001444],[4.59074551600003,52.633534024],[4.60495089500006,52.633064905],[4.61915596800003,52.6325940880001],[4.63336073600004,52.6321215720001],[4.64756519600007,52.6316473570001],[4.66176934800006,52.631171443],[4.67597319000004,52.630693831],[4.69017672100006,52.630214521],[4.70437994100007,52.629733512],[4.71858284800004,52.629250805],[4.73278544100003,52.628766399],[4.74698771900006,52.6282802950001],[4.76118968100008,52.6277924930001],[4.77539132600003,52.6273029930001],[4.78959265300006,52.626811796],[4.80379366000005,52.6263189000001],[4.81799434700002,52.625824306],[4.81717907000007,52.616998929],[4.81636412100005,52.608173546],[4.81554950100002,52.5993481580001],[4.81473520900005,52.5905227640001],[4.81392124400003,52.5816973650001],[4.81310760800005,52.57287196],[4.81229429900003,52.5640465500001],[4.81148131700007,52.555221133],[4.81066866200007,52.546395712],[4.80985633400007,52.5375702850001],[4.80904433300003,52.528744852],[4.80823265700008,52.5199194130001],[4.80742130800007,52.51109397],[4.80661028500003,52.50226852],[4.80579958700002,52.4934430650001],[4.80498921400005,52.484617605],[4.80417916700003,52.4757921390001],[4.80336944400005,52.4669666670001],[4.78976594200003,52.4674405280001],[4.77616214800003,52.4679128290001],[4.76255806200004,52.4683835690001],[4.74895368600005,52.4688527480001],[4.73534902100005,52.4693203670001],[4.72174406600004,52.469786426],[4.70813882400006,52.470250924],[4.69453329600003,52.470713861],[4.68092748100003,52.4711752370001],[4.66732138200007,52.4716350520001],[4.65371499900004,52.4720933070001],[4.64010833300006,52.4725500000001],[4.63935590500006,52.4643440620001],[4.63860375800004,52.4561381190001],[4.63785189100003,52.447932171],[4.63710030400006,52.4397262190001],[4.63634899700003,52.431520262],[4.63559797000005,52.4233143000001],[4.63484722200008,52.415108333],[4.63410151600004,52.4146993780001],[4.63304916800007,52.4142141040001],[4.63200163900007,52.4137249300001],[4.63095896700003,52.413231872],[4.62992119100005,52.412734948],[4.62888834800003,52.4122341770001],[4.62786047700007,52.4117295780001],[4.62683761600005,52.4112211680001],[4.62581980200002,52.4107089670001],[4.62480707200007,52.4101929920001],[4.62379946400006,52.409673265],[4.62279701500006,52.4091498020001],[4.62179976100003,52.408622624],[4.62080774000003,52.40809175],[4.61982098800007,52.4075572],[4.61883954000007,52.4070189930001],[4.61786343400007,52.4064771480001],[4.61689270400007,52.4059316870001],[4.61592738700006,52.405382628],[4.61496751800007,52.404829992],[4.61401313300007,52.4042738000001],[4.61306426600004,52.4037140710001],[4.61212095200005,52.403150827],[4.61118322600004,52.402584088],[4.61025112300007,52.402013874],[4.60932467600003,52.4014402080001],[4.60840392100005,52.40086311],[4.60748888900002,52.4002826000001],[4.60657961600003,52.399698701],[4.60567613500007,52.3991114340001],[4.60477847800007,52.398520821],[4.60388668000007,52.3979268830001],[4.60300077100004,52.3973296410001],[4.60212078700005,52.396729119],[4.60124675700007,52.396125338],[4.60037871500003,52.3955183200001],[4.59951669300006,52.3949080880001],[4.59866072200003,52.394294664],[4.59781083400003,52.3936780700001],[4.59696705900006,52.393058329],[4.59612943000008,52.3924354650001],[4.59529797600004,52.391809499],[4.59447272800003,52.391180455],[4.59365371700005,52.3905483560001],[4.59284097300002,52.389913226],[4.59203452500003,52.389275087],[4.59123440400003,52.3886339630001],[4.59044063800008,52.3879898770001],[4.58965325600008,52.3873428540001],[4.58887228900005,52.3866929170001],[4.58809776400005,52.3860400900001],[4.58732971000006,52.3853843970001],[4.58656815500007,52.384725861],[4.58581312700005,52.3840645080001],[4.58506465400006,52.383400362],[4.58432276300005,52.382733446],[4.58358748200004,52.3820637860001],[4.58285883700006,52.381391406],[4.58213685600003,52.38071633],[4.58142156500003,52.380038584],[4.58071299000005,52.379358193],[4.58001115800005,52.3786751810001],[4.57931609300005,52.377989574],[4.57862782200004,52.3773013970001],[4.57794637000006,52.3766106740001],[4.57727176300006,52.3759174320001],[4.57660402300007,52.375221696],[4.57594317700006,52.374523492],[4.57528924900004,52.3738228450001],[4.57464226200005,52.3731197800001],[4.57400224100007,52.3724143250001],[4.57336920900002,52.371706504],[4.57274318900005,52.3709963430001],[4.57212420400003,52.37028387],[4.57151227700007,52.3695691090001],[4.57090743000003,52.368852088],[4.57030968600003,52.3681328330001],[4.56971906700005,52.3674113690001],[4.56913559400004,52.366687724],[4.56855928800007,52.365961924],[4.56799017200007,52.365233996],[4.56742826600004,52.3645039670001],[4.56687359000006,52.3637718630001],[4.56632616500002,52.3630377110001],[4.56578601100006,52.362301539],[4.56525314800007,52.3615633730001],[4.56472759600007,52.3608232400001],[4.56420937300004,52.3600811680001],[4.56369849900005,52.359337184],[4.56319499200004,52.3585913160001],[4.56269887200006,52.3578435900001],[4.56221015600005,52.3570940340001],[4.56172886300004,52.3563426760001],[4.56125500900004,52.3555895430001],[4.56078861300006,52.3548346640001],[4.56032969100005,52.3540780650001],[4.55987826100005,52.3533197740001],[4.55943433900006,52.3525598210001],[4.55899794100003,52.351798231],[4.55856908400006,52.3510350340001],[4.55814778200005,52.350270257],[4.55773405200006,52.349503929],[4.55732790900004,52.3487360780001],[4.55692936800006,52.347966731],[4.55653844300002,52.3471959180001],[4.55615514900006,52.3464236660001],[4.55577950000003,52.345650004],[4.55541150900007,52.3448749610001],[4.55505119100008,52.344098564],[4.55469855800004,52.343320842],[4.55435362300005,52.3425418250001],[4.55401639900003,52.34176154],[4.55368689900007,52.3409800160001],[4.55336513400005,52.3401972820001],[4.55305111700005,52.3394133670001],[4.55274485900003,52.3386283],[4.55244637100003,52.3378421090001],[4.55215566400005,52.3370548230001],[4.55187274800005,52.336266471],[4.55159763500006,52.3354770830001],[4.55133033500005,52.334686687],[4.55107085600002,52.333895312],[4.55081920900005,52.3331029870001],[4.55057540300004,52.3323097420001],[4.55033944700006,52.331515606],[4.55011135000007,52.330720607],[4.54989112000004,52.3299247750001],[4.54967876400002,52.3291281400001],[4.54947429200007,52.3283307300001],[4.54927771000007,52.3275325750001],[4.54908902500006,52.326733704],[4.54890824500006,52.3259341460001],[4.54873537600002,52.325133932],[4.54857042500004,52.32433309],[4.54841339700005,52.3235316500001],[4.54826429900004,52.3227296410001],[4.54812313500003,52.3219270920001],[4.54798991200005,52.321124034]]]},"properties":{"Name":"SCHIPHOL TMA 7","Designator":"EHAM7D","Type":"TMA","LocalType":"TMA","UpperLimit":1500,"LowerLimit":1300,"UpperLimitUnit":"FT","LowerLimitUnit":"FT","Class":"D","name":"SCHIPHOL TMA 7"}},{"type":"Feature","geometry":{"type":"Polygon","coordinates":[[[5.07333333300005,52.1958333330001],[5.08485720900006,52.198172517],[5.09638229700005,52.2005105790001],[5.10790859800005,52.2028475170001],[5.11943611100003,52.205183333],[5.11879942200005,52.196436911],[5.11816298300005,52.1876904860001],[5.11752679500006,52.1789440580001],[5.11689085600005,52.1701976260001],[5.11625516800007,52.161451191],[5.11561972900006,52.152704752],[5.11498454100007,52.1439583100001],[5.11434960100007,52.135211864],[5.11371491100005,52.126465415],[5.11308047000006,52.1177189630001],[5.11244627800005,52.108972507],[5.11181233500002,52.1002260480001],[5.11117864000005,52.091479586],[5.11054519400005,52.0827331200001],[5.10991199600005,52.0739866500001],[5.10927904600004,52.0652401780001],[5.10864634300003,52.0564937020001],[5.10801388900006,52.0477472220001],[5.10736585500007,52.0387829000001],[5.10671808200004,52.029818575],[5.10607056800006,52.0208542460001],[5.10542331300007,52.0118899140001],[5.10477631800006,52.002925578],[5.10412958100005,51.9939612380001],[5.10348310400002,51.9849968950001],[5.10283688600003,51.9760325490001],[5.10219092500006,51.967068199],[5.10154522400006,51.958103845],[5.10089978000002,51.9491394880001],[5.10025459500002,51.940175127],[5.09960966700004,51.9312107630001],[5.09896499700005,51.9222463950001],[5.09832058400002,51.9132820240001],[5.09767642900005,51.9043176490001],[5.09703253100002,51.895353271],[5.09638888900002,51.886388889],[5.08226201600007,51.886404112],[5.06813513300006,51.8864176440001],[5.05400824300006,51.8864294850001],[5.03988134500003,51.8864396340001],[5.02575444200005,51.886448091],[5.01162753400007,51.886454857],[4.99750062200008,51.886459932],[4.98337370800004,51.8864633150001],[4.96924679200004,51.886465006],[4.95511987500004,51.886465006],[4.94099295900003,51.8864633150001],[4.92686604500005,51.886459932],[4.91273913300006,51.886454857],[4.89861222500002,51.886448091],[4.88448532200005,51.8864396340001],[4.87035842400007,51.8864294850001],[4.85623153400007,51.8864176440001],[4.84210465100006,51.886404112],[4.82797777800005,51.886388889],[4.83422666500007,51.8943297020001],[4.84047776100005,51.902270184],[4.84673106800005,51.910210335],[4.85298658500005,51.918150154],[4.85924431600006,51.926089641],[4.86550426100007,51.9340287970001],[4.87176642200006,51.9419676200001],[4.87803079900004,51.9499061110001],[4.88429739500003,51.9578442700001],[4.89056621000003,51.9657820960001],[4.89683724600008,51.973719589],[4.90311050400004,51.981656748],[4.90938598600007,51.9895935750001],[4.91566369200007,51.9975300670001],[4.92194362500004,52.0054662260001],[4.92822578500005,52.0134020510001],[4.93451017400002,52.021337541],[4.94079679300006,52.0292726980001],[4.94708564400003,52.037207519],[4.95337672700003,52.0451420050001],[4.95967004500005,52.0530761570001],[4.96596559800003,52.0610099730001],[4.97226338800004,52.0689434540001],[4.97856341600004,52.0768765980001],[4.98486568400006,52.0848094070001],[4.99117019200003,52.0927418800001],[4.99747694300004,52.100674016],[5.00378593700003,52.1086058160001],[5.01009717600004,52.1165372780001],[5.01641066200006,52.124468404],[5.02272639500006,52.132399193],[5.02904437600006,52.1403296440001],[5.03536460900006,52.1482597570001],[5.04168709200007,52.156189532],[5.04801182900007,52.1641189700001],[5.05433882000005,52.172048069],[5.06066806700005,52.1799768290001],[5.06699957100005,52.18790525],[5.07333333300005,52.1958333330001]]]},"properties":{"Name":"SCHIPHOL TMA 3","Designator":"EHAM3A","Type":"TMA","LocalType":"TMA","UpperLimit":95,"LowerLimit":2500,"UpperLimitUnit":"FL","LowerLimitUnit":"FT","Class":"A","name":"SCHIPHOL TMA 3"}},{"type":"Feature","geometry":{"type":"Polygon","coordinates":[[[3.75051111100004,51.940511111],[3.75496956000006,51.93210143],[3.75942633800003,51.9236915800001],[3.76388144700007,51.9152815630001],[3.76833488700004,51.9068713770001],[3.77278665900008,51.898461023],[3.77723676500005,51.8900505010001],[3.78168520600002,51.8816398120001],[3.78613198200003,51.8732289540001],[3.79057709600005,51.8648179300001],[3.79502054700004,51.856406737],[3.79946233700002,51.8479953780001],[3.80390246800005,51.839583851],[3.80834094000005,51.831172157],[3.81277775400002,51.8227602970001],[3.81721291100007,51.814348269],[3.82164641300005,51.805936074],[3.82607826000003,51.797523713],[3.83050845500003,51.7891111860001],[3.83493699700006,51.7806984920001],[3.83936388700005,51.772285631],[3.84378912800003,51.7638726050001],[3.84821272000005,51.7554594120001],[3.85263466300006,51.7470460530001],[3.85705496000003,51.738632529],[3.86147361100006,51.730218838],[3.86589061700005,51.721804983],[3.87030598000007,51.7133909610001],[3.87471970000007,51.704976774],[3.87913177900003,51.6965624220001],[3.88354221700007,51.6881479050001],[3.88795101600005,51.679733222],[3.89235817700006,51.6713183750001],[3.89676370000007,51.6629033630001],[3.90116758800002,51.654488186],[3.90556984000006,51.6460728440001],[3.90997045900002,51.6376573380001],[3.91436944400004,51.629241667],[3.90523792300007,51.622516971],[3.89610910800008,51.615791567],[3.88698299800006,51.6090654560001],[3.87785959200005,51.6023386370001],[3.86873888900004,51.595611111],[3.85863003600002,51.5986045720001],[3.84851985100005,51.601597165],[3.83840833300007,51.6045888890001],[3.82535938300003,51.6048051500001],[3.81231030800006,51.6050199650001],[3.79926111100002,51.6052333330001],[3.78612186400005,51.6032223380001],[3.77298378100005,51.601209877],[3.75984686300006,51.5991959500001],[3.74671111100002,51.5971805560001],[3.73364336000003,51.5976884580001],[3.72057531700005,51.598194909],[3.70750698200004,51.5986999090001],[3.69443835800007,51.599203458],[3.68136944400004,51.5997055560001],[3.67053668500006,51.596814216],[3.65970530500005,51.593921879],[3.64887530500005,51.591028545],[3.63804668500006,51.5881342150001],[3.62721944400005,51.585238889],[3.61624952100004,51.5874557010001],[3.60527852900003,51.5896714900001],[3.59430646600003,51.5918862570001],[3.58333333300004,51.5941],[3.57056403600006,51.594727215],[3.55779438700006,51.5953530450001],[3.54502438600002,51.5959774900001],[3.53225403500005,51.5966005490001],[3.51948333300004,51.597222222],[3.52494332500004,51.6054010070001],[3.53040528500003,51.6135795380001],[3.53586921300007,51.6217578150001],[3.54133511100002,51.629935839],[3.54680298000005,51.6381136090001],[3.55227282100003,51.6462911250001],[3.55774463600005,51.6544683870001],[3.56321842600005,51.662645395],[3.56869419100002,51.6708221480001],[3.57417193400005,51.6789986460001],[3.57965165600007,51.6871748890001],[3.58513335700007,51.6953508780001],[3.59061703900005,51.703526611],[3.59610270300004,51.711702089],[3.60159035100003,51.7198773110001],[3.60707998300006,51.7280522780001],[3.61257160100007,51.736226989],[3.61806520700003,51.7444014430001],[3.62356080000006,51.7525756420001],[3.62905838400007,51.7607495840001],[3.63455795800007,51.7689232700001],[3.64005952400004,51.777096699],[3.64556308400006,51.7852698710001],[3.65106863800003,51.7934427860001],[3.65657618800003,51.801615444],[3.66208573500006,51.809787844],[3.66759728000005,51.8179599870001],[3.67311082500004,51.8261318730001],[3.67862637100006,51.8343035],[3.68414391900006,51.8424748690001],[3.68966347000003,51.8506459800001],[3.69518502600005,51.858816833],[3.70070858700007,51.866987427],[3.70623415600005,51.8751577620001],[3.71176173300006,51.8833278390001],[3.71729131900003,51.8914976560001],[3.72282291700003,51.8996672150001],[3.72835652600003,51.9078365130001],[3.73389214900004,51.916005553],[3.73942978700006,51.9241743320001],[3.74496944000003,51.932342852],[3.75051111100004,51.940511111]]]},"properties":{"Name":"ROTTERDAM TMA 2","Designator":"EHRD2E","Type":"TMA","LocalType":"TMA","UpperLimit":55,"LowerLimit":2500,"UpperLimitUnit":"FL","LowerLimitUnit":"FT","Class":"E","name":"ROTTERDAM TMA 2"}},{"type":"Feature","geometry":{"type":"Polygon","coordinates":[[[5.41968333300002,52.265527778],[5.43322263300007,52.268227337],[5.44676358200007,52.270925348],[5.46030617800005,52.2736218100001],[5.47385042200006,52.276316722],[5.48739631300003,52.279010085],[5.50094384900007,52.2817018970001],[5.51449303200008,52.28439216],[5.52804385900004,52.2870808710001],[5.54159633000006,52.2897680310001],[5.55515044600003,52.2924536410001],[5.56870620400002,52.2951376980001],[5.58226360500004,52.2978202030001],[5.59582264800002,52.3005011560001],[5.60938333300004,52.303180556],[5.60313444400003,52.295189308],[5.59688781000006,52.2871977290001],[5.59064342900007,52.2792058220001],[5.58440130000002,52.2712135850001],[5.57816142100006,52.2632210190001],[5.57192379200006,52.255228125],[5.56568841000006,52.2472349020001],[5.55945527500006,52.23924135],[5.55322438400003,52.23124747],[5.54699573700003,52.2232532630001],[5.54076933300007,52.215258727],[5.53454516900007,52.207263864],[5.52832324500002,52.1992686740001],[5.52210355900007,52.1912731570001],[5.51588611000005,52.183277312],[5.50967089700003,52.1752811420001],[5.50345791700005,52.1672846440001],[5.49724717000004,52.1592878210001],[5.49103865500007,52.151290671],[5.48483237000005,52.1432931950001],[5.47862831300006,52.1352953940001],[5.47242648400004,52.1272972680001],[5.46622688100007,52.1192988160001],[5.46002950300004,52.1113000390001],[5.45383434800004,52.1033009380001],[5.44764141400003,52.095301512],[5.44145070200005,52.087301761],[5.43526220800004,52.0793016870001],[5.42907593300004,52.071301288],[5.42289187400007,52.0633005660001],[5.41671003100004,52.0552995200001],[5.41053040100007,52.0472981510001],[5.40435298400007,52.0392964590001],[5.39817777800005,52.0312944440001],[5.38696558700002,52.0259413540001],[5.37575608100002,52.020587199],[5.36454925700002,52.0152319810001],[5.35334511700006,52.0098757000001],[5.34214365800005,52.0045183570001],[5.33094488200004,51.9991599510001],[5.31974878600005,51.993800483],[5.30855537000002,51.988439955],[5.29736463400008,51.983078366],[5.28617657700005,51.977715716],[5.27499119800007,51.9723520060001],[5.26380849800006,51.9669872370001],[5.25262847400006,51.9616214100001],[5.24145112700006,51.956254523],[5.23027645600007,51.950886579],[5.21910446000004,51.945517577],[5.20793513800004,51.9401475180001],[5.19676849100006,51.9347764030001],[5.18560451700006,51.929404231],[5.17444321500005,51.924031003],[5.16328458600003,51.918656721],[5.15212862800007,51.913281383],[5.14097534100006,51.9079049910001],[5.12982472400006,51.9025275450001],[5.11867677700008,51.897149046],[5.10753149900006,51.8917694940001],[5.09638888900002,51.886388889],[5.09703253100002,51.895353271],[5.09767642900005,51.9043176490001],[5.09832058400002,51.9132820240001],[5.09896499700005,51.9222463950001],[5.09960966700004,51.9312107630001],[5.10025459500002,51.940175127],[5.10089978000002,51.9491394880001],[5.10154522400006,51.958103845],[5.10219092500006,51.967068199],[5.10283688600003,51.9760325490001],[5.10348310400002,51.9849968950001],[5.10412958100005,51.9939612380001],[5.10477631800006,52.002925578],[5.10542331300007,52.0118899140001],[5.10607056800006,52.0208542460001],[5.10671808200004,52.029818575],[5.10736585500007,52.0387829000001],[5.10801388900006,52.0477472220001],[5.11741370700003,52.054358667],[5.12681630700007,52.0609693650001],[5.13622169100006,52.0675793140001],[5.14562985900005,52.0741885140001],[5.15504081300003,52.080796965],[5.16445455400003,52.0874046660001],[5.17387108400004,52.0940116180001],[5.18329040200007,52.100617818],[5.19271251100002,52.107223269],[5.20213741200007,52.1138279670001],[5.21156510600002,52.120431915],[5.22099559300005,52.1270351100001],[5.23042887600008,52.133637553],[5.23986495500003,52.1402392430001],[5.24930383200007,52.146840179],[5.25874550700007,52.153440362],[5.26818998200002,52.160039791],[5.27763725900007,52.1666384660001],[5.28708733700006,52.173236386],[5.29654021900006,52.1798335500001],[5.30599590600002,52.1864299590001],[5.31545439800004,52.193025612],[5.32491569800004,52.1996205080001],[5.33437980500003,52.2062146480001],[5.34384672200002,52.2128080300001],[5.35331644900003,52.2194006550001],[5.36278898800003,52.2259925210001],[5.37226434000007,52.232583629],[5.38174250600002,52.2391739780001],[5.39122348700005,52.245763568],[5.40070728400002,52.252352398],[5.41019389900003,52.258940468],[5.41968333300002,52.265527778]]]},"properties":{"Name":"SCHIPHOL TMA 5","Designator":"EHAM5A","Type":"TMA","LocalType":"TMA","UpperLimit":95,"LowerLimit":55,"UpperLimitUnit":"FL","LowerLimitUnit":"FL","Class":"A","name":"SCHIPHOL TMA 5"}},{"type":"Feature","geometry":{"type":"Polygon","coordinates":[[[5.97289777800006,52.8184097220001],[5.98219633100007,52.8114029020001],[5.99149188600006,52.8043953550001],[6.00078444600007,52.7973870820001],[6.01007401100003,52.7903780840001],[6.01936058400003,52.7833683600001],[6.02864416500006,52.776357912],[6.03792475600005,52.7693467390001],[6.04720235800005,52.762334842],[6.05647697300003,52.7553222220001],[6.06574860200004,52.748308879],[6.07501724700006,52.7412948130001],[6.08428290900002,52.734280025],[6.09354558900003,52.7272645150001],[6.10280528900006,52.720248284],[6.11206201000005,52.7132313320001],[6.12131575400002,52.7062136590001],[6.13056652200004,52.6991952660001],[6.13981431500002,52.692176153],[6.14905913500007,52.6851563210001],[6.15830098300006,52.6781357690001],[6.16753986100002,52.6711145],[6.17677577000006,52.6640925120001],[6.18600871100006,52.657069807],[6.19523868700003,52.6500463840001],[6.20446569700005,52.6430222440001],[6.21368974400002,52.6359973880001],[6.22291083000005,52.628971816],[6.23212895400007,52.6219455290001],[6.24134412000006,52.6149185260001],[6.25055632800007,52.607890808],[6.25976558000002,52.6008623760001],[6.26897187600002,52.59383323],[6.27817522000004,52.58680337],[6.28737561100007,52.579772797],[6.29657305100005,52.5727415120001],[6.30576754200007,52.565709514],[6.31495908500005,52.5586768040001],[6.32414768200005,52.5516433820001],[6.33333333300004,52.5446092500001],[6.33333333300004,52.4261111110001],[6.31884813800002,52.4271692390001],[6.30436224700003,52.4282255970001],[6.28987566400002,52.429280186],[6.27538838700002,52.430333004],[6.26090041900005,52.4313840510001],[6.24641176000006,52.4324333280001],[6.23192241200007,52.4334808340001],[6.21743237600003,52.4345265700001],[6.20294165300004,52.4355705340001],[6.18845024400002,52.4366127280001],[6.17395815000003,52.4376531500001],[6.15946537200006,52.4386918010001],[6.14497191100003,52.43972868],[6.13047776900004,52.440763787],[6.11598294600003,52.4417971220001],[6.10148744400004,52.442828686],[6.08699126300007,52.443858477],[6.07249440600003,52.444886496],[6.05799687200005,52.4459127420001],[6.04349866400003,52.446937216],[6.02899978200003,52.447959917],[6.01450022700004,52.4489808450001],[6.00000000000006,52.45],[6.00100740100004,52.458957539],[6.00201521300005,52.4679150690001],[6.00302343500005,52.47687259],[6.00403206700003,52.4858301030001],[6.00504111000004,52.494787607],[6.00605056500007,52.503745103],[6.00706043100007,52.5127025900001],[6.00807070800005,52.5216600690001],[6.00908139800003,52.530617539],[6.01009250000004,52.5395750000001],[6.00686103600003,52.547453702],[6.00362841200007,52.5553323170001],[6.00039462700005,52.563210843],[5.99715967900005,52.5710892810001],[5.99392357000005,52.5789676310001],[5.99068629600004,52.586845893],[5.98744785900004,52.594724066],[5.98420825700003,52.602602151],[5.98096749000007,52.6104801480001],[5.97772555600005,52.618358056],[5.96920511700006,52.6253148980001],[5.96068196800007,52.6322711290001],[5.95215610900004,52.6392267480001],[5.94362753900003,52.646181755],[5.93509625500008,52.6531361500001],[5.92656225800005,52.6600899310001],[5.91802554400005,52.6670431000001],[5.90948611400006,52.6739956550001],[5.90094396600006,52.6809475960001],[5.89239909800006,52.687898923],[5.88385150900007,52.6948496350001],[5.87530119800005,52.701799733],[5.86674816400006,52.7087492150001],[5.85819240500007,52.715698081],[5.84963391900004,52.7226463320001],[5.84107270700002,52.729593966],[5.83250876500006,52.736540984],[5.82394209400007,52.743487384],[5.81537269100005,52.750433168],[5.80680055600004,52.7573783330001],[5.81864919300006,52.7617454030001],[5.83050020500002,52.7661112930001],[5.84235359400003,52.7704760020001],[5.85420936000003,52.7748395290001],[5.86606750300007,52.7792018740001],[5.87792802300004,52.7835630370001],[5.88979091900006,52.787923016],[5.90165619400005,52.792281813],[5.91352384600003,52.7966394260001],[5.92539387600004,52.8009958550001],[5.93726628400003,52.8053511000001],[5.94914107000005,52.809705159],[5.96101823500004,52.814058034],[5.97289777800006,52.8184097220001]]]},"properties":{"Name":"LELYSTAD TMA 5","Designator":"EHLE5D","Type":"TMA","LocalType":"TMA","UpperLimit":65,"LowerLimit":45,"UpperLimitUnit":"FL","LowerLimitUnit":"FL","Class":"D","name":"LELYSTAD TMA 5"}},{"type":"Feature","geometry":{"type":"Polygon","coordinates":[[[5.80680055600004,52.7573783330001],[5.81537269100005,52.750433168],[5.82394209400007,52.743487384],[5.83250876500006,52.736540984],[5.84107270700002,52.729593966],[5.84963391900004,52.7226463320001],[5.85819240500007,52.715698081],[5.86674816400006,52.7087492150001],[5.87530119800005,52.701799733],[5.88385150900007,52.6948496350001],[5.89239909800006,52.687898923],[5.90094396600006,52.6809475960001],[5.90948611400006,52.6739956550001],[5.91802554400005,52.6670431000001],[5.92656225800005,52.6600899310001],[5.93509625500008,52.6531361500001],[5.94362753900003,52.646181755],[5.95215610900004,52.6392267480001],[5.96068196800007,52.6322711290001],[5.96920511700006,52.6253148980001],[5.97772555600005,52.618358056],[5.98096749000007,52.6104801480001],[5.98420825700003,52.602602151],[5.98744785900004,52.594724066],[5.99068629600004,52.586845893],[5.99392357000005,52.5789676310001],[5.99715967900005,52.5710892810001],[6.00039462700005,52.563210843],[6.00362841200007,52.5553323170001],[6.00686103600003,52.547453702],[6.01009250000004,52.5395750000001],[6.00908139800003,52.530617539],[6.00807070800005,52.5216600690001],[6.00706043100007,52.5127025900001],[6.00605056500007,52.503745103],[6.00504111000004,52.494787607],[6.00403206700003,52.4858301030001],[6.00302343500005,52.47687259],[6.00201521300005,52.4679150690001],[6.00100740100004,52.458957539],[6.00000000000006,52.45],[5.98807852100003,52.445245872],[5.97615961600007,52.440490546],[5.96424328300003,52.4357340220001],[5.95232952300006,52.430976301],[5.94041833500006,52.4262173830001],[5.92850971900003,52.421457268],[5.91660367400004,52.416695958],[5.90470020100003,52.411933451],[5.89279929800006,52.40716975],[5.88090096500002,52.4024048540001],[5.86900520300003,52.3976387640001],[5.85711201100003,52.3928714800001],[5.84522138700004,52.388103003],[5.83333333300004,52.3833333330001],[5.82072578600003,52.378840053],[5.80812080500004,52.374345432],[5.79551839000004,52.3698494710001],[5.78291854000003,52.3653521690001],[5.77032125600005,52.3608535280001],[5.75772653700005,52.3563535480001],[5.74513438300005,52.351852229],[5.73254479400003,52.347349572],[5.71995776900008,52.342845577],[5.70737330900005,52.338340245],[5.69479141400006,52.3338335770001],[5.68221208200004,52.3293255720001],[5.66963531500005,52.324816232],[5.65706111100008,52.3203055560001],[5.65944073000003,52.329067664],[5.66182129200007,52.3378297250001],[5.66420279800008,52.346591737],[5.66658524700006,52.3553537020001],[5.66896864200004,52.3641156190001],[5.67135298200003,52.372877488],[5.67373826800002,52.381639308],[5.67612450200005,52.390401081],[5.67851168200002,52.399162806],[5.68089981100007,52.407924483],[5.68328888900004,52.416686111],[5.69025417600005,52.424454516],[5.69722191900007,52.4322225120001],[5.70419211800004,52.4399900980001],[5.71116477500004,52.447757274],[5.71813989100002,52.4555240400001],[5.72511746900005,52.4632903950001],[5.73209750800004,52.4710563400001],[5.73908001200004,52.4788218740001],[5.74606498000003,52.4865869970001],[5.75305241500007,52.4943517080001],[5.76004231800005,52.502116007],[5.76703469100005,52.509879895],[5.77402953400002,52.51764337],[5.78102685000005,52.5254064330001],[5.78802663900007,52.5331690830001],[5.77854296100003,52.539540743],[5.76905653000006,52.545911646],[5.75956734400006,52.5522817900001],[5.75007540400003,52.5586511750001],[5.74058070600006,52.5650198010001],[5.73108325200008,52.5713876670001],[5.72158303900005,52.577754773],[5.71208006600006,52.584121119],[5.70257433300003,52.5904867030001],[5.69306583700006,52.5968515270001],[5.68355457900003,52.6032155890001],[5.67404055600002,52.609578889],[5.66352917200004,52.6037501810001],[5.65302058600003,52.5979205420001],[5.64251479700005,52.592089974],[5.63201180300007,52.5862584760001],[5.62151160400003,52.58042605],[5.61101419900007,52.574592695],[5.60051958700006,52.5687584120001],[5.59002776700004,52.562923202],[5.57953873800005,52.557087064],[5.56905250000005,52.55125],[5.57006912300005,52.560061902],[5.57108615400006,52.5688737950001],[5.57210359400005,52.5776856800001],[5.57312144300005,52.586497556],[5.57413970200002,52.5953094230001],[5.57515837000005,52.6041212810001],[5.57617744900006,52.612933131],[5.57719693700005,52.621744972],[5.57821683600002,52.630556804],[5.57923714600003,52.6393686270001],[5.58025786700006,52.6481804420001],[5.58127899900006,52.6569922480001],[5.58230054400002,52.6658040450001],[5.58332250000007,52.6746158330001],[5.59571570700007,52.6792247600001],[5.60811152900004,52.6838323950001],[5.62050996600004,52.6884387360001],[5.63291101900006,52.6930437830001],[5.64531468800004,52.697647536],[5.65772097300004,52.702249995],[5.67012987500004,52.7068511580001],[5.68254139400005,52.7114510260001],[5.69495553000007,52.716049598],[5.70737228200005,52.720646872],[5.71979165300007,52.72524285],[5.73221364100004,52.7298375300001],[5.74463824700007,52.7344309120001],[5.75706547100003,52.7390229960001],[5.76949531400004,52.74361378],[5.78192777600003,52.748203264],[5.79436285600002,52.752791449],[5.80680055600004,52.7573783330001]]]},"properties":{"Name":"LELYSTAD TMA 4","Designator":"EHLE4D","Type":"TMA","LocalType":"TMA","UpperLimit":65,"LowerLimit":2500,"UpperLimitUnit":"FL","LowerLimitUnit":"FT","Class":"D","name":"LELYSTAD TMA 4"}},{"type":"Feature","geometry":{"type":"Polygon","coordinates":[[[5.54735325100006,51.2700206170001],[5.56048012000002,51.272778406],[5.57360903800003,51.2755359000001],[5.58673953200002,51.2782919250001],[5.59987160100007,51.2810464820001],[5.61300524400002,51.2837995690001],[5.62614046200002,51.286551187],[5.63927725400004,51.2893013360001],[5.65241561900007,51.292050014],[5.66555555600007,51.2947972220001],[5.67476131500007,51.301123483],[5.68396961100007,51.3074490210001],[5.69318044600004,51.313773838],[5.70239382100004,51.3200979310001],[5.71160973700006,51.326421302],[5.72082819400003,51.3327439490001],[5.73004919400006,51.339065873],[5.73927273800007,51.3453870720001],[5.74849882600006,51.351707547],[5.75772746000007,51.358027297],[5.76695864100003,51.3643463220001],[5.77619236900006,51.3706646210001],[5.78542864600007,51.376982195],[5.79466747200007,51.383299042],[5.80390884900004,51.389615163],[5.81315277800007,51.3959305560001],[5.81234805500003,51.404867949],[5.81154301700008,51.4138053360001],[5.81073766500003,51.4227427180001],[5.80993199700004,51.4316800940001],[5.80912601400007,51.4406174640001],[5.80831971600003,51.4495548290001],[5.80751310200003,51.458492189],[5.80670617100003,51.467429543],[5.80589892500006,51.476366892],[5.80509136300003,51.4853042340001],[5.80428348300006,51.4942415720001],[5.80347528700003,51.503178904],[5.80266677400004,51.5121162300001],[5.80185794300007,51.5210535510001],[5.80104879500004,51.529990866],[5.80023933000007,51.5389281760001],[5.79942954600006,51.54786548],[5.79861944400005,51.5568027780001],[5.78935455800007,51.562637474],[5.78008729400005,51.5684714400001],[5.77081765100007,51.5743046760001],[5.76154562900007,51.5801371810001],[5.75227122700005,51.585968956],[5.74299444400003,51.5918],[5.73025121400002,51.5958716150001],[5.71750570000006,51.5999418500001],[5.70475790100005,51.6040107050001],[5.69200781700005,51.6080781790001],[5.67925544900004,51.6121442720001],[5.66650079700003,51.616208983],[5.65374386000002,51.6202723110001],[5.64098463900007,51.624334257],[5.62822313300006,51.62839482],[5.61545934400004,51.6324540000001],[5.60269326900004,51.636511795],[5.58992491100003,51.6405682060001],[5.57715426900006,51.6446232320001],[5.56438134200005,51.6486768720001],[5.55160613100003,51.652729127],[5.53882863600006,51.6567799950001],[5.52604885700003,51.660829477],[5.51326679500005,51.6648775720001],[5.50048244800007,51.6689242790001],[5.48769581700003,51.6729695980001],[5.47490690200004,51.677013528],[5.46211570400004,51.6810560700001],[5.44932222200003,51.6850972220001],[5.44207120000004,51.6873863340001],[5.43481944400003,51.6896750000001],[5.42152093200002,51.686100718],[5.40822452100002,51.6825249350001],[5.39493021000004,51.678947651],[5.38163800000007,51.675368867],[5.36834789100004,51.6717885830001],[5.35505988300002,51.6682067990001],[5.34177397600007,51.6646235160001],[5.32849017100006,51.661038735],[5.31520846900003,51.6574524550001],[5.30192886900005,51.6538646770001],[5.28865137100007,51.6502754030001],[5.27537597600002,51.646684631],[5.26210268500006,51.6430923630001],[5.24883149700003,51.639498598],[5.23556241200004,51.635903338],[5.22229543200007,51.6323065830001],[5.20903055600007,51.6287083330001],[5.20184354300005,51.621267222],[5.19465888600007,51.6138256730001],[5.18747658500007,51.606383685],[5.18029663900006,51.5989412590001],[5.17311904500002,51.591498395],[5.16594380300006,51.5840550940001],[5.15877091200002,51.5766113550001],[5.15160036900005,51.569167179],[5.14443217500002,51.5617225670001],[5.13726632700002,51.554277518],[5.13010282500005,51.5468320320001],[5.12294166700002,51.5393861110001],[5.11936262300003,51.531301044],[5.11578485100006,51.5232158690001],[5.11220834900007,51.5151305850001],[5.10863311600002,51.5070451920001],[5.10505915200002,51.498959691],[5.10148645600003,51.4908740810001],[5.09791502600007,51.4827883620001],[5.09434486300006,51.4747025350001],[5.09077596600002,51.4666166000001],[5.08720833300004,51.458530556],[5.08429908300008,51.463065439],[5.07921666700003,51.4709888890001],[5.07925277800007,51.471416667],[5.07210000000003,51.471116667],[5.05893471900004,51.4711076820001],[5.04576944400003,51.471097222],[5.04601666700006,51.4716666670001],[5.04520000000002,51.473044444],[5.04335000000003,51.474763889],[5.04271944400006,51.4745472220001],[5.04243888900004,51.4748361110001],[5.04325555600008,51.475108333],[5.04315833300006,51.4752750000001],[5.04097777800007,51.476644444],[5.04050000000007,51.477488889],[5.03963055600002,51.4774166670001],[5.03771666700004,51.479330556],[5.03911111100007,51.479805556],[5.03872500000006,51.481802778],[5.04006111100006,51.485005556],[5.04017777800004,51.486488889],[5.03865555600004,51.486530556],[5.03883055600005,51.4870861110001],[5.03544444400006,51.4873805560001],[5.03318055600005,51.4873027780001],[5.03303611100006,51.4864250000001],[5.03226388900003,51.4857777780001],[5.03053055600003,51.4854500000001],[5.02892222200006,51.4843472220001],[5.02765833300003,51.483791667],[5.02617777800003,51.483483333],[5.02596388900002,51.4832416670001],[5.02549166700004,51.4832027780001],[5.02410277800004,51.4825361110001],[5.02357777800006,51.482055556],[5.02238888900007,51.481722222],[5.02142777800003,51.481052778],[5.02090277800005,51.479938889],[5.01998055600006,51.4790444440001],[5.01998611100004,51.478841667],[5.01943333300005,51.478525],[5.01929166700006,51.4781222220001],[5.01884722200003,51.477886111],[5.01893055600004,51.4776444440001],[5.01835000000005,51.476908333],[5.01695833300005,51.4755527780001],[5.01643611100008,51.475505556],[5.01662500000003,51.4752111110001],[5.00694014600003,51.474590676],[4.99725555600003,51.473969444],[5.00079096900004,51.4820192190001],[5.00432763100002,51.4900688880001],[5.00786554200005,51.49811845],[5.01140470200005,51.506167906],[5.01494511400006,51.5142172560001],[5.01848677600003,51.5222664990001],[5.02202969100006,51.5303156350001],[5.02557385900008,51.538364664],[5.02911928100002,51.5464135870001],[5.03266595700006,51.5544624020001],[5.03621388900007,51.562511111],[5.04339231300003,51.5699910370001],[5.05057309900008,51.5774705250001],[5.05775624900002,51.5849495750001],[5.06494176400003,51.5924281860001],[5.07212964500008,51.599906359],[5.07931989400004,51.6073840920001],[5.08651251200007,51.614861386],[5.09370750000005,51.62233824],[5.10090486000007,51.6298146550001],[5.10810459200007,51.6372906290001],[5.11530669800004,51.644766163],[5.12251118000006,51.6522412560001],[5.12971803800002,51.6597159080001],[5.13692727400007,51.6671901190001],[5.14413888900003,51.674663889],[5.15689521500002,51.6781288770001],[5.16965349300006,51.681592483],[5.18241372200004,51.6850547080001],[5.19517590300006,51.688515549],[5.20794003400005,51.6919750070001],[5.22070611700002,51.6954330830001],[5.23347415100005,51.6988897740001],[5.24624413500004,51.702345081],[5.25901606900004,51.705799004],[5.27178995300005,51.7092515420001],[5.28456578600003,51.712702694],[5.29734356900002,51.716152461],[5.31012330200002,51.719600842],[5.32290498300006,51.723047836],[5.33568861300006,51.726493444],[5.34847419200003,51.729937664],[5.36126171900003,51.733380497],[5.37405119300007,51.7368219420001],[5.38684261600002,51.7402619980001],[5.39963598600002,51.7437006660001],[5.41243130300006,51.7471379450001],[5.42522856700003,51.7505738340001],[5.43802777800005,51.7540083330001],[5.45095112800004,51.749933658],[5.46387214600003,51.7458575650001],[5.47679083300005,51.741780056],[5.48970718700002,51.7377011310001],[5.50262120900004,51.7336207910001],[5.51553290000004,51.7295390350001],[5.52844225800004,51.7254558650001],[5.54134928400003,51.7213712810001],[5.55425397800008,51.7172852830001],[5.56715634000005,51.7131978720001],[5.58005637000002,51.7091090480001],[5.59295406700005,51.7050188110001],[5.60584943200007,51.7009271630001],[5.61874246400004,51.6968341030001],[5.63163316500004,51.692739633],[5.64452153200006,51.6886437520001],[5.65740756800005,51.6845464610001],[5.67029127000006,51.680447761],[5.68317264000007,51.6763476510001],[5.69605167800006,51.672246133],[5.70892838300006,51.6681432070001],[5.72180275500006,51.664038873],[5.73467479400006,51.6599331310001],[5.74754450100005,51.6558259830001],[5.76041187500005,51.651717429],[5.77327691600004,51.647607469],[5.78613962500003,51.6434961030001],[5.79900000000004,51.6393833330001],[5.80912061000004,51.633018598],[5.81923837900007,51.6266529930001],[5.82935331000004,51.620286519],[5.83946540200003,51.6139191760001],[5.84957465800005,51.607550965],[5.85968107800005,51.6011818850001],[5.86978466300008,51.5948119390001],[5.87988541400006,51.588441125],[5.88998333300003,51.5820694440001],[5.89074974600004,51.57342714],[5.89151586700007,51.5647848310001],[5.89228169700004,51.5561425170001],[5.89304723600003,51.5475001980001],[5.89381248500007,51.538857874],[5.89457744200007,51.530215545],[5.89534211000006,51.521573211],[5.89610648700005,51.5129308730001],[5.89687057400005,51.5042885290001],[5.89763437200003,51.4956461800001],[5.89839788000006,51.487003826],[5.89916109800004,51.4783614680001],[5.89992402800004,51.469719104],[5.90068666800005,51.4610767350001],[5.90144902000003,51.4524343620001],[5.90221108300005,51.443791983],[5.90297285800006,51.4351496],[5.90373434400004,51.426507212],[5.90449554200006,51.4178648180001],[5.90525645300005,51.40922242],[5.90601707600007,51.400580017],[5.90677741200005,51.3919376090001],[5.90753746000007,51.3832951960001],[5.90829722200004,51.374652778],[5.89874899600005,51.3681431810001],[5.88920348400006,51.3616328080001],[5.87966068500003,51.3551216600001],[5.87012059900007,51.3486097360001],[5.86058322400004,51.3420970380001],[5.85104856000004,51.3355835660001],[5.84151660400005,51.32906932],[5.83198735700006,51.3225543010001],[5.82246081600005,51.3160385080001],[5.81293698200005,51.309521943],[5.80341585200006,51.3030046060001],[5.79389742600006,51.296486497],[5.78438170200008,51.2899676170001],[5.77486868100004,51.283447966],[5.76535835900006,51.276927544],[5.75585073700006,51.2704063520001],[5.74634581400005,51.26388439],[5.73684358700007,51.257361658],[5.72734405700004,51.2508381580001],[5.71784722200005,51.2443138890001],[5.70446100400005,51.241518532],[5.69107641300008,51.2387216490001],[5.67769345000005,51.23592324],[5.66431211500003,51.2331233040001],[5.65093241000005,51.2303218430001],[5.63755433300003,51.2275188570001],[5.62417788700003,51.224714346],[5.61080307100002,51.221908311],[5.59742988600004,51.219100751],[5.58405833300003,51.2162916670001],[5.57318459700002,51.219072435],[5.56045000000006,51.2223277780001],[5.55870518800003,51.229686137],[5.55695981800005,51.2370444700001],[5.55521388900007,51.2444027780001],[5.55488611100003,51.2445777780001],[5.55537500000003,51.245469444],[5.55530000000005,51.2474888890001],[5.55661388900006,51.2504388890001],[5.55652500000002,51.2527277780001],[5.55611666700003,51.254827778],[5.55636111100006,51.2553833330001],[5.55690000000004,51.255816667],[5.55646111100003,51.256294444],[5.55751111100005,51.2573583330001],[5.55643611100004,51.2575277780001],[5.55674444400006,51.2587861110001],[5.55677222200006,51.2601333330001],[5.55753055600007,51.2600194440001],[5.55789166700004,51.2624250000001],[5.55785833300007,51.262788889],[5.55677500000007,51.262747222],[5.55661666700007,51.2633027780001],[5.55703055600003,51.264294444],[5.55646388900004,51.2662916670001],[5.55585277800003,51.2667777780001],[5.55465555600006,51.267077778],[5.54735325100006,51.2700206170001]]]},"properties":{"Name":"EINDHOVEN TMA 4","Designator":"EHEH4C","Type":"TMA","LocalType":"TMA","UpperLimit":65,"LowerLimit":55,"UpperLimitUnit":"FL","LowerLimitUnit":"FL","Class":"C","name":"EINDHOVEN TMA 4"}},{"type":"Feature","geometry":{"type":"Polygon","coordinates":[[[6.09200277800005,51.1705944440001],[6.09211666700003,51.170413889],[6.09265277800006,51.1704444440001],[6.09257777800002,51.170586111],[6.09290555600006,51.1707166670001],[6.09309722200004,51.1705166670001],[6.09381388900005,51.1703944440001],[6.09422777800006,51.1706055560001],[6.09407222200002,51.1706888890001],[6.09418333300005,51.170786111],[6.09464722200005,51.170588889],[6.09475833300007,51.170813889],[6.09509166700008,51.170772222],[6.09503888900002,51.1709277780001],[6.09527500000007,51.171091667],[6.09562222200003,51.1709250000001],[6.09565000000003,51.171113889],[6.09599722200005,51.1711333330001],[6.09633055600005,51.1709250000001],[6.09623333300004,51.1707111110001],[6.09713888900006,51.170797222],[6.09708888900008,51.170588889],[6.09785000000005,51.1705111110001],[6.09880277800005,51.1699861110001],[6.10011111100005,51.1698805560001],[6.10064166700005,51.170122222],[6.10058333300003,51.1708944440001],[6.10098055600002,51.1709250000001],[6.10152222200003,51.171288889],[6.10143888900006,51.1714055560001],[6.10208333300005,51.1716805560001],[6.10260555600007,51.1715888890001],[6.10270833300007,51.171816667],[6.10281111100005,51.1716888890001],[6.10301388900007,51.1718416670001],[6.10330833300003,51.1716111110001],[6.10338055600005,51.1718000000001],[6.10418888900006,51.1720666670001],[6.10476666700004,51.1719555560001],[6.10564722200007,51.1721944440001],[6.10608333300007,51.172122222],[6.10617222200005,51.1722888890001],[6.10673888900004,51.1723555560001],[6.10676666700004,51.1725416670001],[6.10739722200003,51.1725805560001],[6.10755000000006,51.1729],[6.10791666700004,51.172927778],[6.10801388900006,51.1732027780001],[6.10908888900002,51.173222222],[6.10960277800007,51.173513889],[6.10995277800004,51.173313889],[6.11037777800004,51.1736500000001],[6.11128888900004,51.173830556],[6.11100555600007,51.174052778],[6.11168055600007,51.1742444440001],[6.11166944400003,51.174611111],[6.11273888900007,51.1749500000001],[6.11272500000007,51.1752527780001],[6.11334722200007,51.1754361110001],[6.11375000000004,51.1759166670001],[6.11392777800006,51.175816667],[6.11486388900005,51.177094444],[6.11530555600007,51.1774055560001],[6.11543333300006,51.1779194440001],[6.11718333300007,51.178752778],[6.11755555600007,51.17915],[6.12275277800006,51.181433333],[6.12752500000005,51.1826972220001],[6.12962500000003,51.183741667],[6.14038611100005,51.1869833330001],[6.14990000000006,51.189811111],[6.16110277800004,51.192838889],[6.16517222200002,51.194413889],[6.17294929100007,51.1903863690001],[6.18072500000005,51.186358333],[6.17024222500004,51.1831048770001],[6.15976092900007,51.179850484],[6.14928111300003,51.176595154],[6.13880277800007,51.173338889],[6.14795985300003,51.169621211],[6.15711545200003,51.1659028180001],[6.16626957500006,51.1621837110001],[6.17542222200007,51.1584638890001],[6.17369722200004,51.1572583330001],[6.17011388900005,51.1552361110001],[6.16727500000007,51.154244444],[6.16446111100004,51.1528916670001],[6.16285000000005,51.152672222],[6.16333888900004,51.1486972220001],[6.16131111100003,51.1491444440001],[6.16085555600006,51.1494083330001],[6.15988055600008,51.149366667],[6.15980277800003,51.1491722220001],[6.15898333300004,51.1491333330001],[6.15871944400004,51.1489],[6.15807777800006,51.1490805560001],[6.15739722200004,51.1490000000001],[6.15746666700005,51.148808333],[6.15724166700005,51.1485277780001],[6.15694166700007,51.148783333],[6.15633333300002,51.148627778],[6.15630833300003,51.148375],[6.15611944400007,51.148383333],[6.15610277800005,51.148608333],[6.15561944400002,51.1483777780001],[6.15528055600004,51.1484750000001],[6.15514444400003,51.148333333],[6.15543055600006,51.1482222220001],[6.15486666700002,51.1482],[6.15477500000003,51.1479861110001],[6.15450277800005,51.1483138890001],[6.15418055600003,51.1480222220001],[6.15406111100003,51.1482444440001],[6.15329722200005,51.148202778],[6.15316111100003,51.1483555560001],[6.15255000000008,51.148188889],[6.15259166700002,51.1480000000001],[6.15203055600006,51.148002778],[6.15059722200004,51.1482972220001],[6.15066111100003,51.1486472220001],[6.14985833300005,51.1482916670001],[6.14884444400008,51.1487500000001],[6.14864444400007,51.1484361110001],[6.14836388900005,51.148652778],[6.14763611100005,51.148636111],[6.14626111100006,51.1484],[6.14625277800008,51.148158333],[6.14580277800007,51.1480777780001],[6.14603055600003,51.1479861110001],[6.14577222200006,51.1478111110001],[6.14507500000008,51.148002778],[6.14549444400006,51.147644444],[6.14500000000004,51.1471611110001],[6.14491388900007,51.1473833330001],[6.14440555600004,51.147025],[6.14409444400007,51.147263889],[6.14386666700005,51.147008333],[6.13951388900006,51.1462138890001],[6.13951666700007,51.146375],[6.13801944400007,51.1463666670001],[6.13648888900002,51.1457722220001],[6.13647222200007,51.1455361110001],[6.13606666700002,51.145688889],[6.13592222200003,51.1454944440001],[6.13495555600002,51.1453527780001],[6.13449166700002,51.145077778],[6.13448611100006,51.145302778],[6.13382777800007,51.1453527780001],[6.13368888900004,51.145055556],[6.13271666700007,51.1452694440001],[6.13274444400002,51.145119444],[6.13238333300006,51.144958333],[6.13219444400005,51.1450083330001],[6.13222777800007,51.1451916670001],[6.13194166700004,51.145066667],[6.13159722200004,51.145208333],[6.13135277800006,51.145002778],[6.13085000000007,51.1452],[6.13003333300003,51.145],[6.12992777800002,51.144747222],[6.12969722200006,51.144972222],[6.12818888900006,51.1448083330001],[6.12813611100006,51.1449666670001],[6.12751388900006,51.1450861110001],[6.12689444400007,51.1446861110001],[6.12645555600005,51.1447694440001],[6.12637222200004,51.145055556],[6.12577222200002,51.1451000000001],[6.12563888900007,51.1448777780001],[6.12595833300003,51.144880556],[6.12603333300007,51.1446722220001],[6.12556944400006,51.144736111],[6.12546388900006,51.1444111110001],[6.12510833300007,51.1442777780001],[6.12440277800005,51.1445583330001],[6.12440555600006,51.1443722220001],[6.12400833300006,51.144311111],[6.12409444400004,51.1437583330001],[6.12326944400007,51.143713889],[6.12331111100002,51.143277778],[6.12221666700003,51.1430972220001],[6.12240555600005,51.142911111],[6.12198333300006,51.142841667],[6.12205833300004,51.1426666670001],[6.12133055600003,51.1428000000001],[6.12145555600006,51.142555556],[6.12123611100003,51.1424944440001],[6.12142222200004,51.1424111110001],[6.12100833300002,51.1422166670001],[6.12146944400007,51.1414444440001],[6.12129444400006,51.1409611110001],[6.12017222200006,51.140605556],[6.11986111100003,51.1406777780001],[6.11834444400006,51.1399944440001],[6.11787222200007,51.140225],[6.11739722200002,51.1400055560001],[6.11739166700005,51.1396333330001],[6.11695277800004,51.1396472220001],[6.11642222200004,51.139141667],[6.11599722200003,51.139336111],[6.11526388900006,51.1389861110001],[6.11386666700002,51.1390361110001],[6.11317777800002,51.1385111110001],[6.11196388900004,51.138463889],[6.10938888900006,51.1376083330001],[6.10611388900003,51.1374500000001],[6.10541388900003,51.137019444],[6.10391666700002,51.1367611110001],[6.10346111100006,51.1362611110001],[6.10291944400007,51.1364444440001],[6.10224166700004,51.136344444],[6.10204166700004,51.136744444],[6.10091666700004,51.1364472220001],[6.10077500000006,51.1362333330001],[6.10028055600003,51.1362972220001],[6.10038888900004,51.136122222],[6.09983888900007,51.1360722220001],[6.09972500000003,51.1357305560001],[6.09944444400003,51.135816667],[6.09642500000007,51.1347638890001],[6.09269444400007,51.1347416670001],[6.09199444400002,51.135047222],[6.09168611100006,51.1347916670001],[6.09106944400003,51.133011111],[6.09016111100004,51.1321194440001],[6.08982500000008,51.131252778],[6.08931111100003,51.1309166670001],[6.08918333300005,51.1301638890001],[6.08710277800003,51.1293027780001],[6.08742777800006,51.1290194440001],[6.08871944400005,51.1286000000001],[6.08866388900003,51.127855556],[6.08773611100003,51.1274500000001],[6.08652222200004,51.1275416670001],[6.08442500000007,51.1260194440001],[6.08644722200006,51.125655556],[6.08699166700006,51.124597222],[6.08350000000007,51.1238916670001],[6.08321111100003,51.124044444],[6.08255555600005,51.124980556],[6.08091388900004,51.1260111110001],[6.07998611100004,51.124547222],[6.08055000000007,51.1221416670001],[6.07569722200003,51.1209416670001],[6.07562500000006,51.1206500000001],[6.07619722200008,51.1197222220001],[6.07596111100003,51.119211111],[6.07352222200007,51.1188361110001],[6.07296944400002,51.118566667],[6.07296666700006,51.118341667],[6.07201388900006,51.118247222],[6.07136944400003,51.117955556],[6.07066666700007,51.118155556],[6.06728888900005,51.118036111],[6.06239722200007,51.1168555560001],[6.06029166700006,51.1159277780001],[6.05779444400002,51.1138194440001],[6.05523611100006,51.1107416670001],[6.05637500000006,51.1102638890001],[6.05683055600002,51.1095500000001],[6.05259444400002,51.106286111],[6.04440000000005,51.1011194440001],[6.04338888900003,51.101316667],[6.04195000000004,51.100902778],[6.03925833300002,51.098375],[6.03668888900006,51.0965972220001],[6.03505000000007,51.095886111],[6.03379166700006,51.095569444],[6.02956111100002,51.0946083330001],[6.02589444400007,51.0942416670001],[6.02392777800003,51.093377778],[6.02247500000004,51.0932611110001],[6.02068888900004,51.0928416670001],[6.01759166700003,51.094580556],[6.01570555600006,51.092358333],[6.01407777800006,51.0914472220001],[6.01266666700008,51.0909500000001],[6.01090833300003,51.091191667],[6.00953055600007,51.09085],[6.00830833300006,51.089619444],[6.00382500000006,51.086797222],[5.99778611100004,51.0842527780001],[5.99470277800003,51.082063889],[5.99217500000003,51.0798472220001],[5.98846111100005,51.0746194440001],[5.98497500000008,51.0735861110001],[5.98176388900004,51.0731777780001],[5.98139166700003,51.073055556],[5.98092777800002,51.0725333330001],[5.98029166700007,51.0723194440001],[5.98018333300007,51.0719],[5.97958055600003,51.071344444],[5.98172777800005,51.0694777780001],[5.97866111100006,51.0677027780001],[5.97874444400003,51.066886111],[5.97847222200005,51.066438889],[5.97653333300002,51.0647416670001],[5.97593333300006,51.0645416670001],[5.97478333300006,51.063158333],[5.97316111100002,51.0629083330001],[5.97187777800002,51.0618777780001],[5.97096944400005,51.061633333],[5.96997777800004,51.0607055560001],[5.96999444400006,51.0605166670001],[5.97060000000005,51.0602361110001],[5.97078333300004,51.0597194440001],[5.97077777800007,51.0580194440001],[5.97012777800006,51.0569166670001],[5.96811388900005,51.055563889],[5.96960833300005,51.054927778],[5.97013055600007,51.0546000000001],[5.97031111100006,51.054186111],[5.96938611100006,51.052280556],[5.96822777800003,51.0510722220001],[5.96847777800002,51.0498166670001],[5.96929722200002,51.049144444],[5.96843888900003,51.047927778],[5.96919722200005,51.0467722220001],[5.96855277800006,51.0462833330001],[5.96828055600002,51.046366667],[5.96801388900008,51.0458833330001],[5.96783611100005,51.0447611110001],[5.96690000000007,51.0441388890001],[5.96578611100006,51.0440583330001],[5.96496944400008,51.0435861110001],[5.96449444400002,51.0438],[5.96383888900004,51.0436861110001],[5.96168333300005,51.0419694440001],[5.96049166700004,51.0420083330001],[5.95783055600003,51.040983333],[5.95823611100008,51.0399555560001],[5.95946666700007,51.0382388890001],[5.95811111100005,51.0361194440001],[5.95777777800004,51.034727778],[5.95631388900006,51.035083333],[5.95621111100007,51.034922222],[5.95570000000004,51.0350333330001],[5.95506111100002,51.035902778],[5.95400555600003,51.0365305560001],[5.94980000000004,51.0369694440001],[5.94644444400006,51.0366222220001],[5.94651944400005,51.037030556],[5.94309722200006,51.036588889],[5.94300000000004,51.0360944440001],[5.94157777800007,51.035608333],[5.94083611100007,51.035652778],[5.93812777800002,51.035119444],[5.93790277800002,51.0363],[5.93641111100004,51.038297222],[5.93460555600007,51.0412305560001],[5.93150555600005,51.044105556],[5.92631666700004,51.048233333],[5.92299773300005,51.0553556030001],[5.91967777800005,51.0624777780001],[5.91873333300003,51.063952778],[5.91320555600004,51.0668833330001],[5.90564444400007,51.061847222],[5.89637222200002,51.0571416670001],[5.89229444400007,51.053236111],[5.89200000000005,51.053127778],[5.88719722200005,51.0521805560001],[5.88205000000005,51.052083333],[5.87518611100006,51.051475],[5.86868888900005,51.051686111],[5.86673611100002,51.0515722220001],[5.86691666700005,51.051238889],[5.86631388900003,51.051105556],[5.86708333300004,51.046697222],[5.86737500000004,51.0461805560001],[5.87223888900007,51.0416250000001],[5.87462777800005,51.0391222220001],[5.87741111100007,51.0381194440001],[5.87808333300006,51.037447222],[5.87687500000004,51.0315694440001],[5.87459166700006,51.0292166670001],[5.87538333300006,51.0267694440001],[5.87665555600006,51.024616667],[5.87665277800005,51.0238805560001],[5.87891388900005,51.020619444],[5.87898055600004,51.0198750000001],[5.87853333300006,51.018661111],[5.87887222200004,51.0178388890001],[5.88426111100006,51.013386111],[5.88544722200004,51.0138166670001],[5.88834722200005,51.013475],[5.89271388900005,51.0123],[5.89563888900005,51.0110194440001],[5.89547500000003,51.004533333],[5.90551666700003,51.0021722220001],[5.90435277800003,50.9961388890001],[5.90373611100006,50.987205556],[5.89949722200004,50.9843472220001],[5.89566944400002,50.981352778],[5.89380277800007,50.9810972220001],[5.89259444400005,50.980308333],[5.89378333300004,50.979555556],[5.89566666700006,50.9773083330001],[5.89618333300007,50.9771027780001],[5.89680555600006,50.976486111],[5.89708611100002,50.9748666670001],[5.90242777800006,50.9745833330001],[5.90469444400003,50.974552778],[5.90560000000005,50.974722222],[5.91172777800006,50.9764111110001],[5.91558888900005,50.9778250000001],[5.91717222200003,50.978086111],[5.91855277800005,50.9777472220001],[5.92299166700008,50.9795472220001],[5.92765000000003,50.9822861110001],[5.93388611100005,50.9853555560001],[5.94200956000003,50.9862822260001],[5.95013333300005,50.9872083330001],[5.95518333300004,50.988419444],[5.95739166700002,50.985005556],[5.96088055600006,50.9831583330001],[5.96078611100006,50.983058333],[5.96501111100002,50.9809416670001],[5.96632500000004,50.9797722220001],[5.96757500000007,50.979397222],[5.96850833300005,50.9794277780001],[5.97393611100006,50.9805555560001],[5.97957500000007,50.982916667],[5.98135833300006,50.983219444],[5.98224166700004,50.9830694440001],[5.98422222200003,50.9821166670001],[5.99526924000003,50.982546412],[6.00631646300008,50.982975116],[6.01736388900002,50.983402778],[6.01722500000005,50.9836805560001],[6.01870000000002,50.9838194440001],[6.02293055600006,50.983272222],[6.02651111100005,50.983272222],[6.02689444400005,50.9816416670001],[6.02680277800005,50.9813111110001],[6.02264444400004,50.974022222],[6.02116388900004,50.9710055560001],[6.01945555600003,50.9689500000001],[6.01730833300007,50.9652750000001],[6.01520833300003,50.962366667],[6.01300000000003,50.9604],[6.01068611100004,50.9600333330001],[6.00908055600007,50.959486111],[6.00663888900004,50.9580583330001],[6.00519722200005,50.9567777780001],[6.01180000000005,50.9543027780001],[6.01685277800004,50.952644444],[6.01507777800003,50.947883333],[6.01664049900006,50.9412930660001],[6.01820277800005,50.934702778],[6.02839625400003,50.9327837770001],[6.03858888900004,50.9308638890001],[6.03979166700003,50.930852778],[6.04441388900005,50.9293416670001],[6.04500000000007,50.928958333],[6.04558333300002,50.9280805560001],[6.04719444400007,50.9284305560001],[6.04914722200004,50.929386111],[6.05087222200007,50.9299055560001],[6.05616111100005,50.9271555560001],[6.05402222200007,50.9222500000001],[6.06180833300004,50.9212388890001],[6.06296666700007,50.9220361110001],[6.06576666700005,50.9210138890001],[6.06818333300004,50.920655556],[6.07177500000006,50.9231333330001],[6.07746388900006,50.922586111],[6.08213333300006,50.921538889],[6.08383888900005,50.9209333330001],[6.08683055600005,50.919372222],[6.08943888900006,50.918525],[6.09016666700006,50.9195722220001],[6.09372777800007,50.9212305560001],[6.09416388900007,50.9207138890001],[6.09417222200005,50.9203138890001],[6.09347222200006,50.9190750000001],[6.09209166700003,50.917436111],[6.08933055600005,50.9162305560001],[6.08683611100003,50.9141000000001],[6.08677222200004,50.9130027780001],[6.08643611100007,50.912277778],[6.08240833300005,50.910119444],[6.08137777800005,50.9091750000001],[6.08046388900004,50.9075444440001],[6.07977777800005,50.9055916670001],[6.07975277800006,50.9051555560001],[6.08005000000003,50.9045750000001],[6.07983055600005,50.902913889],[6.07732500000003,50.8991722220001],[6.07731666700005,50.8969666670001],[6.07676944400004,50.8964444440001],[6.07644444400006,50.8952583330001],[6.07651111100006,50.894630556],[6.07612500000005,50.8945555560001],[6.07624444400005,50.8942555560001],[6.07580000000007,50.894075],[6.07583333300005,50.8936],[6.07525277800005,50.892844444],[6.07625277800003,50.892033333],[6.07613888900005,50.8915361110001],[6.07540833300004,50.891138889],[6.07539722200005,50.8904555560001],[6.07625000000007,50.8897055560001],[6.07643333300007,50.888977778],[6.07716111100007,50.8877583330001],[6.07768055600008,50.887538889],[6.07806944400005,50.887986111],[6.07853888900007,50.8877416670001],[6.07880000000006,50.8870277780001],[6.07918333300006,50.8867250000001],[6.07917222200007,50.8862722220001],[6.07946666700008,50.8861166670001],[6.07821666700005,50.8851722220001],[6.07860555600007,50.884930556],[6.07861111100004,50.8845055560001],[6.07883611100004,50.8843000000001],[6.07959166700005,50.884272222],[6.08000833300002,50.8839583330001],[6.07993333300004,50.8834833330001],[6.07922222200006,50.883369444],[6.07930833300003,50.8826472220001],[6.07987777800003,50.882391667],[6.08017500000005,50.8825444440001],[6.08040277800006,50.8830305560001],[6.08101111100007,50.882958333],[6.08266388900006,50.881375],[6.08391388900003,50.881108333],[6.08481111100002,50.880669444],[6.08501666700005,50.8801361110001],[6.08637500000003,50.8798166670001],[6.08689444400005,50.879147222],[6.08721666700006,50.878538889],[6.08694444400004,50.8779527780001],[6.08503888900003,50.876386111],[6.08633611100004,50.8751583330001],[6.08729166700004,50.8734138890001],[6.08810277800006,50.872427778],[6.08614166700005,50.871477778],[6.08658055600006,50.8709638890001],[6.08672222200005,50.8704472220001],[6.08654166700006,50.8693305560001],[6.08346666700004,50.8649361110001],[6.08105277800007,50.8645500000001],[6.08104166700002,50.8625638890001],[6.07782777800003,50.8611777780001],[6.07723888900006,50.8605805560001],[6.07570532500006,50.8535597320001],[6.07417222200007,50.846538889],[6.06312500000007,50.850252778],[6.06254722200003,50.8502],[6.06209444400002,50.850430556],[6.06094166700007,50.8505388890001],[6.06011944400007,50.850913889],[6.05673888900003,50.851077778],[6.05680277800008,50.851286111],[6.05659722200005,50.851311111],[6.05689444400002,50.8516222220001],[6.05675000000002,50.851869444],[6.05722222200006,50.852016667],[6.05693888900004,50.852994444],[6.05714722200003,50.854280556],[6.05701111100007,50.854463889],[6.05661666700007,50.854397222],[6.05665000000005,50.854952778],[6.05709444400003,50.8554500000001],[6.05699166700003,50.856033333],[6.05650833300007,50.8571305560001],[6.05518611100007,50.8572361110001],[6.05401944400006,50.856938889],[6.05225833300005,50.855533333],[6.05071111100006,50.8553027780001],[6.05028888900006,50.8548944440001],[6.05013611100003,50.854186111],[6.04755000000006,50.8535444440001],[6.04643055600008,50.852844444],[6.04516944400007,50.8526055560001],[6.04452222200007,50.8527083330001],[6.04391666700008,50.8524972220001],[6.04404444400006,50.8523027780001],[6.04380555600005,50.8519166670001],[6.04285555600006,50.85175],[6.04215277800006,50.8511972220001],[6.04010555600007,50.851127778],[6.03948055600006,50.8508583330001],[6.03763611100004,50.8510027780001],[6.03610555600005,50.850505556],[6.03357222200003,50.8503833330001],[6.03164444400005,50.8494111110001],[6.03173055600007,50.8493111110001],[6.02768611100004,50.8475583330001],[6.02605277800006,50.8472],[6.02562222200004,50.8477444440001],[6.02223611100004,50.846416667],[6.01893333300006,50.846261111],[6.01593055600006,50.838794444],[6.01843333300008,50.837327778],[6.01630833300004,50.833886111],[6.01876666700002,50.829666667],[6.02526666700004,50.827805556],[6.02271388900004,50.8266166670001],[6.02398888900007,50.825102778],[6.02470000000005,50.821597222],[6.02513611100005,50.821455556],[6.02576666700003,50.8208472220001],[6.02623055600003,50.8203694440001],[6.02630833300003,50.8199555560001],[6.02564166700006,50.8191833330001],[6.02372222200006,50.8184027780001],[6.02376666700007,50.818263889],[6.02210833300006,50.8168055560001],[6.02448888900005,50.815925],[6.02352500000006,50.8146444440001],[6.02496111100004,50.814030556],[6.01609166700007,50.8094833330001],[6.01480555600006,50.8085611110001],[6.01321666700005,50.8067694440001],[6.01007500000003,50.8039805560001],[6.00764722200006,50.8027638890001],[6.00363333300004,50.8014305560001],[5.99884722200005,50.8042611110001],[5.99508333300003,50.8058833330001],[5.99118055600007,50.8081888890001],[5.98553333300003,50.8106194440001],[5.98443611100004,50.8102527780001],[5.98131944400006,50.8086500000001],[5.98144722200004,50.808513889],[5.98025555600003,50.8072777780001],[5.98020000000002,50.8057944440001],[5.97870000000006,50.8046722220001],[5.97790000000003,50.8050638890001],[5.97682222200007,50.8034805560001],[5.97577500000006,50.802402778],[5.97540833300008,50.799930556],[5.97507777800007,50.7984555560001],[5.97482500000007,50.798061111],[5.97692222200004,50.797119444],[5.97718888900005,50.7966805560001],[5.97785000000005,50.796922222],[5.97835000000003,50.7965194440001],[5.97915555600002,50.7963472220001],[5.97909444400005,50.7960055560001],[5.97940833300004,50.7959666670001],[5.97923611100003,50.7958333330001],[5.97952222200007,50.7958583330001],[5.97966111100004,50.795597222],[5.98005833300004,50.795469444],[5.98017500000003,50.795138889],[5.98142777800007,50.795016667],[5.98169166700006,50.7952250000001],[5.98188333300004,50.7950138890001],[5.98211388900006,50.795227778],[5.98272777800003,50.7952222220001],[5.98315000000002,50.7948944440001],[5.98407777800003,50.7947583330001],[5.98448333300007,50.7949833330001],[5.98465000000004,50.7947361110001],[5.98510277800005,50.7947861110001],[5.98499444400005,50.7945638890001],[5.98518888900003,50.794555556],[5.98529444400003,50.794252778],[5.98555555600007,50.7944305560001],[5.98557222200003,50.7942444440001],[5.98583055600005,50.7942583330001],[5.98564444400006,50.7939277780001],[5.98595555600002,50.793830556],[5.98676388900003,50.793763889],[5.98747500000007,50.7940833330001],[5.98820277800007,50.794077778],[5.99464166700005,50.7905000000001],[5.99593055600008,50.7900527780001],[5.99587222200006,50.7874277780001],[5.99696388900003,50.787038889],[5.99706111100005,50.7867694440001],[5.99745833300005,50.786566667],[5.99846388900005,50.786963889],[5.99870555600006,50.786869444],[5.99946944400006,50.7863750000001],[5.99945000000002,50.7861361110001],[5.99987500000003,50.785786111],[5.99984166700006,50.7855500000001],[6.00016111100007,50.7855916670001],[6.00136944400003,50.784725],[6.00185833300003,50.7846388890001],[6.00212777800004,50.7842694440001],[6.00303888900004,50.784194444],[6.00546388900005,50.7833805560001],[6.00658333300004,50.7823000000001],[6.00645277800004,50.782186111],[6.00663055600006,50.781880556],[6.00705000000005,50.7819388890001],[6.00739166700004,50.7815805560001],[6.00957500000004,50.7809250000001],[6.00988611100007,50.7805083330001],[6.01054722200007,50.780427778],[6.01060833300005,50.780186111],[6.01205833300003,50.7802500000001],[6.01308611100006,50.7798916670001],[6.01342500000004,50.7794944440001],[6.01439444400006,50.779513889],[6.01563333300004,50.7788472220001],[6.01716111100006,50.7786333330001],[6.01771666700006,50.778205556],[6.01770833300003,50.7779861110001],[6.01892500000002,50.777683333],[6.01910555600006,50.7774138890001],[6.02019166700006,50.777105556],[6.02018611100004,50.7768750000001],[6.02056388900007,50.776827778],[6.02030000000002,50.7765055560001],[6.02221111100005,50.7759888890001],[6.02401944400003,50.7760500000001],[6.02510555600003,50.775541667],[6.02610833300002,50.7755333330001],[6.02630833300003,50.7752305560001],[6.02663888900003,50.7751416670001],[6.02671111100005,50.7748527780001],[6.02701111100004,50.774763889],[6.02718055600008,50.7742111110001],[6.02764722200004,50.7741472220001],[6.02780833300005,50.7734500000001],[6.02650833300004,50.772647222],[6.02354722200005,50.7693611110001],[6.02309722200005,50.768594444],[6.02271666700005,50.7685000000001],[6.02164722200007,50.7664694440001],[6.02038333300004,50.7653194440001],[6.01918611100007,50.7645666670001],[6.01836111100005,50.763358333],[6.01953333300003,50.758741667],[6.02100833300005,50.7542888890001],[6.01954166700006,50.7546861110001],[6.01743888900006,50.754930556],[6.01312500000006,50.7550694440001],[6.01185277800005,50.7546972220001],[6.00655555600002,50.754255556],[6.00448888900007,50.753805556],[6.00232777800005,50.7540277780001],[6.00001944400003,50.7532972220001],[5.99693888900003,50.753833333],[5.99321666700007,50.7528333330001],[5.99270833300005,50.753013889],[5.99040000000002,50.752919444],[5.98486111100004,50.7533611110001],[5.98334722200002,50.7528500000001],[5.97971388900004,50.7546361110001],[5.97689166700007,50.7545500000001],[5.97646666700007,50.754363889],[5.97412222200006,50.7551777780001],[5.97480833300006,50.756611111],[5.97519166700005,50.7579305560001],[5.97278333300005,50.7596500000001],[5.96969722200004,50.7605833330001],[5.96311666700007,50.761402778],[5.96123611100006,50.7614194440001],[5.96058611100005,50.7624500000001],[5.95849444400005,50.762297222],[5.95456111100003,50.7604416670001],[5.95335000000006,50.76005],[5.95155555600007,50.7604944440001],[5.94921666700003,50.760008333],[5.94645000000003,50.759758333],[5.94576666700004,50.7590361110001],[5.94518611100006,50.7587500000001],[5.94484722200002,50.7588138890001],[5.94430277800006,50.758463889],[5.94077222200002,50.757791667],[5.93884722200005,50.7579527780001],[5.93618055600007,50.756819444],[5.93580833300007,50.7570055560001],[5.93488611100003,50.756702778],[5.93252777800006,50.756611111],[5.93100833300002,50.7569194440001],[5.92145555600007,50.7513611110001],[5.92041388900003,50.7515472220001],[5.91646388900006,50.7504500000001],[5.91510277800006,50.750302778],[5.91478888900002,50.751994444],[5.91523055600004,50.753238889],[5.91541944400007,50.7547222220001],[5.91394722200005,50.754416667],[5.91358888900004,50.755325],[5.91371666700007,50.755763889],[5.91266944400007,50.755694444],[5.91068611100008,50.7551777780001],[5.90902500000004,50.7542611110001],[5.90858888900004,50.7546],[5.90821666700003,50.755697222],[5.90706111100008,50.755105556],[5.90608888900005,50.7554527780001],[5.90510000000006,50.755330556],[5.90335555600007,50.7540777780001],[5.90302777800002,50.7537194440001],[5.90350000000007,50.7534666670001],[5.90163333300006,50.751369444],[5.90144444400005,50.7513916670001],[5.89773888900004,50.752605556],[5.89592222200002,50.753869444],[5.89290277800006,50.7548444440001],[5.88971944400004,50.7563527780001],[5.88921111100007,50.7571194440001],[5.88914166700005,50.757630556],[5.89000833300003,50.759919444],[5.89004166700005,50.761680556],[5.88932777800005,50.7655333330001],[5.88777777800004,50.767761111],[5.88647777800003,50.7701555560001],[5.87585555600003,50.765436111],[5.87335000000007,50.7654138890001],[5.87241388900003,50.7651277780001],[5.86884722200006,50.7649277780001],[5.86489444400007,50.7636666670001],[5.86355000000003,50.763491667],[5.85998055600004,50.76185],[5.85245833300007,50.7575000000001],[5.84889722200006,50.7534444440001],[5.84808888900005,50.7554666670001],[5.84780833300005,50.7579638890001],[5.84596666700003,50.7621916670001],[5.84503055600004,50.7653527780001],[5.83948055600007,50.7639194440001],[5.83820277800004,50.7633888890001],[5.83323055600005,50.7605694440001],[5.83077222200006,50.758516667],[5.82633611100005,50.75895],[5.82224722200004,50.7587694440001],[5.82033055600004,50.7582861110001],[5.81757500000003,50.757138889],[5.81446666700003,50.7561694440001],[5.80884166700002,50.755911111],[5.80750277800007,50.756083333],[5.80710000000005,50.7563305560001],[5.80015380900005,50.7632752060001],[5.79320555600003,50.7702194440001],[5.78768333300007,50.7678250000001],[5.78450000000004,50.7671777780001],[5.78187777800002,50.771430556],[5.78135277800004,50.7713555560001],[5.77980000000002,50.774219444],[5.77811111100004,50.779447222],[5.77664444400006,50.78225],[5.77736388900007,50.782955556],[5.77357222200004,50.783244444],[5.76580833300005,50.7825361110001],[5.75957222200003,50.777963889],[5.75866111100004,50.7781444440001],[5.75800000000004,50.777186111],[5.75575833300007,50.775030556],[5.75460555600006,50.775144444],[5.75241944400005,50.7735027780001],[5.75161944400003,50.773463889],[5.75037500000008,50.771972222],[5.74825833300002,50.7712111110001],[5.74614623200006,50.7696959080001],[5.73612182400007,50.7737906040001],[5.72610856900008,50.777866461],[5.71609356900007,50.7819414620001],[5.70607682400004,50.7860156040001],[5.69605833300005,50.7900888890001],[5.69480555600006,50.792397222],[5.69192500000003,50.7951722220001],[5.69135833300004,50.796447222],[5.69137500000005,50.797083333],[5.69214722200007,50.7983222220001],[5.69736111100002,50.80235],[5.69833055600003,50.8034805560001],[5.69866666700005,50.8041166670001],[5.69892222200002,50.8053166670001],[5.69850277800003,50.806633333],[5.69719722200006,50.8080833330001],[5.69417500000003,50.810244444],[5.69318055600007,50.810577778],[5.69264722200006,50.811144444],[5.69270833300004,50.811372222],[5.69168055600005,50.812125],[5.69150555600004,50.8118416670001],[5.68876666700004,50.8116305560001],[5.68860000000006,50.811872222],[5.68680555600002,50.8121166670001],[5.68690833300008,50.8123166670001],[5.68598611100003,50.8122250000001],[5.68591388900006,50.812494444],[5.68496944400005,50.812811111],[5.68435000000005,50.813422222],[5.68263888900003,50.8129500000001],[5.68175000000002,50.8122111110001],[5.68058888900003,50.8120305560001],[5.67993888900003,50.812563889],[5.67949166700004,50.814344444],[5.67844722200005,50.815063889],[5.67828055600006,50.8164694440001],[5.67314722200007,50.8160111110001],[5.67272777800002,50.8169500000001],[5.66966388900005,50.8172500000001],[5.66943611100004,50.8178333330001],[5.66807222200003,50.817736111],[5.66795555600004,50.816941667],[5.66768333300007,50.8165472220001],[5.66618055600003,50.816847222],[5.66610000000003,50.816952778],[5.66668888900006,50.8172611110001],[5.66553055600002,50.817233333],[5.66524166700003,50.817033333],[5.66385833300006,50.8172611110001],[5.66363333300006,50.8177694440001],[5.66322777800002,50.8180444440001],[5.65900000000005,50.818486111],[5.65400555600007,50.8200944440001],[5.65520000000004,50.8209583330001],[5.65432222200008,50.821266667],[5.65644722200005,50.8231666670001],[5.65550000000007,50.8237972220001],[5.65623333300005,50.824338889],[5.65182500000003,50.827525],[5.64922222200005,50.8263555560001],[5.64883888900005,50.826719444],[5.64887222200002,50.8270527780001],[5.65021388900004,50.828833333],[5.65030277800003,50.8298638890001],[5.65113888900004,50.831147222],[5.65136111100003,50.8320138890001],[5.65100000000007,50.8327722220001],[5.65001944400007,50.833905556],[5.64829444400004,50.833202778],[5.64801388900003,50.8349138890001],[5.64720555600007,50.835836111],[5.64747222200003,50.835927778],[5.64374722200006,50.8379305560001],[5.64534722200005,50.8394000000001],[5.64186944400006,50.8408000000001],[5.64280277800003,50.841458333],[5.64118611100002,50.842925],[5.64227777800005,50.843111111],[5.64056944400005,50.844711111],[5.63920277800003,50.8463944440001],[5.63890000000004,50.847725],[5.64071111100003,50.847738889],[5.64027222200002,50.8494916670001],[5.64265555600002,50.8501000000001],[5.64190833300006,50.8511444440001],[5.64176111100005,50.8525805560001],[5.64032777800003,50.8537416670001],[5.64350555600004,50.8567861110001],[5.64164722200007,50.857569444],[5.64381944400003,50.8588777780001],[5.64186388900004,50.8591750000001],[5.64196111100006,50.8595500000001],[5.64357222200005,50.860480556],[5.64224166700006,50.8613888890001],[5.64403333300004,50.8629500000001],[5.64164722200007,50.8641500000001],[5.64733888900003,50.8669472220001],[5.64950000000005,50.868352778],[5.64907777800005,50.868672222],[5.64781111100007,50.869094444],[5.64542777800006,50.870758333],[5.64415833300006,50.871355556],[5.64679166700006,50.873158333],[5.64788888900006,50.873725],[5.64858055600007,50.8733111110001],[5.65135000000004,50.8750694440001],[5.65334166700006,50.873947222],[5.65669444400004,50.876372222],[5.65741666700006,50.8762944440001],[5.65793055600005,50.8765861110001],[5.65869444400005,50.8761944440001],[5.66102500000005,50.877416667],[5.66066111100002,50.877733333],[5.66151111100004,50.878077778],[5.66170277800006,50.878661111],[5.66396944400003,50.8790277780001],[5.66671944400002,50.880063889],[5.66882500000003,50.8810750000001],[5.66963333300004,50.881825],[5.67195833300002,50.8811138890001],[5.67638055600003,50.8808777780001],[5.67671111100003,50.8804000000001],[5.67953611100006,50.880538889],[5.67930833300005,50.882127778],[5.67938055600007,50.883452778],[5.68027777800006,50.885422222],[5.68161388900006,50.887447222],[5.68338888900007,50.888927778],[5.68544166700002,50.8902694440001],[5.69079722200007,50.8928916670001],[5.69237777800004,50.8939083330001],[5.69497222200005,50.8968305560001],[5.69587222200005,50.898677778],[5.69646666700004,50.9007388890001],[5.69666111100003,50.9021611110001],[5.69622777800004,50.9066861110001],[5.69639444400002,50.907477778],[5.69684166700006,50.908311111],[5.69767222200005,50.909247222],[5.69941388900003,50.9103305560001],[5.70424166700008,50.911580556],[5.70752777800004,50.9116861110001],[5.71030277800003,50.9109361110001],[5.71350833300005,50.909061111],[5.71536388900006,50.908480556],[5.71796944400006,50.9080388890001],[5.72020555600005,50.908363889],[5.72157777800004,50.9088750000001],[5.72289722200003,50.9096250000001],[5.72445277800006,50.9110111110001],[5.72565000000003,50.912488889],[5.72658888900003,50.9143666670001],[5.72673333300003,50.9160666670001],[5.72611111100002,50.918830556],[5.72612500000003,50.9203416670001],[5.72703055600005,50.923058333],[5.72835555600005,50.925272222],[5.73306944400002,50.9300944440001],[5.73984722200004,50.934438889],[5.74098333300003,50.935405556],[5.74573055600007,50.9427138890001],[5.74589444400004,50.945633333],[5.74696666700004,50.9470555560001],[5.74803611100003,50.9477027780001],[5.75141388900005,50.9489055560001],[5.75678333300004,50.9500861110001],[5.75776666700006,50.950725],[5.75845000000004,50.9515222220001],[5.75875000000002,50.9523083330001],[5.75870000000003,50.9537083330001],[5.75790000000006,50.955169444],[5.75689444400007,50.9563166670001],[5.75482500000004,50.9581000000001],[5.75281944400007,50.9593],[5.75085000000007,50.960197222],[5.74870833300002,50.960844444],[5.74608888900002,50.9612805560001],[5.74398888900004,50.961047222],[5.74166666700006,50.960027778],[5.73909444400005,50.9578638890001],[5.73645833300003,50.956363889],[5.73251666700003,50.9555111110001],[5.72938333300004,50.9552833330001],[5.72627500000004,50.9556166670001],[5.72420833300004,50.9562638890001],[5.72292500000003,50.9569083330001],[5.72194166700007,50.9576750000001],[5.72073611100006,50.9594277780001],[5.72048333300006,50.9601361110001],[5.72061111100004,50.9617250000001],[5.72140277800003,50.963172222],[5.72195555600007,50.9638027780001],[5.72633888900003,50.967686111],[5.72904166700005,50.9698861110001],[5.73231111100006,50.9716194440001],[5.73404444400006,50.9730416670001],[5.73506388900006,50.9744666670001],[5.73564722200007,50.976483333],[5.73662222200005,50.977991667],[5.73870000000005,50.9792166670001],[5.74522500000006,50.980547222],[5.74715555600005,50.9811916670001],[5.74875000000003,50.982097222],[5.75022777800007,50.9832666670001],[5.75537222200006,50.9899638890001],[5.75656388900006,50.991158333],[5.75831388900002,50.9924111110001],[5.76332777800008,50.9953194440001],[5.76556944400005,50.9970638890001],[5.76645000000002,50.9981194440001],[5.76719444400004,50.9995500000001],[5.76736111100007,51.0012861110001],[5.76719444400004,51.0034694440001],[5.76651666700008,51.0063027780001],[5.76623055600004,51.0086111110001],[5.76647222200006,51.010422222],[5.76748055600007,51.012747222],[5.76817222200003,51.0137083330001],[5.77580277800007,51.0210111110001],[5.77629166700007,51.0219111110001],[5.77629166700007,51.023013889],[5.77560555600007,51.024616667],[5.77441666700003,51.026244444],[5.77323611100007,51.0270722220001],[5.77111388900005,51.027980556],[5.76816944400002,51.028861111],[5.76160833300003,51.029972222],[5.75932777800006,51.031033333],[5.75890000000004,51.031391667],[5.75841666700006,51.0322305560001],[5.75826388900003,51.033241667],[5.75838888900006,51.034444444],[5.75922777800002,51.035819444],[5.76541388900006,51.0417333330001],[5.76824140400004,51.0460361450001],[5.77106944400003,51.050338889],[5.77173055600002,51.0520277780001],[5.77249722200003,51.0559916670001],[5.77192222200006,51.0590611110001],[5.77202500000004,51.0604666670001],[5.77245000000005,51.061344444],[5.77346111100007,51.062294444],[5.77469166700007,51.062811111],[5.77580833300004,51.0629416670001],[5.77901666700006,51.062680556],[5.78325000000007,51.0615888890001],[5.78876388900005,51.0593277780001],[5.79205000000007,51.058741667],[5.79462500000005,51.0588805560001],[5.79763611100003,51.059547222],[5.79922500000004,51.060325],[5.80035833300008,51.061544444],[5.80088888900002,51.062838889],[5.80068888900007,51.0640083330001],[5.79968055600006,51.066241667],[5.79860833300006,51.0679166670001],[5.79796944400005,51.0696194440001],[5.79698611100002,51.0710722220001],[5.79697500000003,51.0723750000001],[5.79778055600002,51.0734833330001],[5.79970277800004,51.0750027780001],[5.80252500000006,51.0760777780001],[5.80393611100004,51.076944444],[5.80466388900004,51.0779277780001],[5.80470555600004,51.0790527780001],[5.80393888900005,51.080738889],[5.80274722200005,51.0823222220001],[5.80186666700007,51.083147222],[5.79886944400005,51.0852166670001],[5.79701666700004,51.086997222],[5.79604444400007,51.0882250000001],[5.79559444400007,51.089244444],[5.79553888900006,51.0898750000001],[5.79611388900003,51.091166667],[5.79776944400004,51.092502778],[5.80070833300005,51.0941222220001],[5.80457777800007,51.095411111],[5.80836666700003,51.096113889],[5.81060277800003,51.096058333],[5.81381388900007,51.095441667],[5.82114166700006,51.0926666670001],[5.82467500000007,51.0926111110001],[5.82634166700007,51.093166667],[5.82978611100003,51.0951944440001],[5.83135555600006,51.0965027780001],[5.83211111100007,51.0975250000001],[5.83320555600005,51.100136111],[5.83330833300005,51.1022833330001],[5.83278333300007,51.103958333],[5.83216944400004,51.1047361110001],[5.83076388900002,51.105827778],[5.82745555600007,51.1073916670001],[5.82466944400005,51.107966667],[5.82254444400007,51.1080666670001],[5.81632500000006,51.1077333330001],[5.81328333300007,51.1079722220001],[5.81108611100007,51.109077778],[5.80996944400005,51.109897222],[5.80897777800004,51.111077778],[5.80816388900007,51.1130694440001],[5.80822222200004,51.1138638890001],[5.80866944400003,51.115033333],[5.80993333300006,51.117602778],[5.81066666700002,51.1186555560001],[5.81202777800007,51.119741667],[5.81616111100004,51.1223000000001],[5.81983333300008,51.125541667],[5.82339166700007,51.1283361110001],[5.82571944400007,51.1294194440001],[5.82907500000005,51.130311111],[5.83394444400005,51.130697222],[5.83940000000007,51.1306472220001],[5.84057500000006,51.130977778],[5.84162222200007,51.131716667],[5.84291388900004,51.1333500000001],[5.84439722200005,51.138344444],[5.84664444400005,51.1406138890001],[5.84811388900005,51.1415555560001],[5.84936388900007,51.1420944440001],[5.85146111100005,51.1425305560001],[5.85370277800007,51.1435250000001],[5.85560555600006,51.1446888890001],[5.84908333300007,51.1476000000001],[5.84744444400008,51.1486694440001],[5.84561944400002,51.1490250000001],[5.84411111100007,51.1498750000001],[5.84377777800006,51.1502888890001],[5.84246666700005,51.15085],[5.84024722200007,51.1523861110001],[5.83639444400006,51.1536583330001],[5.83728611100003,51.155727778],[5.83763888900006,51.155652778],[5.83866111100002,51.157080556],[5.83590000000004,51.1575750000001],[5.83518333300003,51.158361111],[5.83428611100004,51.1586972220001],[5.83370555600004,51.1586694440001],[5.83291944400003,51.1590555560001],[5.83268055600007,51.1598777780001],[5.83316666700006,51.1608138890001],[5.83353333300005,51.161033333],[5.83339149300002,51.1612709980001],[5.83338981500003,51.16864537],[5.83339074100007,51.176021296],[5.83339166700006,51.1833972220001],[5.84741860300005,51.183405603],[5.86144554400005,51.183412306],[5.87547248800007,51.1834173330001],[5.88949943400007,51.1834206820001],[5.90352638300004,51.1834223540001],[5.91755333100002,51.1834223540001],[5.93158028000005,51.1834206660001],[5.94560722600005,51.1834173070001],[5.95963417000007,51.1834122700001],[5.97366111100007,51.1834055560001],[5.97099567100003,51.191567574],[5.96832928600003,51.1997295310001],[5.96566195600008,51.207891428],[5.96299368100006,51.216053264],[5.96032445900005,51.2242150390001],[5.95765429100004,51.232376753],[5.95498317500005,51.240538407],[5.95231111100003,51.2487],[5.96524765900006,51.2484441940001],[5.97818406300007,51.248186961],[5.99112032100004,51.247928304],[6.00405643400006,51.24766822],[6.01699239900006,51.2474067100001],[6.02992821800007,51.247143775],[6.04286388800006,51.246879414],[6.05579940900003,51.246613628],[6.06873478000006,51.2463464160001],[6.08165617000003,51.2460780650001],[6.07913575400005,51.245091846],[6.07265555600003,51.2425555560001],[6.07810230300004,51.2348362370001],[6.08354722200005,51.2271166670001],[6.08602500000006,51.2226694440001],[6.08359444400003,51.222041667],[6.08096388900003,51.222447222],[6.07325833300007,51.222436111],[6.07069444400003,51.2220861110001],[6.06798888900005,51.2205500000001],[6.06846666700005,51.2133527780001],[6.06949444400004,51.213213889],[6.07040739600006,51.205609038],[6.07132004700003,51.198004181],[6.07223239600006,51.190399316],[6.07314444400004,51.1827944440001],[6.07851388900002,51.1771944440001],[6.08218888900007,51.171633333],[6.08784166700002,51.1709666670001],[6.08808333300004,51.1707666670001],[6.08886666700005,51.1707305560001],[6.08922777800007,51.1709638890001],[6.08893333300006,51.170561111],[6.08958611100007,51.1705944440001],[6.08966944400004,51.1704],[6.09086666700006,51.1705000000001],[6.09094166700004,51.1708166670001],[6.09143888900007,51.1707805560001],[6.09141111100007,51.1705944440001],[6.09165833300005,51.1705277780001],[6.09200277800005,51.1705944440001]]]},"properties":{"Name":"MAASTRICHT TMA 1","Designator":"EHBK11D","Type":"TMA_P","LocalType":"TMA","UpperLimit":95,"LowerLimit":1500,"UpperLimitUnit":"FL","LowerLimitUnit":"FT","Class":"D","name":"MAASTRICHT TMA 1"}},{"type":"Feature","geometry":{"type":"Polygon","coordinates":[[[6.09200277800005,51.1705944440001],[6.09211666700003,51.170413889],[6.09265277800006,51.1704444440001],[6.09257777800002,51.170586111],[6.09290555600006,51.1707166670001],[6.09309722200004,51.1705166670001],[6.09381388900005,51.1703944440001],[6.09422777800006,51.1706055560001],[6.09407222200002,51.1706888890001],[6.09418333300005,51.170786111],[6.09464722200005,51.170588889],[6.09475833300007,51.170813889],[6.09509166700008,51.170772222],[6.09503888900002,51.1709277780001],[6.09527500000007,51.171091667],[6.09562222200003,51.1709250000001],[6.09565000000003,51.171113889],[6.09599722200005,51.1711333330001],[6.09633055600005,51.1709250000001],[6.09623333300004,51.1707111110001],[6.09713888900006,51.170797222],[6.09708888900008,51.170588889],[6.09785000000005,51.1705111110001],[6.09880277800005,51.1699861110001],[6.10011111100005,51.1698805560001],[6.10064166700005,51.170122222],[6.10058333300003,51.1708944440001],[6.10098055600002,51.1709250000001],[6.10152222200003,51.171288889],[6.10143888900006,51.1714055560001],[6.10208333300005,51.1716805560001],[6.10260555600007,51.1715888890001],[6.10270833300007,51.171816667],[6.10281111100005,51.1716888890001],[6.10301388900007,51.1718416670001],[6.10330833300003,51.1716111110001],[6.10338055600005,51.1718000000001],[6.10418888900006,51.1720666670001],[6.10476666700004,51.1719555560001],[6.10564722200007,51.1721944440001],[6.10608333300007,51.172122222],[6.10617222200005,51.1722888890001],[6.10673888900004,51.1723555560001],[6.10676666700004,51.1725416670001],[6.10739722200003,51.1725805560001],[6.10755000000006,51.1729],[6.10791666700004,51.172927778],[6.10801388900006,51.1732027780001],[6.10908888900002,51.173222222],[6.10960277800007,51.173513889],[6.10995277800004,51.173313889],[6.11037777800004,51.1736500000001],[6.11128888900004,51.173830556],[6.11100555600007,51.174052778],[6.11168055600007,51.1742444440001],[6.11166944400003,51.174611111],[6.11273888900007,51.1749500000001],[6.11272500000007,51.1752527780001],[6.11334722200007,51.1754361110001],[6.11375000000004,51.1759166670001],[6.11392777800006,51.175816667],[6.11486388900005,51.177094444],[6.11530555600007,51.1774055560001],[6.11543333300006,51.1779194440001],[6.11718333300007,51.178752778],[6.11755555600007,51.17915],[6.12275277800006,51.181433333],[6.12752500000005,51.1826972220001],[6.12962500000003,51.183741667],[6.14038611100005,51.1869833330001],[6.14990000000006,51.189811111],[6.16110277800004,51.192838889],[6.16517222200002,51.194413889],[6.17294929100007,51.1903863690001],[6.18072500000005,51.186358333],[6.17024222500004,51.1831048770001],[6.15976092900007,51.179850484],[6.14928111300003,51.176595154],[6.13880277800007,51.173338889],[6.14795985300003,51.169621211],[6.15711545200003,51.1659028180001],[6.16626957500006,51.1621837110001],[6.17542222200007,51.1584638890001],[6.17369722200004,51.1572583330001],[6.17011388900005,51.1552361110001],[6.16727500000007,51.154244444],[6.16446111100004,51.1528916670001],[6.16285000000005,51.152672222],[6.16333888900004,51.1486972220001],[6.16131111100003,51.1491444440001],[6.16085555600006,51.1494083330001],[6.15988055600008,51.149366667],[6.15980277800003,51.1491722220001],[6.15898333300004,51.1491333330001],[6.15871944400004,51.1489],[6.15807777800006,51.1490805560001],[6.15739722200004,51.1490000000001],[6.15746666700005,51.148808333],[6.15724166700005,51.1485277780001],[6.15694166700007,51.148783333],[6.15633333300002,51.148627778],[6.15630833300003,51.148375],[6.15611944400007,51.148383333],[6.15610277800005,51.148608333],[6.15561944400002,51.1483777780001],[6.15528055600004,51.1484750000001],[6.15514444400003,51.148333333],[6.15543055600006,51.1482222220001],[6.15486666700002,51.1482],[6.15477500000003,51.1479861110001],[6.15450277800005,51.1483138890001],[6.15418055600003,51.1480222220001],[6.15406111100003,51.1482444440001],[6.15329722200005,51.148202778],[6.15316111100003,51.1483555560001],[6.15255000000008,51.148188889],[6.15259166700002,51.1480000000001],[6.15203055600006,51.148002778],[6.15059722200004,51.1482972220001],[6.15066111100003,51.1486472220001],[6.14985833300005,51.1482916670001],[6.14884444400008,51.1487500000001],[6.14864444400007,51.1484361110001],[6.14836388900005,51.148652778],[6.14763611100005,51.148636111],[6.14626111100006,51.1484],[6.14625277800008,51.148158333],[6.14580277800007,51.1480777780001],[6.14603055600003,51.1479861110001],[6.14577222200006,51.1478111110001],[6.14507500000008,51.148002778],[6.14549444400006,51.147644444],[6.14500000000004,51.1471611110001],[6.14491388900007,51.1473833330001],[6.14440555600004,51.147025],[6.14409444400007,51.147263889],[6.14386666700005,51.147008333],[6.13951388900006,51.1462138890001],[6.13951666700007,51.146375],[6.13801944400007,51.1463666670001],[6.13648888900002,51.1457722220001],[6.13647222200007,51.1455361110001],[6.13606666700002,51.145688889],[6.13592222200003,51.1454944440001],[6.13495555600002,51.1453527780001],[6.13449166700002,51.145077778],[6.13448611100006,51.145302778],[6.13382777800007,51.1453527780001],[6.13368888900004,51.145055556],[6.13271666700007,51.1452694440001],[6.13274444400002,51.145119444],[6.13238333300006,51.144958333],[6.13219444400005,51.1450083330001],[6.13222777800007,51.1451916670001],[6.13194166700004,51.145066667],[6.13159722200004,51.145208333],[6.13135277800006,51.145002778],[6.13085000000007,51.1452],[6.13003333300003,51.145],[6.12992777800002,51.144747222],[6.12969722200006,51.144972222],[6.12818888900006,51.1448083330001],[6.12813611100006,51.1449666670001],[6.12751388900006,51.1450861110001],[6.12689444400007,51.1446861110001],[6.12645555600005,51.1447694440001],[6.12637222200004,51.145055556],[6.12577222200002,51.1451000000001],[6.12563888900007,51.1448777780001],[6.12595833300003,51.144880556],[6.12603333300007,51.1446722220001],[6.12556944400006,51.144736111],[6.12546388900006,51.1444111110001],[6.12510833300007,51.1442777780001],[6.12440277800005,51.1445583330001],[6.12440555600006,51.1443722220001],[6.12400833300006,51.144311111],[6.12409444400004,51.1437583330001],[6.12326944400007,51.143713889],[6.12331111100002,51.143277778],[6.12221666700003,51.1430972220001],[6.12240555600005,51.142911111],[6.12198333300006,51.142841667],[6.12205833300004,51.1426666670001],[6.12133055600003,51.1428000000001],[6.12145555600006,51.142555556],[6.12123611100003,51.1424944440001],[6.12142222200004,51.1424111110001],[6.12100833300002,51.1422166670001],[6.12146944400007,51.1414444440001],[6.12129444400006,51.1409611110001],[6.12017222200006,51.140605556],[6.11986111100003,51.1406777780001],[6.11834444400006,51.1399944440001],[6.11787222200007,51.140225],[6.11739722200002,51.1400055560001],[6.11739166700005,51.1396333330001],[6.11695277800004,51.1396472220001],[6.11642222200004,51.139141667],[6.11599722200003,51.139336111],[6.11526388900006,51.1389861110001],[6.11386666700002,51.1390361110001],[6.11317777800002,51.1385111110001],[6.11196388900004,51.138463889],[6.10938888900006,51.1376083330001],[6.10611388900003,51.1374500000001],[6.10541388900003,51.137019444],[6.10391666700002,51.1367611110001],[6.10346111100006,51.1362611110001],[6.10291944400007,51.1364444440001],[6.10224166700004,51.136344444],[6.10204166700004,51.136744444],[6.10091666700004,51.1364472220001],[6.10077500000006,51.1362333330001],[6.10028055600003,51.1362972220001],[6.10038888900004,51.136122222],[6.09983888900007,51.1360722220001],[6.09972500000003,51.1357305560001],[6.09944444400003,51.135816667],[6.09642500000007,51.1347638890001],[6.09269444400007,51.1347416670001],[6.09199444400002,51.135047222],[6.09168611100006,51.1347916670001],[6.09106944400003,51.133011111],[6.09016111100004,51.1321194440001],[6.08982500000008,51.131252778],[6.08931111100003,51.1309166670001],[6.08918333300005,51.1301638890001],[6.08710277800003,51.1293027780001],[6.08742777800006,51.1290194440001],[6.08871944400005,51.1286000000001],[6.08866388900003,51.127855556],[6.08773611100003,51.1274500000001],[6.08652222200004,51.1275416670001],[6.08442500000007,51.1260194440001],[6.08644722200006,51.125655556],[6.08699166700006,51.124597222],[6.08350000000007,51.1238916670001],[6.08321111100003,51.124044444],[6.08255555600005,51.124980556],[6.08091388900004,51.1260111110001],[6.07998611100004,51.124547222],[6.08055000000007,51.1221416670001],[6.07569722200003,51.1209416670001],[6.07562500000006,51.1206500000001],[6.07619722200008,51.1197222220001],[6.07596111100003,51.119211111],[6.07352222200007,51.1188361110001],[6.07296944400002,51.118566667],[6.07296666700006,51.118341667],[6.07201388900006,51.118247222],[6.07136944400003,51.117955556],[6.07066666700007,51.118155556],[6.06728888900005,51.118036111],[6.06239722200007,51.1168555560001],[6.06029166700006,51.1159277780001],[6.05779444400002,51.1138194440001],[6.05523611100006,51.1107416670001],[6.05637500000006,51.1102638890001],[6.05683055600002,51.1095500000001],[6.05259444400002,51.106286111],[6.04440000000005,51.1011194440001],[6.04338888900003,51.101316667],[6.04195000000004,51.100902778],[6.03925833300002,51.098375],[6.03668888900006,51.0965972220001],[6.03505000000007,51.095886111],[6.03379166700006,51.095569444],[6.02956111100002,51.0946083330001],[6.02589444400007,51.0942416670001],[6.02392777800003,51.093377778],[6.02247500000004,51.0932611110001],[6.02068888900004,51.0928416670001],[6.01759166700003,51.094580556],[6.01570555600006,51.092358333],[6.01407777800006,51.0914472220001],[6.01266666700008,51.0909500000001],[6.01090833300003,51.091191667],[6.00953055600007,51.09085],[6.00830833300006,51.089619444],[6.00382500000006,51.086797222],[5.99778611100004,51.0842527780001],[5.99470277800003,51.082063889],[5.99217500000003,51.0798472220001],[5.98846111100005,51.0746194440001],[5.98497500000008,51.0735861110001],[5.98176388900004,51.0731777780001],[5.98139166700003,51.073055556],[5.98092777800002,51.0725333330001],[5.98029166700007,51.0723194440001],[5.98018333300007,51.0719],[5.97958055600003,51.071344444],[5.98172777800005,51.0694777780001],[5.97866111100006,51.0677027780001],[5.97874444400003,51.066886111],[5.97847222200005,51.066438889],[5.97653333300002,51.0647416670001],[5.97593333300006,51.0645416670001],[5.97478333300006,51.063158333],[5.97316111100002,51.0629083330001],[5.97187777800002,51.0618777780001],[5.97096944400005,51.061633333],[5.96997777800004,51.0607055560001],[5.96999444400006,51.0605166670001],[5.97060000000005,51.0602361110001],[5.97078333300004,51.0597194440001],[5.97077777800007,51.0580194440001],[5.97012777800006,51.0569166670001],[5.96811388900005,51.055563889],[5.96960833300005,51.054927778],[5.97013055600007,51.0546000000001],[5.97031111100006,51.054186111],[5.96938611100006,51.052280556],[5.96822777800003,51.0510722220001],[5.96847777800002,51.0498166670001],[5.96929722200002,51.049144444],[5.96843888900003,51.047927778],[5.96919722200005,51.0467722220001],[5.96855277800006,51.0462833330001],[5.96828055600002,51.046366667],[5.96801388900008,51.0458833330001],[5.96783611100005,51.0447611110001],[5.96690000000007,51.0441388890001],[5.96578611100006,51.0440583330001],[5.96496944400008,51.0435861110001],[5.96449444400002,51.0438],[5.96383888900004,51.0436861110001],[5.96168333300005,51.0419694440001],[5.96049166700004,51.0420083330001],[5.95783055600003,51.040983333],[5.95823611100008,51.0399555560001],[5.95946666700007,51.0382388890001],[5.95811111100005,51.0361194440001],[5.95777777800004,51.034727778],[5.95631388900006,51.035083333],[5.95621111100007,51.034922222],[5.95570000000004,51.0350333330001],[5.95506111100002,51.035902778],[5.95400555600003,51.0365305560001],[5.94980000000004,51.0369694440001],[5.94644444400006,51.0366222220001],[5.94651944400005,51.037030556],[5.94309722200006,51.036588889],[5.94300000000004,51.0360944440001],[5.94157777800007,51.035608333],[5.94083611100007,51.035652778],[5.93812777800002,51.035119444],[5.93790277800002,51.0363],[5.93641111100004,51.038297222],[5.93460555600007,51.0412305560001],[5.93150555600005,51.044105556],[5.92631666700004,51.048233333],[5.92299773300005,51.0553556030001],[5.91967777800005,51.0624777780001],[5.91873333300003,51.063952778],[5.91320555600004,51.0668833330001],[5.90564444400007,51.061847222],[5.89637222200002,51.0571416670001],[5.89229444400007,51.053236111],[5.89200000000005,51.053127778],[5.88719722200005,51.0521805560001],[5.88205000000005,51.052083333],[5.87518611100006,51.051475],[5.86868888900005,51.051686111],[5.86673611100002,51.0515722220001],[5.86691666700005,51.051238889],[5.86631388900003,51.051105556],[5.86708333300004,51.046697222],[5.86737500000004,51.0461805560001],[5.87223888900007,51.0416250000001],[5.87462777800005,51.0391222220001],[5.87741111100007,51.0381194440001],[5.87808333300006,51.037447222],[5.87687500000004,51.0315694440001],[5.87459166700006,51.0292166670001],[5.87538333300006,51.0267694440001],[5.87665555600006,51.024616667],[5.87665277800005,51.0238805560001],[5.87891388900005,51.020619444],[5.87898055600004,51.0198750000001],[5.87853333300006,51.018661111],[5.87887222200004,51.0178388890001],[5.88426111100006,51.013386111],[5.88544722200004,51.0138166670001],[5.88834722200005,51.013475],[5.89271388900005,51.0123],[5.89563888900005,51.0110194440001],[5.89547500000003,51.004533333],[5.90551666700003,51.0021722220001],[5.90435277800003,50.9961388890001],[5.90373611100006,50.987205556],[5.89949722200004,50.9843472220001],[5.89566944400002,50.981352778],[5.89380277800007,50.9810972220001],[5.89259444400005,50.980308333],[5.89378333300004,50.979555556],[5.89566666700006,50.9773083330001],[5.89618333300007,50.9771027780001],[5.89680555600006,50.976486111],[5.89708611100002,50.9748666670001],[5.90242777800006,50.9745833330001],[5.90469444400003,50.974552778],[5.90560000000005,50.974722222],[5.91172777800006,50.9764111110001],[5.91558888900005,50.9778250000001],[5.91717222200003,50.978086111],[5.91855277800005,50.9777472220001],[5.92299166700008,50.9795472220001],[5.92765000000003,50.9822861110001],[5.93388611100005,50.9853555560001],[5.94200956000003,50.9862822260001],[5.95013333300005,50.9872083330001],[5.95518333300004,50.988419444],[5.95739166700002,50.985005556],[5.96088055600006,50.9831583330001],[5.96078611100006,50.983058333],[5.96501111100002,50.9809416670001],[5.96632500000004,50.9797722220001],[5.96757500000007,50.979397222],[5.96850833300005,50.9794277780001],[5.97393611100006,50.9805555560001],[5.97957500000007,50.982916667],[5.98135833300006,50.983219444],[5.98224166700004,50.9830694440001],[5.98422222200003,50.9821166670001],[5.99526924000003,50.982546412],[6.00631646300008,50.982975116],[6.01736388900002,50.983402778],[6.01722500000005,50.9836805560001],[6.01870000000002,50.9838194440001],[6.02293055600006,50.983272222],[6.02651111100005,50.983272222],[6.02689444400005,50.9816416670001],[6.02680277800005,50.9813111110001],[6.02264444400004,50.974022222],[6.02116388900004,50.9710055560001],[6.01945555600003,50.9689500000001],[6.01730833300007,50.9652750000001],[6.01520833300003,50.962366667],[6.01300000000003,50.9604],[6.01068611100004,50.9600333330001],[6.00908055600007,50.959486111],[6.00663888900004,50.9580583330001],[6.00519722200005,50.9567777780001],[6.01180000000005,50.9543027780001],[6.01685277800004,50.952644444],[6.01507777800003,50.947883333],[6.01664049900006,50.9412930660001],[6.01820277800005,50.934702778],[6.02839625400003,50.9327837770001],[6.03858888900004,50.9308638890001],[6.03979166700003,50.930852778],[6.04441388900005,50.9293416670001],[6.04500000000007,50.928958333],[6.04558333300002,50.9280805560001],[6.04719444400007,50.9284305560001],[6.04914722200004,50.929386111],[6.05087222200007,50.9299055560001],[6.05616111100005,50.9271555560001],[6.05402222200007,50.9222500000001],[6.06180833300004,50.9212388890001],[6.06296666700007,50.9220361110001],[6.06576666700005,50.9210138890001],[6.06818333300004,50.920655556],[6.07177500000006,50.9231333330001],[6.07746388900006,50.922586111],[6.08213333300006,50.921538889],[6.08383888900005,50.9209333330001],[6.08683055600005,50.919372222],[6.08943888900006,50.918525],[6.09016666700006,50.9195722220001],[6.09372777800007,50.9212305560001],[6.09416388900007,50.9207138890001],[6.09417222200005,50.9203138890001],[6.09347222200006,50.9190750000001],[6.09209166700003,50.917436111],[6.08933055600005,50.9162305560001],[6.08683611100003,50.9141000000001],[6.08677222200004,50.9130027780001],[6.08643611100007,50.912277778],[6.08240833300005,50.910119444],[6.08137777800005,50.9091750000001],[6.08046388900004,50.9075444440001],[6.07977777800005,50.9055916670001],[6.07975277800006,50.9051555560001],[6.08005000000003,50.9045750000001],[6.07983055600005,50.902913889],[6.07732500000003,50.8991722220001],[6.07731666700005,50.8969666670001],[6.07676944400004,50.8964444440001],[6.07644444400006,50.8952583330001],[6.07651111100006,50.894630556],[6.07612500000005,50.8945555560001],[6.07624444400005,50.8942555560001],[6.07580000000007,50.894075],[6.07583333300005,50.8936],[6.07525277800005,50.892844444],[6.07625277800003,50.892033333],[6.07613888900005,50.8915361110001],[6.07540833300004,50.891138889],[6.07539722200005,50.8904555560001],[6.07625000000007,50.8897055560001],[6.07643333300007,50.888977778],[6.07716111100007,50.8877583330001],[6.07768055600008,50.887538889],[6.07806944400005,50.887986111],[6.07853888900007,50.8877416670001],[6.07880000000006,50.8870277780001],[6.07918333300006,50.8867250000001],[6.07917222200007,50.8862722220001],[6.07946666700008,50.8861166670001],[6.07821666700005,50.8851722220001],[6.07860555600007,50.884930556],[6.07861111100004,50.8845055560001],[6.07883611100004,50.8843000000001],[6.07959166700005,50.884272222],[6.08000833300002,50.8839583330001],[6.07993333300004,50.8834833330001],[6.07922222200006,50.883369444],[6.07930833300003,50.8826472220001],[6.07987777800003,50.882391667],[6.08017500000005,50.8825444440001],[6.08040277800006,50.8830305560001],[6.08101111100007,50.882958333],[6.08266388900006,50.881375],[6.08391388900003,50.881108333],[6.08481111100002,50.880669444],[6.08501666700005,50.8801361110001],[6.08637500000003,50.8798166670001],[6.08689444400005,50.879147222],[6.08721666700006,50.878538889],[6.08694444400004,50.8779527780001],[6.08503888900003,50.876386111],[6.08633611100004,50.8751583330001],[6.08729166700004,50.8734138890001],[6.08810277800006,50.872427778],[6.08614166700005,50.871477778],[6.08658055600006,50.8709638890001],[6.08672222200005,50.8704472220001],[6.08654166700006,50.8693305560001],[6.08346666700004,50.8649361110001],[6.08105277800007,50.8645500000001],[6.08104166700002,50.8625638890001],[6.07782777800003,50.8611777780001],[6.07723888900006,50.8605805560001],[6.07570532500006,50.8535597320001],[6.07417222200007,50.846538889],[6.06312500000007,50.850252778],[6.06254722200003,50.8502],[6.06209444400002,50.850430556],[6.06094166700007,50.8505388890001],[6.06011944400007,50.850913889],[6.05673888900003,50.851077778],[6.05680277800008,50.851286111],[6.05659722200005,50.851311111],[6.05689444400002,50.8516222220001],[6.05675000000002,50.851869444],[6.05722222200006,50.852016667],[6.05693888900004,50.852994444],[6.05714722200003,50.854280556],[6.05701111100007,50.854463889],[6.05661666700007,50.854397222],[6.05665000000005,50.854952778],[6.05709444400003,50.8554500000001],[6.05699166700003,50.856033333],[6.05650833300007,50.8571305560001],[6.05518611100007,50.8572361110001],[6.05401944400006,50.856938889],[6.05225833300005,50.855533333],[6.05071111100006,50.8553027780001],[6.05028888900006,50.8548944440001],[6.05013611100003,50.854186111],[6.04755000000006,50.8535444440001],[6.04643055600008,50.852844444],[6.04516944400007,50.8526055560001],[6.04452222200007,50.8527083330001],[6.04391666700008,50.8524972220001],[6.04404444400006,50.8523027780001],[6.04380555600005,50.8519166670001],[6.04285555600006,50.85175],[6.04215277800006,50.8511972220001],[6.04010555600007,50.851127778],[6.03948055600006,50.8508583330001],[6.03763611100004,50.8510027780001],[6.03610555600005,50.850505556],[6.03357222200003,50.8503833330001],[6.03164444400005,50.8494111110001],[6.03173055600007,50.8493111110001],[6.02768611100004,50.8475583330001],[6.02605277800006,50.8472],[6.02562222200004,50.8477444440001],[6.02223611100004,50.846416667],[6.01893333300006,50.846261111],[6.01593055600006,50.838794444],[6.01843333300008,50.837327778],[6.01630833300004,50.833886111],[6.01876666700002,50.829666667],[6.02526666700004,50.827805556],[6.02271388900004,50.8266166670001],[6.02398888900007,50.825102778],[6.02470000000005,50.821597222],[6.02513611100005,50.821455556],[6.02576666700003,50.8208472220001],[6.02623055600003,50.8203694440001],[6.02630833300003,50.8199555560001],[6.02564166700006,50.8191833330001],[6.02372222200006,50.8184027780001],[6.02376666700007,50.818263889],[6.02210833300006,50.8168055560001],[6.02448888900005,50.815925],[6.02352500000006,50.8146444440001],[6.02496111100004,50.814030556],[6.01609166700007,50.8094833330001],[6.01480555600006,50.8085611110001],[6.01321666700005,50.8067694440001],[6.01007500000003,50.8039805560001],[6.00764722200006,50.8027638890001],[6.00363333300004,50.8014305560001],[5.99884722200005,50.8042611110001],[5.99508333300003,50.8058833330001],[5.99118055600007,50.8081888890001],[5.98553333300003,50.8106194440001],[5.98443611100004,50.8102527780001],[5.98131944400006,50.8086500000001],[5.98144722200004,50.808513889],[5.98025555600003,50.8072777780001],[5.98020000000002,50.8057944440001],[5.97870000000006,50.8046722220001],[5.97790000000003,50.8050638890001],[5.97682222200007,50.8034805560001],[5.97577500000006,50.802402778],[5.97540833300008,50.799930556],[5.97507777800007,50.7984555560001],[5.97482500000007,50.798061111],[5.97692222200004,50.797119444],[5.97718888900005,50.7966805560001],[5.97785000000005,50.796922222],[5.97835000000003,50.7965194440001],[5.97915555600002,50.7963472220001],[5.97909444400005,50.7960055560001],[5.97940833300004,50.7959666670001],[5.97923611100003,50.7958333330001],[5.97952222200007,50.7958583330001],[5.97966111100004,50.795597222],[5.98005833300004,50.795469444],[5.98017500000003,50.795138889],[5.98142777800007,50.795016667],[5.98169166700006,50.7952250000001],[5.98188333300004,50.7950138890001],[5.98211388900006,50.795227778],[5.98272777800003,50.7952222220001],[5.98315000000002,50.7948944440001],[5.98407777800003,50.7947583330001],[5.98448333300007,50.7949833330001],[5.98465000000004,50.7947361110001],[5.98510277800005,50.7947861110001],[5.98499444400005,50.7945638890001],[5.98518888900003,50.794555556],[5.98529444400003,50.794252778],[5.98555555600007,50.7944305560001],[5.98557222200003,50.7942444440001],[5.98583055600005,50.7942583330001],[5.98564444400006,50.7939277780001],[5.98595555600002,50.793830556],[5.98676388900003,50.793763889],[5.98747500000007,50.7940833330001],[5.98820277800007,50.794077778],[5.99464166700005,50.7905000000001],[5.99593055600008,50.7900527780001],[5.99587222200006,50.7874277780001],[5.99696388900003,50.787038889],[5.99706111100005,50.7867694440001],[5.99745833300005,50.786566667],[5.99846388900005,50.786963889],[5.99870555600006,50.786869444],[5.99946944400006,50.7863750000001],[5.99945000000002,50.7861361110001],[5.99987500000003,50.785786111],[5.99984166700006,50.7855500000001],[6.00016111100007,50.7855916670001],[6.00136944400003,50.784725],[6.00185833300003,50.7846388890001],[6.00212777800004,50.7842694440001],[6.00303888900004,50.784194444],[6.00546388900005,50.7833805560001],[6.00658333300004,50.7823000000001],[6.00645277800004,50.782186111],[6.00663055600006,50.781880556],[6.00705000000005,50.7819388890001],[6.00739166700004,50.7815805560001],[6.00957500000004,50.7809250000001],[6.00988611100007,50.7805083330001],[6.01054722200007,50.780427778],[6.01060833300005,50.780186111],[6.01205833300003,50.7802500000001],[6.01308611100006,50.7798916670001],[6.01342500000004,50.7794944440001],[6.01439444400006,50.779513889],[6.01563333300004,50.7788472220001],[6.01716111100006,50.7786333330001],[6.01771666700006,50.778205556],[6.01770833300003,50.7779861110001],[6.01892500000002,50.777683333],[6.01910555600006,50.7774138890001],[6.02019166700006,50.777105556],[6.02018611100004,50.7768750000001],[6.02056388900007,50.776827778],[6.02030000000002,50.7765055560001],[6.02221111100005,50.7759888890001],[6.02401944400003,50.7760500000001],[6.02510555600003,50.775541667],[6.02610833300002,50.7755333330001],[6.02630833300003,50.7752305560001],[6.02663888900003,50.7751416670001],[6.02671111100005,50.7748527780001],[6.02701111100004,50.774763889],[6.02718055600008,50.7742111110001],[6.02764722200004,50.7741472220001],[6.02780833300005,50.7734500000001],[6.02650833300004,50.772647222],[6.02354722200005,50.7693611110001],[6.02309722200005,50.768594444],[6.02271666700005,50.7685000000001],[6.02164722200007,50.7664694440001],[6.02038333300004,50.7653194440001],[6.01918611100007,50.7645666670001],[6.01836111100005,50.763358333],[6.01953333300003,50.758741667],[6.02100833300005,50.7542888890001],[6.01954166700006,50.7546861110001],[6.01743888900006,50.754930556],[6.01312500000006,50.7550694440001],[6.01185277800005,50.7546972220001],[6.00655555600002,50.754255556],[6.00448888900007,50.753805556],[6.00232777800005,50.7540277780001],[6.00001944400003,50.7532972220001],[5.99693888900003,50.753833333],[5.99321666700007,50.7528333330001],[5.99270833300005,50.753013889],[5.99040000000002,50.752919444],[5.98486111100004,50.7533611110001],[5.98334722200002,50.7528500000001],[5.97971388900004,50.7546361110001],[5.97689166700007,50.7545500000001],[5.97646666700007,50.754363889],[5.97412222200006,50.7551777780001],[5.97480833300006,50.756611111],[5.97519166700005,50.7579305560001],[5.97278333300005,50.7596500000001],[5.96969722200004,50.7605833330001],[5.96311666700007,50.761402778],[5.96123611100006,50.7614194440001],[5.96058611100005,50.7624500000001],[5.95849444400005,50.762297222],[5.95456111100003,50.7604416670001],[5.95335000000006,50.76005],[5.95155555600007,50.7604944440001],[5.94921666700003,50.760008333],[5.94645000000003,50.759758333],[5.94576666700004,50.7590361110001],[5.94518611100006,50.7587500000001],[5.94484722200002,50.7588138890001],[5.94430277800006,50.758463889],[5.94077222200002,50.757791667],[5.93884722200005,50.7579527780001],[5.93618055600007,50.756819444],[5.93580833300007,50.7570055560001],[5.93488611100003,50.756702778],[5.93252777800006,50.756611111],[5.93100833300002,50.7569194440001],[5.92145555600007,50.7513611110001],[5.92041388900003,50.7515472220001],[5.91646388900006,50.7504500000001],[5.91510277800006,50.750302778],[5.91478888900002,50.751994444],[5.91523055600004,50.753238889],[5.91541944400007,50.7547222220001],[5.91394722200005,50.754416667],[5.91358888900004,50.755325],[5.91371666700007,50.755763889],[5.91266944400007,50.755694444],[5.91068611100008,50.7551777780001],[5.90902500000004,50.7542611110001],[5.90858888900004,50.7546],[5.90821666700003,50.755697222],[5.90706111100008,50.755105556],[5.90608888900005,50.7554527780001],[5.90510000000006,50.755330556],[5.90335555600007,50.7540777780001],[5.90302777800002,50.7537194440001],[5.90350000000007,50.7534666670001],[5.90163333300006,50.751369444],[5.90144444400005,50.7513916670001],[5.89773888900004,50.752605556],[5.89592222200002,50.753869444],[5.89290277800006,50.7548444440001],[5.88971944400004,50.7563527780001],[5.88921111100007,50.7571194440001],[5.88914166700005,50.757630556],[5.89000833300003,50.759919444],[5.89004166700005,50.761680556],[5.88932777800005,50.7655333330001],[5.88777777800004,50.767761111],[5.88647777800003,50.7701555560001],[5.87585555600003,50.765436111],[5.87335000000007,50.7654138890001],[5.87241388900003,50.7651277780001],[5.86884722200006,50.7649277780001],[5.86489444400007,50.7636666670001],[5.86355000000003,50.763491667],[5.85998055600004,50.76185],[5.85245833300007,50.7575000000001],[5.84889722200006,50.7534444440001],[5.84808888900005,50.7554666670001],[5.84780833300005,50.7579638890001],[5.84596666700003,50.7621916670001],[5.84503055600004,50.7653527780001],[5.83948055600007,50.7639194440001],[5.83820277800004,50.7633888890001],[5.83323055600005,50.7605694440001],[5.83077222200006,50.758516667],[5.82633611100005,50.75895],[5.82224722200004,50.7587694440001],[5.82033055600004,50.7582861110001],[5.81757500000003,50.757138889],[5.81446666700003,50.7561694440001],[5.80884166700002,50.755911111],[5.80750277800007,50.756083333],[5.80710000000005,50.7563305560001],[5.80015380900005,50.7632752060001],[5.79320555600003,50.7702194440001],[5.78768333300007,50.7678250000001],[5.78450000000004,50.7671777780001],[5.78187777800002,50.771430556],[5.78135277800004,50.7713555560001],[5.77980000000002,50.774219444],[5.77811111100004,50.779447222],[5.77664444400006,50.78225],[5.77736388900007,50.782955556],[5.77357222200004,50.783244444],[5.76580833300005,50.7825361110001],[5.75957222200003,50.777963889],[5.75866111100004,50.7781444440001],[5.75800000000004,50.777186111],[5.75575833300007,50.775030556],[5.75460555600006,50.775144444],[5.75241944400005,50.7735027780001],[5.75161944400003,50.773463889],[5.75037500000008,50.771972222],[5.74825833300002,50.7712111110001],[5.74608611100007,50.7696527780001],[5.74623055600006,50.769405556],[5.74607500000008,50.7692138890001],[5.74488888900004,50.768808333],[5.74521666700002,50.768427778],[5.74439722200003,50.768005556],[5.74326944400002,50.7669861110001],[5.74053888900005,50.763030556],[5.74089722200006,50.7631250000001],[5.74120277800006,50.762897222],[5.74102777800005,50.762563889],[5.74120555600007,50.762313889],[5.74078333300002,50.762061111],[5.74040277800003,50.7614055560001],[5.74150555600005,50.761158333],[5.73915000000005,50.7570000000001],[5.73482500000006,50.757419444],[5.73289444400007,50.7572388890001],[5.73043888900003,50.757325],[5.73024722200006,50.757894444],[5.73033333300003,50.7582611110001],[5.72965000000005,50.7583083330001],[5.72653055600006,50.75935],[5.72401388900005,50.760908333],[5.72458611100006,50.7614611110001],[5.72362222200007,50.7619777780001],[5.72386111100008,50.762244444],[5.72233055600003,50.7627694440001],[5.72272777800003,50.7631638890001],[5.72215833300004,50.7634],[5.72279722200005,50.7638277780001],[5.72026666700003,50.7647166670001],[5.71953611100002,50.763411111],[5.71753055600004,50.7614333330001],[5.71561388900005,50.759880556],[5.71358333300003,50.7601333330001],[5.71373333300005,50.760711111],[5.71234722200006,50.761013889],[5.71216666700008,50.760502778],[5.71146388900007,50.7605],[5.71062777800006,50.760791667],[5.71021944400007,50.7597361110001],[5.70895277800003,50.7598888890001],[5.70864444400007,50.7589694440001],[5.70738055600003,50.758963889],[5.70706388900004,50.7583000000001],[5.70506666700004,50.7583472220001],[5.70253888900004,50.758913889],[5.70136388900005,50.756994444],[5.69941944400006,50.7554000000001],[5.69902222200005,50.755272222],[5.69789444400004,50.7553222220001],[5.69500555600007,50.7547555560001],[5.68847222200003,50.755713889],[5.68792777800007,50.7560611110001],[5.68811111100007,50.7567583330001],[5.68791666700002,50.756877778],[5.68779166700006,50.7575444440001],[5.68501388900006,50.757669444],[5.68428333300005,50.757497222],[5.68204444400004,50.757486111],[5.68211944400002,50.759705556],[5.68250555600002,50.7607],[5.68335000000008,50.761891667],[5.68552222200003,50.7639333330001],[5.68699444400005,50.7649166670001],[5.69245833300005,50.769341667],[5.69542222200005,50.7720972220001],[5.69777222200003,50.7755000000001],[5.70046111100004,50.7802722220001],[5.70107500000006,50.781747222],[5.70106388900007,50.783613889],[5.70037777800007,50.784936111],[5.69716388900002,50.7880555560001],[5.69480555600006,50.792397222],[5.69192500000003,50.7951722220001],[5.69135833300004,50.796447222],[5.69137500000005,50.797083333],[5.69214722200007,50.7983222220001],[5.69736111100002,50.80235],[5.69833055600003,50.8034805560001],[5.69866666700005,50.8041166670001],[5.69892222200002,50.8053166670001],[5.69850277800003,50.806633333],[5.69719722200006,50.8080833330001],[5.69417500000003,50.810244444],[5.69318055600007,50.810577778],[5.69264722200006,50.811144444],[5.69270833300004,50.811372222],[5.69168055600005,50.812125],[5.69150555600004,50.8118416670001],[5.68876666700004,50.8116305560001],[5.68860000000006,50.811872222],[5.68680555600002,50.8121166670001],[5.68690833300008,50.8123166670001],[5.68598611100003,50.8122250000001],[5.68591388900006,50.812494444],[5.68496944400005,50.812811111],[5.68435000000005,50.813422222],[5.68263888900003,50.8129500000001],[5.68175000000002,50.8122111110001],[5.68058888900003,50.8120305560001],[5.67993888900003,50.812563889],[5.67949166700004,50.814344444],[5.67844722200005,50.815063889],[5.67828055600006,50.8164694440001],[5.67314722200007,50.8160111110001],[5.67272777800002,50.8169500000001],[5.66966388900005,50.8172500000001],[5.66943611100004,50.8178333330001],[5.66807222200003,50.817736111],[5.66795555600004,50.816941667],[5.66768333300007,50.8165472220001],[5.66618055600003,50.816847222],[5.66610000000003,50.816952778],[5.66668888900006,50.8172611110001],[5.66553055600002,50.817233333],[5.66524166700003,50.817033333],[5.66385833300006,50.8172611110001],[5.66363333300006,50.8177694440001],[5.66322777800002,50.8180444440001],[5.65900000000005,50.818486111],[5.65400555600007,50.8200944440001],[5.65520000000004,50.8209583330001],[5.65432222200008,50.821266667],[5.65644722200005,50.8231666670001],[5.65550000000007,50.8237972220001],[5.65623333300005,50.824338889],[5.65182500000003,50.827525],[5.64922222200005,50.8263555560001],[5.64883888900005,50.826719444],[5.64887222200002,50.8270527780001],[5.65021388900004,50.828833333],[5.65030277800003,50.8298638890001],[5.65113888900004,50.831147222],[5.65136111100003,50.8320138890001],[5.65100000000007,50.8327722220001],[5.65001944400007,50.833905556],[5.64829444400004,50.833202778],[5.64801388900003,50.8349138890001],[5.64720555600007,50.835836111],[5.64747222200003,50.835927778],[5.64374722200006,50.8379305560001],[5.64534722200005,50.8394000000001],[5.64186944400006,50.8408000000001],[5.64280277800003,50.841458333],[5.64118611100002,50.842925],[5.64227777800005,50.843111111],[5.64056944400005,50.844711111],[5.63920277800003,50.8463944440001],[5.63890000000004,50.847725],[5.64071111100003,50.847738889],[5.64027222200002,50.8494916670001],[5.64265555600002,50.8501000000001],[5.64190833300006,50.8511444440001],[5.64176111100005,50.8525805560001],[5.64032777800003,50.8537416670001],[5.64350555600004,50.8567861110001],[5.64164722200007,50.857569444],[5.64381944400003,50.8588777780001],[5.64186388900004,50.8591750000001],[5.64196111100006,50.8595500000001],[5.64357222200005,50.860480556],[5.64224166700006,50.8613888890001],[5.64403333300004,50.8629500000001],[5.64164722200007,50.8641500000001],[5.64733888900003,50.8669472220001],[5.64950000000005,50.868352778],[5.64907777800005,50.868672222],[5.64781111100007,50.869094444],[5.64542777800006,50.870758333],[5.64415833300006,50.871355556],[5.64679166700006,50.873158333],[5.64788888900006,50.873725],[5.64858055600007,50.8733111110001],[5.65135000000004,50.8750694440001],[5.65334166700006,50.873947222],[5.65669444400004,50.876372222],[5.65741666700006,50.8762944440001],[5.65793055600005,50.8765861110001],[5.65869444400005,50.8761944440001],[5.66102500000005,50.877416667],[5.66066111100002,50.877733333],[5.66151111100004,50.878077778],[5.66170277800006,50.878661111],[5.66396944400003,50.8790277780001],[5.66671944400002,50.880063889],[5.66882500000003,50.8810750000001],[5.66963333300004,50.881825],[5.67195833300002,50.8811138890001],[5.67638055600003,50.8808777780001],[5.67671111100003,50.8804000000001],[5.67953611100006,50.880538889],[5.67930833300005,50.882127778],[5.67938055600007,50.883452778],[5.68027777800006,50.885422222],[5.68161388900006,50.887447222],[5.68338888900007,50.888927778],[5.68544166700002,50.8902694440001],[5.69079722200007,50.8928916670001],[5.69237777800004,50.8939083330001],[5.69497222200005,50.8968305560001],[5.69587222200005,50.898677778],[5.69646666700004,50.9007388890001],[5.69666111100003,50.9021611110001],[5.69622777800004,50.9066861110001],[5.69639444400002,50.907477778],[5.69684166700006,50.908311111],[5.69767222200005,50.909247222],[5.69941388900003,50.9103305560001],[5.70424166700008,50.911580556],[5.70752777800004,50.9116861110001],[5.71030277800003,50.9109361110001],[5.71350833300005,50.909061111],[5.71536388900006,50.908480556],[5.71796944400006,50.9080388890001],[5.72020555600005,50.908363889],[5.72157777800004,50.9088750000001],[5.72289722200003,50.9096250000001],[5.72445277800006,50.9110111110001],[5.72565000000003,50.912488889],[5.72658888900003,50.9143666670001],[5.72673333300003,50.9160666670001],[5.72611111100002,50.918830556],[5.72612500000003,50.9203416670001],[5.72703055600005,50.923058333],[5.72835555600005,50.925272222],[5.73306944400002,50.9300944440001],[5.73984722200004,50.934438889],[5.74098333300003,50.935405556],[5.74573055600007,50.9427138890001],[5.74589444400004,50.945633333],[5.74696666700004,50.9470555560001],[5.74803611100003,50.9477027780001],[5.75141388900005,50.9489055560001],[5.75678333300004,50.9500861110001],[5.75776666700006,50.950725],[5.75845000000004,50.9515222220001],[5.75875000000002,50.9523083330001],[5.75870000000003,50.9537083330001],[5.75790000000006,50.955169444],[5.75689444400007,50.9563166670001],[5.75482500000004,50.9581000000001],[5.75281944400007,50.9593],[5.75085000000007,50.960197222],[5.74870833300002,50.960844444],[5.74608888900002,50.9612805560001],[5.74398888900004,50.961047222],[5.74166666700006,50.960027778],[5.73909444400005,50.9578638890001],[5.73645833300003,50.956363889],[5.73251666700003,50.9555111110001],[5.72938333300004,50.9552833330001],[5.72627500000004,50.9556166670001],[5.72420833300004,50.9562638890001],[5.72292500000003,50.9569083330001],[5.72194166700007,50.9576750000001],[5.72073611100006,50.9594277780001],[5.72048333300006,50.9601361110001],[5.72061111100004,50.9617250000001],[5.72140277800003,50.963172222],[5.72195555600007,50.9638027780001],[5.72633888900003,50.967686111],[5.72904166700005,50.9698861110001],[5.73231111100006,50.9716194440001],[5.73404444400006,50.9730416670001],[5.73506388900006,50.9744666670001],[5.73564722200007,50.976483333],[5.73662222200005,50.977991667],[5.73870000000005,50.9792166670001],[5.74522500000006,50.980547222],[5.74715555600005,50.9811916670001],[5.74875000000003,50.982097222],[5.75022777800007,50.9832666670001],[5.75537222200006,50.9899638890001],[5.75656388900006,50.991158333],[5.75831388900002,50.9924111110001],[5.76332777800008,50.9953194440001],[5.76556944400005,50.9970638890001],[5.76645000000002,50.9981194440001],[5.76719444400004,50.9995500000001],[5.76736111100007,51.0012861110001],[5.76719444400004,51.0034694440001],[5.76651666700008,51.0063027780001],[5.76623055600004,51.0086111110001],[5.76647222200006,51.010422222],[5.76748055600007,51.012747222],[5.76817222200003,51.0137083330001],[5.77580277800007,51.0210111110001],[5.77629166700007,51.0219111110001],[5.77629166700007,51.023013889],[5.77560555600007,51.024616667],[5.77441666700003,51.026244444],[5.77323611100007,51.0270722220001],[5.77111388900005,51.027980556],[5.76816944400002,51.028861111],[5.76160833300003,51.029972222],[5.75932777800006,51.031033333],[5.75890000000004,51.031391667],[5.75841666700006,51.0322305560001],[5.75826388900003,51.033241667],[5.75838888900006,51.034444444],[5.75922777800002,51.035819444],[5.76541388900006,51.0417333330001],[5.76824140400004,51.0460361450001],[5.77106944400003,51.050338889],[5.77173055600002,51.0520277780001],[5.77249722200003,51.0559916670001],[5.77192222200006,51.0590611110001],[5.77202500000004,51.0604666670001],[5.77245000000005,51.061344444],[5.77346111100007,51.062294444],[5.77469166700007,51.062811111],[5.77580833300004,51.0629416670001],[5.77901666700006,51.062680556],[5.78325000000007,51.0615888890001],[5.78876388900005,51.0593277780001],[5.79205000000007,51.058741667],[5.79462500000005,51.0588805560001],[5.79763611100003,51.059547222],[5.79922500000004,51.060325],[5.80035833300008,51.061544444],[5.80088888900002,51.062838889],[5.80068888900007,51.0640083330001],[5.79968055600006,51.066241667],[5.79860833300006,51.0679166670001],[5.79796944400005,51.0696194440001],[5.79698611100002,51.0710722220001],[5.79697500000003,51.0723750000001],[5.79778055600002,51.0734833330001],[5.79970277800004,51.0750027780001],[5.80252500000006,51.0760777780001],[5.80393611100004,51.076944444],[5.80466388900004,51.0779277780001],[5.80470555600004,51.0790527780001],[5.80393888900005,51.080738889],[5.80274722200005,51.0823222220001],[5.80186666700007,51.083147222],[5.79886944400005,51.0852166670001],[5.79701666700004,51.086997222],[5.79604444400007,51.0882250000001],[5.79559444400007,51.089244444],[5.79553888900006,51.0898750000001],[5.79611388900003,51.091166667],[5.79776944400004,51.092502778],[5.80070833300005,51.0941222220001],[5.80457777800007,51.095411111],[5.80836666700003,51.096113889],[5.81060277800003,51.096058333],[5.81381388900007,51.095441667],[5.82114166700006,51.0926666670001],[5.82467500000007,51.0926111110001],[5.82634166700007,51.093166667],[5.82978611100003,51.0951944440001],[5.83135555600006,51.0965027780001],[5.83211111100007,51.0975250000001],[5.83320555600005,51.100136111],[5.83330833300005,51.1022833330001],[5.83278333300007,51.103958333],[5.83216944400004,51.1047361110001],[5.83076388900002,51.105827778],[5.82745555600007,51.1073916670001],[5.82466944400005,51.107966667],[5.82254444400007,51.1080666670001],[5.81632500000006,51.1077333330001],[5.81328333300007,51.1079722220001],[5.81108611100007,51.109077778],[5.80996944400005,51.109897222],[5.80897777800004,51.111077778],[5.80816388900007,51.1130694440001],[5.80822222200004,51.1138638890001],[5.80866944400003,51.115033333],[5.80993333300006,51.117602778],[5.81066666700002,51.1186555560001],[5.81202777800007,51.119741667],[5.81616111100004,51.1223000000001],[5.81983333300008,51.125541667],[5.82339166700007,51.1283361110001],[5.82571944400007,51.1294194440001],[5.82907500000005,51.130311111],[5.83394444400005,51.130697222],[5.83940000000007,51.1306472220001],[5.84057500000006,51.130977778],[5.84162222200007,51.131716667],[5.84291388900004,51.1333500000001],[5.84439722200005,51.138344444],[5.84664444400005,51.1406138890001],[5.84811388900005,51.1415555560001],[5.84936388900007,51.1420944440001],[5.85146111100005,51.1425305560001],[5.85370277800007,51.1435250000001],[5.85560555600006,51.1446888890001],[5.84908333300007,51.1476000000001],[5.84744444400008,51.1486694440001],[5.84561944400002,51.1490250000001],[5.84411111100007,51.1498750000001],[5.84377777800006,51.1502888890001],[5.84246666700005,51.15085],[5.84024722200007,51.1523861110001],[5.83639444400006,51.1536583330001],[5.83728611100003,51.155727778],[5.83763888900006,51.155652778],[5.83866111100002,51.157080556],[5.83590000000004,51.1575750000001],[5.83518333300003,51.158361111],[5.83428611100004,51.1586972220001],[5.83370555600004,51.1586694440001],[5.83291944400003,51.1590555560001],[5.83268055600007,51.1598777780001],[5.83316666700006,51.1608138890001],[5.83353333300005,51.161033333],[5.83270277800005,51.162425],[5.83216944400004,51.162452778],[5.83112222200003,51.163375],[5.82946111100006,51.1642416670001],[5.82841111100004,51.164197222],[5.82794722200003,51.1650888890001],[5.82754722200002,51.1653305560001],[5.82738055600004,51.1663083330001],[5.82550833300007,51.167413889],[5.82464444400006,51.1676833330001],[5.82007222200002,51.164952778],[5.81590555600008,51.162911111],[5.81553333300008,51.1614750000001],[5.81483055600006,51.161036111],[5.81462500000004,51.1596777780001],[5.81477500000005,51.158772222],[5.81388055600007,51.1587500000001],[5.81353055600005,51.1590972220001],[5.81342777800006,51.1588],[5.81083333300006,51.1604861110001],[5.80933888900006,51.161127778],[5.80630277800003,51.1628555560001],[5.80578333300002,51.1624555560001],[5.80486666700006,51.162794444],[5.80308055600005,51.161430556],[5.80210555600007,51.1609611110001],[5.80252222200005,51.1601944440001],[5.80220833300007,51.1600111110001],[5.80269722200006,51.1595611110001],[5.79938055600007,51.1579944440001],[5.79798055600003,51.1577694440001],[5.79783055600006,51.157580556],[5.79614166700003,51.1571805560001],[5.79424166700005,51.157422222],[5.79208333300005,51.157011111],[5.78901944400008,51.155502778],[5.78759444400004,51.1552083330001],[5.78665833300005,51.154752778],[5.78482500000007,51.1530388890001],[5.78183888900003,51.1521111110001],[5.77888055600005,51.1516638890001],[5.77867777800003,51.1514583330001],[5.77766111100004,51.151258333],[5.77663055600004,51.154419444],[5.77484166700003,51.1547027780001],[5.77713888900007,51.1574305560001],[5.77644166700003,51.1577083330001],[5.77944722200004,51.159369444],[5.77937222200006,51.163202778],[5.77829166700008,51.163163889],[5.77776111100007,51.162505556],[5.77597500000007,51.1630638890001],[5.77682500000003,51.1632416670001],[5.77637222200002,51.1653111110001],[5.77421388900007,51.1652500000001],[5.77457500000003,51.1638305560001],[5.77316944400008,51.1644138890001],[5.77132500000005,51.164341667],[5.77089722200003,51.164088889],[5.77018611100004,51.1641888890001],[5.76954444400008,51.169147222],[5.77015277800007,51.1700638890001],[5.77145277800003,51.170122222],[5.77195555600002,51.169608333],[5.77246944400002,51.1696388890001],[5.77325555600004,51.1699750000001],[5.77740000000006,51.1708083330001],[5.77973888900004,51.171791667],[5.77891111100007,51.172238889],[5.77359444400003,51.172730556],[5.77336944400002,51.1731361110001],[5.77295555600006,51.173363889],[5.77436111100008,51.1747638890001],[5.77545555600005,51.1768138890001],[5.77674722200004,51.1785],[5.76779980200007,51.183335744],[5.78091831900002,51.183351267],[5.79403664600005,51.183364956],[5.80715498000006,51.1833771780001],[5.82027332100006,51.1833879340001],[5.83339166700006,51.1833972220001],[5.84741860300005,51.183405603],[5.86144554400005,51.183412306],[5.87547248800007,51.1834173330001],[5.88949943400007,51.1834206820001],[5.90352638300004,51.1834223540001],[5.91755333100002,51.1834223540001],[5.93158028000005,51.1834206660001],[5.94560722600005,51.1834173070001],[5.95963417000007,51.1834122700001],[5.97366111100007,51.1834055560001],[5.97099567100003,51.191567574],[5.96832928600003,51.1997295310001],[5.96566195600008,51.207891428],[5.96299368100006,51.216053264],[5.96032445900005,51.2242150390001],[5.95765429100004,51.232376753],[5.95498317500005,51.240538407],[5.95231111100003,51.2487],[5.96524760300002,51.2484441940001],[5.97818395100006,51.248186961],[5.99112015400004,51.247928303],[6.00405621100003,51.24766822],[6.01699212100004,51.2474067100001],[6.02992788400007,51.247143775],[6.04286349900002,51.246879414],[6.05579896400008,51.246613628],[6.06873427900007,51.2463464160001],[6.08165614200004,51.2460780540001],[6.07913575400005,51.245091846],[6.07265555600003,51.2425555560001],[6.07810230300004,51.2348362370001],[6.08354722200005,51.2271166670001],[6.08602500000006,51.2226694440001],[6.08359444400003,51.222041667],[6.08096388900003,51.222447222],[6.07325833300007,51.222436111],[6.07069444400003,51.2220861110001],[6.06798888900005,51.2205500000001],[6.06846666700005,51.2133527780001],[6.06949444400004,51.213213889],[6.07040739600006,51.205609038],[6.07132004700003,51.198004181],[6.07223239600006,51.190399316],[6.07314444400004,51.1827944440001],[6.07851388900002,51.1771944440001],[6.08218888900007,51.171633333],[6.08784166700002,51.1709666670001],[6.08808333300004,51.1707666670001],[6.08886666700005,51.1707305560001],[6.08922777800007,51.1709638890001],[6.08893333300006,51.170561111],[6.08958611100007,51.1705944440001],[6.08966944400004,51.1704],[6.09086666700006,51.1705000000001],[6.09094166700004,51.1708166670001],[6.09143888900007,51.1707805560001],[6.09141111100007,51.1705944440001],[6.09165833300005,51.1705277780001],[6.09200277800005,51.1705944440001]]]},"properties":{"Name":"MAASTRICHT TMA 2","Designator":"EHBK2B","Type":"TMA","LocalType":"TMA","UpperLimit":195,"LowerLimit":95,"UpperLimitUnit":"FL","LowerLimitUnit":"FL","Class":"B","name":"MAASTRICHT TMA 2"}},{"type":"Feature","geometry":{"type":"Polygon","coordinates":[[[4.11799166700007,52.9001805560001],[4.13022792500004,52.8951991530001],[4.14246137000004,52.890216492],[4.15469200200005,52.8852325760001],[4.16691982200007,52.8802474030001],[4.17914483100003,52.8752609750001],[4.19136702900005,52.870273291],[4.20358641700005,52.865284354],[4.21580299400006,52.8602941620001],[4.22801676100005,52.855302717],[4.24022771900007,52.8503100190001],[4.25243586900007,52.845316069],[4.26464121000004,52.8403208670001],[4.27684374300003,52.8353244140001],[4.28904346800005,52.8303267100001],[4.30124038700006,52.825327755],[4.31343449900004,52.820327551],[4.32562580500007,52.8153260970001],[4.33781430500005,52.8103233950001],[4.35000000000002,52.8053194440001],[4.34433829000005,52.797323373],[4.33867866200006,52.7893270320001],[4.33302111400008,52.7813304220001],[4.32736564500004,52.773333543],[4.32171225300004,52.7653363960001],[4.31606093700003,52.7573389790001],[4.31041169600007,52.7493412950001],[4.30476452900007,52.7413433420001],[4.29911943500002,52.7333451210001],[4.29347641100003,52.725346632],[4.28783545700003,52.717347875],[4.28219657100004,52.7093488510001],[4.27655975300007,52.7013495590001],[4.27092500000003,52.6933500000001],[4.26517948800006,52.6851897860001],[4.25943612300006,52.6770292950001],[4.25369490400004,52.668868526],[4.24795582900003,52.66070748],[4.24221889600005,52.6525461570001],[4.23648410500005,52.6443845570001],[4.23075145400003,52.6362226800001],[4.22502094100003,52.6280605260001],[4.21929256600004,52.619898096],[4.21356632600003,52.61173539],[4.20784222100002,52.603572408],[4.20212025000006,52.5954091500001],[4.19640041000002,52.5872456170001],[4.19068270100007,52.5790818080001],[4.18496712100006,52.570917724],[4.17925366800006,52.562753365],[4.17354234300007,52.55458873],[4.16783314200006,52.5464238220001],[4.16212606500005,52.5382586380001],[4.15642111100004,52.5300931800001],[4.15071827700007,52.521927448],[4.14501756400006,52.5137614430001],[4.13931896800005,52.5055951630001],[4.13362249000005,52.49742861],[4.12792812800006,52.4892617830001],[4.12223588000006,52.481094683],[4.11654574500005,52.47292731],[4.11085772200005,52.464759664],[4.10517180900007,52.456591745],[4.09948800500007,52.448423554],[4.09380630900006,52.4402550900001],[4.08812671900006,52.4320863550001],[4.08244923400002,52.423917347],[4.07677385300002,52.415748067],[4.07110057400007,52.4075785160001],[4.06542939700006,52.399408694],[4.05976031900002,52.3912386000001],[4.05409333900008,52.3830682350001],[4.04842845700006,52.3748975990001],[4.04276567000005,52.366726693],[4.03710497800006,52.3585555160001],[4.03144637800006,52.350384068],[4.02578987100003,52.3422123510001],[4.02013545400007,52.334040363],[4.01448312600007,52.325868106],[4.00883288600005,52.317695579],[4.00318473300007,52.309522782],[3.99753866400005,52.3013497170001],[3.99189468000003,52.2931763820001],[3.98625277800005,52.285002778],[3.97176265400003,52.28535185],[3.95727230100005,52.285699149],[3.94278172300005,52.286044674],[3.92829091800007,52.286388426],[3.91379989000006,52.2867304040001],[3.89930863800004,52.2870706090001],[3.88481716500007,52.2874090400001],[3.87032547000007,52.287745697],[3.85583355600005,52.288080581],[3.84134142300007,52.2884136910001],[3.82684907300006,52.2887450270001],[3.81235650700006,52.2890745890001],[3.79786372600006,52.289402377],[3.78337073100005,52.289728392],[3.76887752300007,52.290052632],[3.75438410300006,52.290375098],[3.73989047400005,52.2906957910001],[3.72539663400005,52.2910147090001],[3.71090258700002,52.291331852],[3.69640833300002,52.2916472220001],[3.70202793900006,52.299880542],[3.70764963400006,52.3081135950001],[3.71327342100005,52.3163463810001],[3.71889930100002,52.3245789000001],[3.72452727500007,52.332811152],[3.73015734400002,52.3410431360001],[3.73578950900003,52.3492748530001],[3.74142377300007,52.3575063010001],[3.74706013600007,52.365737482],[3.75269859900004,52.373968394],[3.75833916500005,52.3821990380001],[3.76398183400005,52.390429414],[3.76962660700002,52.3986595200001],[3.77527348700005,52.4068893580001],[3.78092247400002,52.415118927],[3.78657356900004,52.423348226],[3.79222677500007,52.4315772560001],[3.79788209200007,52.439806016],[3.80353952200005,52.4480345060001],[3.80919906600008,52.456262726],[3.81486072500007,52.4644906760001],[3.82052450200007,52.472718356],[3.82619039600007,52.4809457650001],[3.83185841000005,52.489172904],[3.83752854500005,52.4973997710001],[3.84320080200007,52.505626367],[3.84887518200003,52.5138526920001],[3.85455168700003,52.522078746],[3.86023031900004,52.530304528],[3.86591107800007,52.538530038],[3.87159396700002,52.5467552760001],[3.87727898500003,52.5549802420001],[3.88296613600005,52.563204935],[3.88865541900003,52.5714293560001],[3.89434683700006,52.5796535040001],[3.90004039100006,52.5878773790001],[3.90573608200003,52.5961009810001],[3.91143391100007,52.60432431],[3.91713388100004,52.6125473650001],[3.92283599200005,52.620770147],[3.92854024500002,52.6289926540001],[3.93424664200006,52.6372148880001],[3.93995518500003,52.645436847],[3.94566587400004,52.6536585320001],[3.95137871200006,52.661879943],[3.95709369900004,52.6701010780001],[3.96281083700006,52.6783219390001],[3.96853012800005,52.6865425240001],[3.97425157200007,52.6947628340001],[3.97997517100004,52.702982869],[3.98570092600005,52.7112026280001],[3.99142884000003,52.719422111],[3.99715891200003,52.7276413180001],[4.00289114500004,52.735860249],[4.00862554000003,52.7440789030001],[4.01436209800005,52.7522972800001],[4.02010082200007,52.7605153810001],[4.02584171100006,52.768733205],[4.03158476700003,52.7769507510001],[4.03732999300007,52.7851680200001],[4.04307738900008,52.793385012],[4.04882695600003,52.8016017250001],[4.05457869700007,52.8098181610001],[4.06033261200002,52.818034319],[4.06608870300005,52.8262501980001],[4.07184697100007,52.834465799],[4.07760741800007,52.8426811210001],[4.08337004500004,52.8508961640001],[4.08913485400006,52.8591109280001],[4.09490184500004,52.8673254130001],[4.10067102100004,52.8755396190001],[4.10644238200007,52.8837535440001],[4.11221593000005,52.8919671900001],[4.11799166700007,52.9001805560001]]]},"properties":{"Name":"SCHIPHOL TMA 2","Designator":"EHAM2A","Type":"TMA","LocalType":"TMA","UpperLimit":55,"LowerLimit":3500,"UpperLimitUnit":"FL","LowerLimitUnit":"FT","Class":"A","name":"SCHIPHOL TMA 2"}},{"type":"Feature","geometry":{"type":"Polygon","coordinates":[[[3.86873888900004,51.595611111],[3.87785959200005,51.6023386370001],[3.88698299800006,51.6090654560001],[3.89610910800008,51.615791567],[3.90523792300007,51.622516971],[3.91436944400004,51.629241667],[3.92630958500007,51.626884508],[3.93824848500003,51.6245261390001],[3.95018614400004,51.6221665580001],[3.96212256000007,51.619805768],[3.97405773500003,51.6174437670001],[3.98599166700006,51.6150805560001],[3.99827830100003,51.617691945],[4.01056634900004,51.6203020510001],[4.02285580900002,51.6229108740001],[4.03514668300005,51.6255184140001],[4.04743897000003,51.6281246710001],[4.05973266800004,51.630729644],[4.07202777800006,51.6333333330001],[4.08529166700004,51.6333340800001],[4.09855555600006,51.6333333330001],[4.10766934900005,51.626657187],[4.11678045900004,51.619980335],[4.12588888900007,51.613302778],[4.13902072400003,51.614229976],[4.15215309600006,51.615155708],[4.16528600300006,51.616079976],[4.17841944400004,51.617002778],[4.18309468500007,51.6113353710001],[4.18776876000004,51.6056677780001],[4.19244166700003,51.6000000000001],[4.20664179100004,51.6000239850001],[4.22084193000006,51.600046256],[4.23504208100007,51.600066815],[4.24924224600005,51.60008566],[4.26344242100004,51.600102792],[4.27764260700008,51.6001182110001],[4.29184280200008,51.6001319160001],[4.30604300400006,51.6001439090001],[4.32024321400007,51.600154188],[4.33444343000002,51.6001627540001],[4.34864365000004,51.6001696070001],[4.36284387500007,51.6001747460001],[4.37704410100002,51.6001781730001],[4.39124433000006,51.600179886],[4.40544455900005,51.600179886],[4.41964478800003,51.6001781730001],[4.43384501400004,51.6001747460001],[4.44804523900007,51.6001696070001],[4.46224545900003,51.6001627540001],[4.47644567500004,51.600154188],[4.49064588500005,51.6001439090001],[4.50484608700003,51.6001319160001],[4.51904628200003,51.6001182110001],[4.53324646800007,51.600102792],[4.54744664300006,51.60008566],[4.56164680800003,51.600066815],[4.57584695900005,51.600046256],[4.59004709800007,51.6000239850001],[4.60424722200003,51.6000000000001],[4.59803116800003,51.5919848840001],[4.59181730800003,51.583969439],[4.58560563900005,51.575953666],[4.57939616100003,51.5679375660001],[4.57318887200006,51.559921138],[4.56698377200007,51.5519043830001],[4.56078085800004,51.5438873000001],[4.55458012900004,51.5358698910001],[4.54838158500007,51.5278521550001],[4.54218522300005,51.5198340920001],[4.53599104300002,51.5118157030001],[4.52979904300003,51.503796988],[4.52360922200006,51.4957779480001],[4.51742157800004,51.487758581],[4.51123611100007,51.479738889],[4.51123263400007,51.4797747220001],[4.49956908000007,51.47864309],[4.48668611100004,51.4773916670001],[4.48004166700002,51.478244444],[4.47607777800005,51.478163889],[4.47182222200007,51.476391667],[4.46849444400004,51.474066667],[4.46803333300005,51.4733944440001],[4.46729166700004,51.4729305560001],[4.46670277800007,51.4719777780001],[4.46585833300003,51.4715138890001],[4.45699722200004,51.469777778],[4.44971519000006,51.469229392],[4.44243333300005,51.468680556],[4.43089664200005,51.4648105960001],[4.41936190700005,51.4609395050001],[4.40782912900005,51.4570672830001],[4.39629830900003,51.4531939290001],[4.38476944400003,51.4493194440001],[4.38266111100006,51.4501805560001],[4.38150277800003,51.4483083330001],[4.37976944400003,51.447722222],[4.37928611100006,51.4467333330001],[4.38664722200002,51.4451777780001],[4.38785277800002,51.4454777780001],[4.38808888900007,51.4452277780001],[4.39215000000007,51.446294444],[4.39310555600002,51.4451777780001],[4.39666388900002,51.4419222220001],[4.39701944400002,51.4408472220001],[4.39564166700006,51.4398694440001],[4.39517777800006,51.4380472220001],[4.39533055600003,51.436675],[4.39567500000004,51.4366444440001],[4.39544166700006,51.435525],[4.39891388900003,51.435269444],[4.39720000000005,51.4315611110001],[4.39259166700003,51.4327555560001],[4.39233611100002,51.431355556],[4.39455833300002,51.4314805560001],[4.39423611100005,51.4295333330001],[4.39468611100006,51.4287277780001],[4.39449444400003,51.42805],[4.39535000000006,51.427561111],[4.39515000000006,51.4269055560001],[4.39135833300003,51.4273805560001],[4.39048611100003,51.4242972220001],[4.38975277800006,51.4244694440001],[4.38365000000005,51.421052778],[4.38763666700004,51.4146792340001],[4.39162222200002,51.4083055560001],[4.39964300600008,51.401640538],[4.40766145300006,51.394974974],[4.41567756300003,51.3883088630001],[4.42369133700004,51.381642205],[4.43170277800004,51.3749750000001],[4.42540555600004,51.3713388890001],[4.42793333300006,51.3696416670001],[4.42986666700006,51.367425],[4.43123888900004,51.3649361110001],[4.43146944400007,51.3639250000001],[4.42211944400003,51.365219444],[4.41049060600005,51.3610422420001],[4.39886388900004,51.3568638890001],[4.39388055600006,51.3555916670001],[4.38984722200007,51.3553166670001],[4.38470833300005,51.3543666670001],[4.38424166700003,51.3552250000001],[4.37885277800007,51.3548916670001],[4.36983055600007,51.3567],[4.36824166700006,51.3560305560001],[4.36763055600005,51.3568138890001],[4.36661111100005,51.3572083330001],[4.36316111100007,51.3573250000001],[4.35470277800005,51.3580666670001],[4.35318888900002,51.358019444],[4.35323055600003,51.358177778],[4.35092500000007,51.358269444],[4.35086944400007,51.358697222],[4.34886666700004,51.358547222],[4.34352777800007,51.3576027780001],[4.34112500000003,51.3575527780001],[4.33892656900002,51.3642491150001],[4.33672749500005,51.370945412],[4.33452777800005,51.377641667],[4.32027073900002,51.3773383650001],[4.30601388900004,51.377033333],[4.29337941600005,51.376587806],[4.28074519000006,51.3761409200001],[4.26811121000003,51.375692675],[4.25547747900004,51.375243072],[4.24284399500004,51.37479211],[4.23021076200007,51.3743397900001],[4.21757777800002,51.373886111],[4.21993055600007,51.368325],[4.22206944400006,51.3645111110001],[4.22674722200003,51.3597611110001],[4.23439909500007,51.3568655270001],[4.24205000000006,51.353969444],[4.23360482500004,51.3471857580001],[4.22516215000007,51.3404014650001],[4.21672197400005,51.3336165650001],[4.20828429600004,51.326831059],[4.19984911400007,51.320044947],[4.19141642800003,51.313258229],[4.18298623700002,51.3064709060001],[4.17455853900003,51.299682977],[4.16613333300006,51.2928944440001],[4.15977777800003,51.2902194440001],[4.14868793600004,51.2852109500001],[4.13760051300005,51.280201409],[4.12651550900006,51.27519082],[4.11543292200002,51.2701791850001],[4.11406217200005,51.269559056],[4.11408888900007,51.2695000000001],[4.10119027600007,51.2723832410001],[4.08829004400008,51.275265065],[4.07538819400003,51.27814547],[4.06248472600004,51.281024458],[4.04957964100004,51.2839020280001],[4.03667294000007,51.2867781780001],[4.02376462200004,51.28965291],[4.01085468800005,51.292526222],[3.99794313900003,51.2953981150001],[3.98502997400004,51.298268588],[3.97211519500007,51.30113764],[3.95919880200006,51.304005272],[3.94628079500006,51.3068714830001],[3.93336117500007,51.3097362720001],[3.92043994200003,51.31259964],[3.90751709600005,51.315461586],[3.89459263900005,51.3183221100001],[3.88166656900006,51.3211812110001],[3.86873888900004,51.3240388890001],[3.86873888900004,51.595611111]]]},"properties":{"Name":"NIEUW MILLIGEN TMA G1","Designator":"EHMCG1E","Type":"TMA","LocalType":"TMA","UpperLimit":55,"LowerLimit":1500,"UpperLimitUnit":"FL","LowerLimitUnit":"FT","Class":"E","name":"NIEUW MILLIGEN TMA G1"}},{"type":"Feature","geometry":{"type":"Polygon","coordinates":[[[5.44932222200003,51.6850972220001],[5.46211570400004,51.6810560700001],[5.47490690200004,51.677013528],[5.48769581700003,51.6729695980001],[5.50048244800007,51.6689242790001],[5.51326679500005,51.6648775720001],[5.52604885700003,51.660829477],[5.53882863600006,51.6567799950001],[5.55160613100003,51.652729127],[5.56438134200005,51.6486768720001],[5.57715426900006,51.6446232320001],[5.58992491100003,51.6405682060001],[5.60269326900004,51.636511795],[5.61545934400004,51.6324540000001],[5.62822313300006,51.62839482],[5.64098463900007,51.624334257],[5.65374386000002,51.6202723110001],[5.66650079700003,51.616208983],[5.67925544900004,51.6121442720001],[5.69200781700005,51.6080781790001],[5.70475790100005,51.6040107050001],[5.71750570000006,51.5999418500001],[5.73025121400002,51.5958716150001],[5.74299444400003,51.5918],[5.75227122700005,51.585968956],[5.76154562900007,51.5801371810001],[5.77081765100007,51.5743046760001],[5.78008729400005,51.5684714400001],[5.78935455800007,51.562637474],[5.79861944400005,51.5568027780001],[5.79942954600006,51.54786548],[5.80023933000007,51.5389281760001],[5.80104879500004,51.529990866],[5.80185794300007,51.5210535510001],[5.80266677400004,51.5121162300001],[5.80347528700003,51.503178904],[5.80428348300006,51.4942415720001],[5.80509136300003,51.4853042340001],[5.80589892500006,51.476366892],[5.80670617100003,51.467429543],[5.80751310200003,51.458492189],[5.80831971600003,51.4495548290001],[5.80912601400007,51.4406174640001],[5.80993199700004,51.4316800940001],[5.81073766500003,51.4227427180001],[5.81154301700008,51.4138053360001],[5.81234805500003,51.404867949],[5.81315277800007,51.3959305560001],[5.79958896900007,51.393319481],[5.78602670800007,51.3907068400001],[5.77246599700004,51.3880926350001],[5.75890683500006,51.3854768640001],[5.74534922400005,51.382859529],[5.73179316400007,51.3802406290001],[5.71823865600004,51.377620166],[5.70468570000003,51.3749981390001],[5.69113429700008,51.372374549],[5.67758444700007,51.369749396],[5.66403615100006,51.3671226810001],[5.65048941000003,51.364494403],[5.63694422500004,51.361864563],[5.62340059500002,51.3592331620001],[5.60985852100004,51.3566001990001],[5.59631800500006,51.353965676],[5.58277904600004,51.3513295920001],[5.56924164600002,51.3486919470001],[5.55570580400007,51.346052743],[5.54217152200005,51.3434119790001],[5.52863880000007,51.3407696560001],[5.51510763900006,51.3381257730001],[5.50157803800005,51.335480332],[5.48805000000004,51.3328333330001],[5.47874528000006,51.3270160530001],[5.46944292000006,51.321198037],[5.46014292100006,51.315379283],[5.45084528000007,51.3095597940001],[5.44154999700004,51.303739568],[5.43225707200003,51.297918607],[5.42296650300005,51.2920969100001],[5.41367829000006,51.286274479],[5.40439243200007,51.2804513130001],[5.39510892800007,51.274627412],[5.38582777800002,51.2688027780001],[5.38582778400007,51.268802813],[5.38361154000006,51.269197831],[5.37110797900004,51.271424886],[5.35860320600005,51.2736506090001],[5.34609722200003,51.275875],[5.34593611100007,51.2752972220001],[5.34605000000005,51.275119444],[5.34551388900007,51.2748194440001],[5.34579444400003,51.2748250000001],[5.34583888900005,51.2746277780001],[5.34564166700005,51.27455],[5.34578888900006,51.2744750000001],[5.34552777800008,51.2740000000001],[5.34634166700005,51.2730500000001],[5.34611666700005,51.2728472220001],[5.34596666700003,51.2721861110001],[5.34557500000005,51.272036111],[5.34501944400006,51.2710138890001],[5.34425000000005,51.2702972220001],[5.34405555600006,51.2698333330001],[5.34344722200007,51.2693555560001],[5.34296111100002,51.2694611110001],[5.34313888900004,51.2685416670001],[5.34273611100002,51.2672972220001],[5.34279722200006,51.2665500000001],[5.34258611100006,51.265713889],[5.34153888900005,51.2658277780001],[5.34042222200003,51.2646111110001],[5.33647777800007,51.2630694440001],[5.32620144100002,51.263304616],[5.31592500000005,51.2635388890001],[5.30598172800006,51.2625393100001],[5.29603888900004,51.2615388890001],[5.28508324400002,51.263295467],[5.27412676300003,51.2650510230001],[5.26316944400003,51.2668055560001],[5.25054091800007,51.2640798460001],[5.23791388900003,51.2613527780001],[5.23194350500006,51.264809874],[5.22597222200005,51.268266667],[5.22918285200006,51.2751514330001],[5.23239444400002,51.2820361110001],[5.23565167700002,51.289792683],[5.23891001000004,51.2975491650001],[5.24216944400007,51.3053055560001],[5.23535000000004,51.3079500000001],[5.22363768800005,51.3128511690001],[5.21192287300005,51.3177511690001],[5.20020555600007,51.3226500000001],[5.19653888900007,51.320394444],[5.19078055600005,51.320061111],[5.18117500000005,51.3178888890001],[5.17307500000004,51.3157833330001],[5.16266666700005,51.3103222220001],[5.15322755900007,51.3120424250001],[5.14378774500005,51.3137618700001],[5.13434722200003,51.3154805560001],[5.13368298200004,51.323368756],[5.13301851300002,51.331256952],[5.13235381500004,51.339145145],[5.13168888900003,51.3470333330001],[5.12478888900006,51.3512027780001],[5.11952222200006,51.355602778],[5.11653611100007,51.3611361110001],[5.10747068300003,51.367608067],[5.09840269200004,51.374079323],[5.08933213800003,51.3805498790001],[5.08025901900004,51.387019734],[5.07118333300002,51.3934888890001],[5.07717564800004,51.400670598],[5.08316984500004,51.407852001],[5.08916592500003,51.415033098],[5.09516388900005,51.422213889],[5.09988702700002,51.4267917620001],[5.10461111100005,51.431369444],[5.09953574700006,51.439293772],[5.09445862200005,51.44721788],[5.08937973400003,51.4551417690001],[5.08720728000003,51.4585298810001],[5.08720833300004,51.458530556],[5.09721841200007,51.4648390780001],[5.10723125900006,51.4711467480001],[5.11724687500003,51.4774535650001],[5.12726526000006,51.4837595290001],[5.13728641700004,51.4900646390001],[5.14731034600004,51.4963688940001],[5.15733704700006,51.5026722950001],[5.16736652300006,51.5089748410001],[5.17739877400004,51.515276532],[5.18743380000006,51.521577366],[5.19747160400004,51.527877345],[5.20751218600003,51.5341764660001],[5.21755554700007,51.54047473],[5.22760168800005,51.5467721370001],[5.23765061000006,51.553068685],[5.24770231400004,51.559364375],[5.25775680200007,51.5656592060001],[5.26781407300007,51.5719531780001],[5.27787413000004,51.57824629],[5.28793697300006,51.584538541],[5.29800260400003,51.5908299320001],[5.30807102200004,51.5971204620001],[5.31814223000003,51.603410131],[5.32821622800003,51.6096989370001],[5.33829301800006,51.615986881],[5.34837260000006,51.6222739620001],[5.35845497500003,51.6285601800001],[5.36854014500005,51.6348455340001],[5.37862811000002,51.6411300240001],[5.38871887100004,51.64741365],[5.39881243000002,51.6536964100001],[5.40890878700003,51.659978305],[5.41900794400004,51.6662593340001],[5.42910990200005,51.6725394970001],[5.43921466100005,51.6788187930001],[5.44932222200003,51.6850972220001]]]},"properties":{"Name":"EINDHOVEN TMA 1","Designator":"EHEH1C","Type":"TMA","LocalType":"TMA","UpperLimit":65,"LowerLimit":1500,"UpperLimitUnit":"FL","LowerLimitUnit":"FT","Class":"C","name":"EINDHOVEN TMA 1"}},{"type":"Feature","geometry":{"type":"Polygon","coordinates":[[[3.69640833300002,52.2916472220001],[3.71090258700002,52.291331852],[3.72539663400005,52.2910147090001],[3.73989047400005,52.2906957910001],[3.75438410300006,52.290375098],[3.76887752300007,52.290052632],[3.78337073100005,52.289728392],[3.79786372600006,52.289402377],[3.81235650700006,52.2890745890001],[3.82684907300006,52.2887450270001],[3.84134142300007,52.2884136910001],[3.85583355600005,52.288080581],[3.87032547000007,52.287745697],[3.88481716500007,52.2874090400001],[3.89930863800004,52.2870706090001],[3.91379989000006,52.2867304040001],[3.92829091800007,52.286388426],[3.94278172300005,52.286044674],[3.95727230100005,52.285699149],[3.97176265400003,52.28535185],[3.98625277800005,52.285002778],[3.98054312800002,52.27672735],[3.97483561000007,52.2684516460001],[3.96913022300004,52.2601756670001],[3.96342696400006,52.251899414],[3.95772583400003,52.243622885],[3.95202683000002,52.235346082],[3.94632995000006,52.227069005],[3.94063519500003,52.218791654],[3.93494256200006,52.2105140290001],[3.92925205000006,52.2022361300001],[3.92356365700005,52.1939579570001],[3.91787738300008,52.185679511],[3.91219322500007,52.1774007910001],[3.90651118300002,52.169121799],[3.90083125600006,52.160842534],[3.89515344100005,52.152562996],[3.88947773800004,52.1442831850001],[3.88380414500006,52.1360031030001],[3.87813266000006,52.1277227480001],[3.87246328400005,52.1194421210001],[3.86679601300006,52.1111612220001],[3.86113084700003,52.102880052],[3.85546778500003,52.09459861],[3.84980682500003,52.0863168980001],[3.84414796600004,52.0780349140001],[3.83849120600007,52.0697526590001],[3.83283654400003,52.061470134],[3.82718397900004,52.053187338],[3.82153350900006,52.0449042710001],[3.81588513400004,52.036620935],[3.81023885100007,52.0283373290001],[3.80459466000002,52.0200534520001],[3.79895255900004,52.0117693070001],[3.79331254700003,52.0034848920001],[3.78767462200005,51.995200207],[3.78203878400006,51.9869152540001],[3.77640503000003,51.9786300310001],[3.77077335900003,51.97034454],[3.76514377100006,51.9620587810001],[3.75951626400007,51.9537727530001],[3.75389083600004,51.9454864570001],[3.74826748700002,51.9371998930001],[3.74264621400005,51.9289130610001],[3.73702701700006,51.920625961],[3.73140989400002,51.9123385950001],[3.72579484400006,51.9040509600001],[3.72018186600008,51.895763059],[3.71457095800002,51.8874748910001],[3.70896211900003,51.8791864560001],[3.70335534800006,51.8708977540001],[3.69775064300006,51.8626087870001],[3.69214800300006,51.854319553],[3.68654742700005,51.8460300520001],[3.68094891300007,51.837740287],[3.67535246000006,51.829450255],[3.66975806800002,51.8211599580001],[3.66416573300006,51.8128693950001],[3.65857545600005,51.8045785680001],[3.65298723500007,51.796287475],[3.64740106900007,51.7879961180001],[3.64181695600007,51.7797044960001],[3.63623489500003,51.77141261],[3.63065488400002,51.763120459],[3.62507692300005,51.7548280440001],[3.61950101000002,51.746535366],[3.61392714400006,51.7382424240001],[3.60835532400006,51.7299492180001],[3.60278554700005,51.721655748],[3.59721781400003,51.7133620160001],[3.59165212200003,51.7050680200001],[3.58608847100004,51.6967737620001],[3.58052685800004,51.688479241],[3.57496728400002,51.6801844570001],[3.56940974600008,51.6718894110001],[3.56385424300004,51.663594103],[3.55830077400003,51.6552985330001],[3.55274933800007,51.6470027020001],[3.54719993300006,51.6387066080001],[3.54165255800007,51.630410253],[3.53610721200005,51.622113637],[3.53056389300002,51.613816759],[3.52502260000006,51.605519621],[3.51948333300004,51.597222222],[3.50503211500006,51.597239078],[3.49058088700002,51.59725416],[3.47612965000008,51.597267468],[3.46167840500004,51.5972790010001],[3.44722715400007,51.59728876],[3.43277589600007,51.5972967450001],[3.41832463400004,51.597302955],[3.40387336900005,51.5973073910001],[3.38942210200003,51.5973100520001],[3.37497083300002,51.5973109400001],[3.36051956400007,51.5973100520001],[3.34606829700004,51.5973073910001],[3.33161703200005,51.597302955],[3.31716577000003,51.5972967450001],[3.30271451200002,51.59728876],[3.28826326100005,51.5972790010001],[3.27381201600002,51.597267468],[3.25936077900008,51.59725416],[3.24490955100003,51.597239078],[3.23045833300006,51.597222222],[3.23592122900004,51.605499906],[3.24138611700005,51.6137773360001],[3.24685299900005,51.622054512],[3.25232187500006,51.630331434],[3.25779274800004,51.638608102],[3.26326561800005,51.6468845160001],[3.26874048600007,51.655160675],[3.27421735500008,51.6634365800001],[3.27969622400002,51.67171223],[3.28517709600004,51.679987624],[3.29065997100003,51.6882627640001],[3.29614485100007,51.6965376480001],[3.30163173800003,51.704812277],[3.30712063200002,51.713086651],[3.31261153400004,51.7213607680001],[3.31810444700005,51.7296346300001],[3.32359937000007,51.7379082350001],[3.32909630700004,51.7461815840001],[3.33459525700005,51.7544546760001],[3.34009622200006,51.762727512],[3.34559920300006,51.7710000910001],[3.35110420200004,51.7792724130001],[3.35661122000005,51.787544478],[3.36212025800006,51.7958162850001],[3.36763131700008,51.8040878350001],[3.37314439900007,51.812359127],[3.37865950500003,51.8206301610001],[3.38417663700005,51.8289009370001],[3.38969579500002,51.837171455],[3.39521698100003,51.845441715],[3.40074019500003,51.8537117160001],[3.40626544100007,51.8619814580001],[3.41179271800007,51.870250942],[3.41732202800006,51.878520166],[3.42285337200002,51.8867891310001],[3.42838675200005,51.8950578370001],[3.43392216900003,51.9033262830001],[3.43945962400005,51.9115944700001],[3.44499911800006,51.919862396],[3.45054065300008,51.928130062],[3.45608423000004,51.9363974680001],[3.46162985000007,51.944664614],[3.46717751500006,51.952931499],[3.47272722600007,51.961198123],[3.47827898400004,51.969464486],[3.48383279100005,51.977730588],[3.48938864700006,51.9859964290001],[3.49494655500007,51.9942620080001],[3.50050651500004,52.0025273260001],[3.50606852900006,52.010792382],[3.51163259700007,52.0190571750001],[3.51719872200005,52.0273217070001],[3.52276690500003,52.035585976],[3.52833714700006,52.043849983],[3.53390944900002,52.0521137260001],[3.53948381200007,52.060377207],[3.54506023800008,52.0686404250001],[3.55063872900007,52.07690338],[3.55621928500005,52.0851660710001],[3.56180190800006,52.093428499],[3.56738659900003,52.1016906630001],[3.57297335900006,52.109952562],[3.57856219000007,52.118214198],[3.58415309300005,52.1264755700001],[3.58974607000005,52.134736677],[3.59534112100005,52.1429975190001],[3.60093824900002,52.151258097],[3.60653745400003,52.159518409],[3.61213873700007,52.1677784560001],[3.61774210000004,52.176038238],[3.62334754500006,52.184297755],[3.62895507300004,52.192557005],[3.63456468400005,52.2008159900001],[3.64017638100006,52.209074709],[3.64579016400006,52.2173331610001],[3.65140603500004,52.225591347],[3.65702399600002,52.233849267],[3.66264404700007,52.242106919],[3.66826619100004,52.2503643050001],[3.67389042700006,52.2586214230001],[3.67951675800003,52.2668782740001],[3.68514518500007,52.2751348580001],[3.69077571000003,52.283391174],[3.69640833300002,52.2916472220001]]]},"properties":{"Name":"ROTTERDAM TMA 3","Designator":"EHRD3E","Type":"TMA","LocalType":"TMA","UpperLimit":55,"LowerLimit":3500,"UpperLimitUnit":"FL","LowerLimitUnit":"FT","Class":"E","name":"ROTTERDAM TMA 3"}},{"type":"Feature","geometry":{"type":"Polygon","coordinates":[[[4.10119027600007,51.2723832410001],[4.11398363700005,51.269523527],[4.10435275200007,51.265166504],[4.09327500000006,51.2601527780001],[4.09260555600002,51.2601916670001],[4.09249444400007,51.2597111110001],[4.09106388900005,51.2598972220001],[4.09114166700004,51.259161111],[4.09031388900007,51.259216667],[4.09011944400004,51.258686111],[4.08760277800008,51.2576361110001],[4.08734166700003,51.257711111],[4.08717222200005,51.2574472220001],[4.08659722200002,51.2573444440001],[4.08661111100002,51.2572027780001],[4.07852500000007,51.2535583330001],[4.07828333300006,51.253116667],[4.07706111100003,51.252525],[4.07489166700003,51.2517527780001],[4.07063611100006,51.2507416670001],[4.07142222200002,51.2502416670001],[4.06407777800007,51.247494444],[4.06185000000005,51.2445750000001],[4.05791111100007,51.243422222],[4.05484166700006,51.242902778],[4.04769709900006,51.2421113290001],[4.04055277800006,51.2413194440001],[4.04035277800006,51.2415722220001],[4.03988333300003,51.24145],[4.03790277800005,51.244530556],[4.03653888900004,51.2456805560001],[4.03499722200007,51.2449972220001],[4.03533888900006,51.244688889],[4.03239722200004,51.2433055560001],[4.02912500000002,51.2425638890001],[4.02880000000005,51.242761111],[4.02751666700004,51.2425388890001],[4.02572500000002,51.2417444440001],[4.02449166700006,51.241502778],[4.02360000000004,51.243222222],[4.02093611100003,51.245366667],[4.01548333300002,51.2445000000001],[4.01508888900003,51.2450277780001],[4.01475277800006,51.2450638890001],[4.01105555600003,51.244030556],[4.00284444400006,51.2408694440001],[3.99974722200005,51.239158333],[3.99953055600002,51.2387805560001],[3.99964722200002,51.2378138890001],[3.99653611100007,51.2373305560001],[3.99528333300003,51.236844444],[3.99259722200003,51.236419444],[3.98998333300005,51.234691667],[3.98916666700006,51.2337166670001],[3.98843611100006,51.2333055560001],[3.98804444400002,51.2332388890001],[3.98620555600007,51.234161111],[3.98203055600004,51.2290722220001],[3.98110277800004,51.2287250000001],[3.98071388900007,51.227436111],[3.97990555600006,51.2262388890001],[3.97891944400004,51.2253694440001],[3.97774722200006,51.2250333330001],[3.97630833300002,51.22535],[3.97201388900004,51.2246777780001],[3.96429166700005,51.2239555560001],[3.96363333300008,51.2231694440001],[3.96374722200005,51.221022222],[3.96322500000002,51.2205666670001],[3.96191944400005,51.2204583330001],[3.96156666700006,51.2202222220001],[3.96120555600004,51.219091667],[3.95982500000002,51.21795],[3.95907500000004,51.2162111110001],[3.95856388900006,51.215808333],[3.95786944400004,51.215769444],[3.95317222200003,51.2164750000001],[3.94920555600004,51.2155111110001],[3.94664166700005,51.2155111110001],[3.94261944400006,51.2147138890001],[3.94313888900007,51.2136166670001],[3.93598055600006,51.2118944440001],[3.93333055600004,51.214497222],[3.92941944400008,51.2202638890001],[3.92545277800002,51.2171083330001],[3.91963333300004,51.2170722220001],[3.91945277800005,51.2170055560001],[3.91852777800005,51.214841667],[3.91673888900004,51.2148888890001],[3.91600555600007,51.2146361110001],[3.91809444400008,51.2095722220001],[3.91794444400006,51.2094666670001],[3.91863055600004,51.207766667],[3.91661944400005,51.208227778],[3.91533888900005,51.208172222],[3.91454444400006,51.2078250000001],[3.91155000000003,51.205447222],[3.90498055600006,51.203888889],[3.90098333300006,51.2026138890001],[3.90006666700003,51.201852778],[3.89880833300003,51.2017222220001],[3.89503611100002,51.2033777780001],[3.89408333300003,51.203438889],[3.89325555600004,51.203266667],[3.89320000000004,51.202827778],[3.89072222200002,51.2017666670001],[3.88886666700006,51.201163889],[3.88752222200003,51.2010138890001],[3.88635277800006,51.2001638890001],[3.88495000000006,51.2019805560001],[3.88463333300007,51.203147222],[3.88426111100006,51.2036027780001],[3.88249722200004,51.204744444],[3.87969722200006,51.2060361110001],[3.87762777800003,51.208016667],[3.87875833300006,51.208702778],[3.88010000000003,51.209044444],[3.88285000000008,51.210169444],[3.88716666700003,51.212316667],[3.88776111100003,51.2128555560001],[3.88960833300007,51.2135000000001],[3.89024722200003,51.213997222],[3.89189722200007,51.216722222],[3.89334722200005,51.218663889],[3.88855000000007,51.223019444],[3.88353055600004,51.2210777780001],[3.88261388900003,51.220994444],[3.87787222200006,51.219277778],[3.87010555600006,51.2162416670001],[3.86464444400002,51.2134194440001],[3.86212500000005,51.2124000000001],[3.86109166700004,51.2115833330001],[3.85957500000006,51.210833333],[3.85611388900003,51.2110638890001],[3.85241388900005,51.2132194440001],[3.85189722200005,51.213138889],[3.84964444400003,51.2117361110001],[3.84561111100004,51.2129972220001],[3.84223055600006,51.212130556],[3.83885833300008,51.213466667],[3.83636944400007,51.213797222],[3.83426388900006,51.2120333330001],[3.82692777800003,51.2093611110001],[3.82575000000003,51.2097138890001],[3.82511944400005,51.2089333330001],[3.82442777800003,51.2092527780001],[3.82079444400006,51.2092416670001],[3.81057777800004,51.2127694440001],[3.80628611100002,51.2126250000001],[3.80603055600005,51.2133805560001],[3.80405000000007,51.213205556],[3.80499166700002,51.2101222220001],[3.79929444400005,51.2108666670001],[3.79723611100007,51.2129],[3.79390555600003,51.2138333330001],[3.79114722200006,51.2140138890001],[3.79049722200006,51.2150638890001],[3.78963055600002,51.2158833330001],[3.78973055600005,51.2193194440001],[3.78920555600007,51.222344444],[3.78944166700006,51.222691667],[3.78904166700005,51.222911111],[3.78845833300005,51.2263750000001],[3.78879064700004,51.232846297],[3.78912305500006,51.2393175940001],[3.78945555600006,51.245788889],[3.79246494200004,51.250922261],[3.79547500000007,51.256055556],[3.78543611100002,51.2584694440001],[3.78543055600005,51.2586555560001],[3.78422500000005,51.2590416670001],[3.77830277800007,51.262352778],[3.77378611100005,51.263977778],[3.77307500000006,51.2619111110001],[3.76934444400007,51.259852778],[3.76251666700006,51.261783333],[3.75964444400006,51.265],[3.75987777800003,51.265527778],[3.75868055600006,51.2660333330001],[3.75571666700006,51.2693472220001],[3.75241388900002,51.2702694440001],[3.75172777800003,51.269163889],[3.73935330800003,51.2711339860001],[3.72697777800005,51.2731027780001],[3.72309166700006,51.273347222],[3.71924444400003,51.2725444440001],[3.71891666700003,51.2715388890001],[3.71408888900004,51.2721805560001],[3.71270277800005,51.272105556],[3.70972777800006,51.2725888890001],[3.70583888900006,51.273622222],[3.69372222200008,51.276083333],[3.69340277800006,51.276244444],[3.69272222200004,51.277608333],[3.68993611100007,51.280611111],[3.68257500000004,51.2810944440001],[3.67791388900002,51.2805277780001],[3.67675833300007,51.2830666670001],[3.66743127900003,51.2866295370001],[3.65810277800006,51.290191667],[3.65509444400004,51.290319444],[3.65404166700006,51.2901694440001],[3.64440833300006,51.2901138890001],[3.64383333300003,51.2891083330001],[3.64326111100007,51.288694444],[3.64081944400004,51.2880888890001],[3.63250555600007,51.2910138890001],[3.63133888900006,51.291038889],[3.63087777800007,51.2915694440001],[3.62566111100006,51.2933194440001],[3.62127222200007,51.292713889],[3.61921388900004,51.29425],[3.61865555600002,51.295866667],[3.61533333300002,51.2970777780001],[3.61483055600007,51.2974361110001],[3.61473333300006,51.2977277780001],[3.61451944400005,51.297613889],[3.61273055600003,51.2979333330001],[3.60178410700007,51.301176899],[3.59083611100004,51.3044194440001],[3.59178333300002,51.3053416670001],[3.59001944400006,51.3059555560001],[3.58583333300004,51.3016777780001],[3.58111666700006,51.2983222220001],[3.58339166700006,51.296038889],[3.58391111100002,51.2960277780001],[3.58793055600006,51.2929638890001],[3.58338888900005,51.292255556],[3.58260277800002,51.2907611110001],[3.58388333300007,51.2888861110001],[3.58181666700006,51.2869138890001],[3.58134722200003,51.2870444440001],[3.58016388900006,51.2879750000001],[3.57976111100004,51.288866667],[3.57905000000005,51.2887055560001],[3.57777222200002,51.2888222220001],[3.57616388900004,51.2880083330001],[3.57572777800004,51.2883194440001],[3.57574722200007,51.288627778],[3.57359166700007,51.289369444],[3.57153333300005,51.2910305560001],[3.57194444400005,51.2919666670001],[3.56648611100007,51.2937944440001],[3.56620000000004,51.2946277780001],[3.56263888900003,51.2958611110001],[3.55976388900007,51.295455556],[3.55806111100003,51.291194444],[3.55650000000003,51.2908166670001],[3.55577777800005,51.289844444],[3.55508055600006,51.289647222],[3.55353888900004,51.2895861110001],[3.55229722200005,51.289780556],[3.55114722200005,51.2902],[3.54978888900007,51.2911083330001],[3.54342500000007,51.2912027780001],[3.54231388900007,51.2880083330001],[3.54136666700003,51.2871027780001],[3.54004166700003,51.285175],[3.53811111100003,51.283666667],[3.53366944400005,51.2834916670001],[3.52913333300006,51.288747222],[3.51541944400003,51.2871527780001],[3.51799905500008,51.2790713530001],[3.52057775900005,51.270989871],[3.52315555600006,51.262908333],[3.52560044000006,51.254629192],[3.52804444400005,51.2463500000001],[3.52759722200005,51.246041667],[3.51434439800005,51.2451862720001],[3.50109206700006,51.2443293810001],[3.48784023000007,51.2434709940001],[3.47458888900007,51.242611111],[3.46143456300007,51.2420535150001],[3.44828055600004,51.2414944440001],[3.44441944400006,51.2421000000001],[3.44445277800003,51.242719444],[3.44160555600007,51.2432000000001],[3.43232222200004,51.245616667],[3.42748055600003,51.244661111],[3.42717500000003,51.245086111],[3.42705277800007,51.2459777780001],[3.42621388900005,51.247375],[3.42547777800007,51.2495527780001],[3.42546944400004,51.251066667],[3.42525833300004,51.251436111],[3.42493611100002,51.2533527780001],[3.42450277800003,51.254402778],[3.42126666700005,51.2566722220001],[3.41836944400006,51.2574888890001],[3.41784444400002,51.258066667],[3.41758611100005,51.2592861110001],[3.41684166700003,51.260011111],[3.41596111100006,51.2599472220001],[3.41491666700006,51.2594638890001],[3.41386944400006,51.258766667],[3.41300000000007,51.2576805560001],[3.41149722200004,51.256905556],[3.40895000000006,51.256666667],[3.40740833300003,51.2569638890001],[3.40632222200003,51.257736111],[3.40478611100002,51.2610638890001],[3.40316666700005,51.2624638890001],[3.40158333300008,51.2631777780001],[3.39790000000005,51.263783333],[3.39649444400004,51.2641972220001],[3.39464722200006,51.2653194440001],[3.38895833300006,51.271202778],[3.38858888900006,51.272563889],[3.38798333300002,51.2731944440001],[3.38623611100007,51.2739361110001],[3.38393611100003,51.2738416670001],[3.37901944400005,51.2747944440001],[3.37705833300004,51.275897222],[3.37570277800006,51.277211111],[3.37534444400006,51.278561111],[3.37550277800005,51.2790805560001],[3.37593333300003,51.279486111],[3.37724722200005,51.2800472220001],[3.37874444400006,51.2800444440001],[3.37970277800002,51.2803138890001],[3.38083055600003,51.2807666670001],[3.38168611100002,51.2816250000001],[3.38183055600007,51.2823611110001],[3.38067777800006,51.283377778],[3.38066388900006,51.283944444],[3.38040833300005,51.284369444],[3.38050833300002,51.285163889],[3.38098611100003,51.286152778],[3.38080000000002,51.286963889],[3.38000555600007,51.2878694440001],[3.37893611100003,51.288519444],[3.37731388900005,51.289036111],[3.37564444400005,51.289833333],[3.37225000000007,51.290822222],[3.37029166700006,51.2919416670001],[3.36780833300003,51.2943527780001],[3.36672777800004,51.295733333],[3.36638611100005,51.296483333],[3.36600833300002,51.298233333],[3.36627222200002,51.298919444],[3.36739444400007,51.299625],[3.36831944400006,51.2997777780001],[3.36963333300002,51.299691667],[3.37176111100007,51.3000916670001],[3.37808333300006,51.302652778],[3.37684444400003,51.3024500000001],[3.36761514900007,51.308717029],[3.35838333300006,51.314983333],[3.36736787000007,51.321365502],[3.37635490600007,51.327746984],[3.38534444400005,51.334127778],[3.38351666700004,51.341205556],[3.37879620900003,51.344857039],[3.37407500000006,51.348508333],[3.37371111100003,51.354236111],[3.37499444400004,51.3588888890001],[3.36898564700004,51.365939043],[3.36297500000006,51.3729888890001],[3.34914878100005,51.3743605600001],[3.33532173400005,51.3757306040001],[3.32149386000003,51.377099021],[3.30766516000006,51.3784658100001],[3.29383563400006,51.379830972],[3.28000528400003,51.3811945050001],[3.26617411000007,51.3825564110001],[3.25234211300005,51.3839166880001],[3.23850929500003,51.3852753370001],[3.22467565600004,51.3866323570001],[3.21084119700004,51.3879877480001],[3.19700591800006,51.3893415110001],[3.18316982200002,51.3906936440001],[3.16933290800006,51.3920441480001],[3.15549517800002,51.3933930220001],[3.14165663200004,51.394740267],[3.12781727200007,51.3960858820001],[3.11397709800002,51.397429867],[3.10013611100004,51.398772222],[3.10554359800005,51.4070438480001],[3.11095304200006,51.4153152260001],[3.11636444300007,51.4235863540001],[3.12177780400003,51.4318572330001],[3.12719312500008,51.440127863],[3.13261040700007,51.448398243],[3.13802965300005,51.4566683740001],[3.14345086200007,51.4649382540001],[3.14887403700004,51.4732078850001],[3.15429917800003,51.4814772650001],[3.15972628700007,51.4897463950001],[3.16515536500003,51.4980152740001],[3.17058641300002,51.5062839020001],[3.17601943300002,51.51455228],[3.18145442500003,51.522820407],[3.18689139100007,51.531088282],[3.19233033300003,51.539355906],[3.19777125100006,51.547623279],[3.20321414600005,51.5558904000001],[3.20865902100007,51.564157268],[3.21410587500003,51.572423885],[3.21955471200005,51.58069025],[3.22500553000003,51.588956362],[3.23045833300006,51.597222222],[3.24490955100003,51.597239078],[3.25936077900008,51.59725416],[3.27381201600002,51.597267468],[3.28826326100005,51.5972790010001],[3.30271451200002,51.59728876],[3.31716577000003,51.5972967450001],[3.33161703200005,51.597302955],[3.34606829700004,51.5973073910001],[3.36051956400007,51.5973100520001],[3.37497083300002,51.5973109400001],[3.38942210200003,51.5973100520001],[3.40387336900005,51.5973073910001],[3.41832463400004,51.597302955],[3.43277589600007,51.5972967450001],[3.44722715400007,51.59728876],[3.46167840500004,51.5972790010001],[3.47612965000008,51.597267468],[3.49058088700002,51.59725416],[3.50503211500006,51.597239078],[3.51948333300004,51.597222222],[3.53225403500005,51.5966005490001],[3.54502438600002,51.5959774900001],[3.55779438700006,51.5953530450001],[3.57056403600006,51.594727215],[3.58333333300004,51.5941],[3.59430646600003,51.5918862570001],[3.60527852900003,51.5896714900001],[3.61624952100004,51.5874557010001],[3.62721944400005,51.585238889],[3.63804668500006,51.5881342150001],[3.64887530500005,51.591028545],[3.65970530500005,51.593921879],[3.67053668500006,51.596814216],[3.68136944400004,51.5997055560001],[3.69443835800007,51.599203458],[3.70750698200004,51.5986999090001],[3.72057531700005,51.598194909],[3.73364336000003,51.5976884580001],[3.74671111100002,51.5971805560001],[3.75984686300006,51.5991959500001],[3.77298378100005,51.601209877],[3.78612186400005,51.6032223380001],[3.79926111100002,51.6052333330001],[3.81231030800006,51.6050199650001],[3.82535938300003,51.6048051500001],[3.83840833300007,51.6045888890001],[3.84851985100005,51.601597165],[3.85863003600002,51.5986045720001],[3.86873888900004,51.595611111],[3.86873888900004,51.3240388890001],[3.88166656900006,51.3211812110001],[3.89459263900005,51.3183221100001],[3.90751709600005,51.315461586],[3.92043994200003,51.31259964],[3.93336117500007,51.3097362720001],[3.94628079500006,51.3068714830001],[3.95919880200006,51.304005272],[3.97211519500007,51.30113764],[3.98502997400004,51.298268588],[3.99794313900003,51.2953981150001],[4.01085468800005,51.292526222],[4.02376462200004,51.28965291],[4.03667294000007,51.2867781780001],[4.04957964100004,51.2839020280001],[4.06248472600004,51.281024458],[4.07538819400003,51.27814547],[4.08829004400008,51.275265065],[4.10119027600007,51.2723832410001]]]},"properties":{"Name":"NIEUW MILLIGEN TMA G2","Designator":"EHMCG2E","Type":"TMA","LocalType":"TMA","UpperLimit":55,"LowerLimit":3500,"UpperLimitUnit":"FL","LowerLimitUnit":"FT","Class":"E","name":"NIEUW MILLIGEN TMA G2"}},{"type":"Feature","geometry":{"type":"Polygon","coordinates":[[[3.98625277800005,52.285002778],[3.98984328200004,52.276544218],[3.99343241500003,52.268085549],[3.99702017900006,52.2596267710001],[4.00060657400007,52.251167884],[4.00419160200005,52.242708889],[4.00777526400003,52.234249785],[4.01135756000002,52.225790573],[4.01493849100007,52.2173312520001],[4.01851805900003,52.208871823],[4.02209626300004,52.2004122860001],[4.02567310600006,52.1919526410001],[4.02924858700004,52.1834928870001],[4.03282270900007,52.1750330260001],[4.03639547100005,52.1665730560001],[4.03996687500006,52.1581129790001],[4.04353692200004,52.1496527940001],[4.04710561200005,52.141192501],[4.05067294600002,52.1327321000001],[4.05423892600004,52.1242715920001],[4.05780355200005,52.115810976],[4.06136682500005,52.107350253],[4.06492874700007,52.0988894230001],[4.06848931700006,52.0904284850001],[4.07204853700006,52.08196744],[4.07560640800006,52.073506288],[4.07916293100004,52.065045028],[4.08271810600007,52.056583662],[4.08627193500007,52.048122189],[4.08982441800003,52.0396606090001],[4.09337555700006,52.031198922],[4.09692535200003,52.0227371290001],[4.10047380400005,52.0142752290001],[4.10402091400005,52.005813222],[4.10756668200003,51.9973511090001],[4.11111111100007,51.9888888890001],[4.12462920100006,51.9859699260001],[4.13814552900004,51.983049415],[4.15166009400002,51.9801273580001],[4.16517289600006,51.9772037540001],[4.17868393400005,51.9742786040001],[4.19219320700006,51.971351908],[4.20570071500003,51.968423666],[4.21920645700004,51.9654938800001],[4.23271043400007,51.9625625480001],[4.24621264400002,51.9596296720001],[4.25971308700002,51.956695252],[4.27321176200007,51.9537592890001],[4.28670867000005,51.950821782],[4.30020380800005,51.947882732],[4.31369717800004,51.9449421400001],[4.32718877800005,51.9420000050001],[4.34067860800008,51.939056329],[4.35416666700007,51.9361111110001],[4.36853991200007,51.9346323450001],[4.38291221000003,51.9331518290001],[4.39728355800003,51.9316695620001],[4.41165395600007,51.9301855460001],[4.42602340400003,51.928699781],[4.44039190000007,51.927212266],[4.45475944200007,51.925723002],[4.46912603100003,51.9242319890001],[4.48349166400004,51.9227392270001],[4.49785634200003,51.921244717],[4.51222006300003,51.9197484590001],[4.52658282600004,51.9182504520001],[4.54094462900002,51.916750698],[4.55530547300003,51.915249196],[4.56966535600003,51.9137459470001],[4.58402427700003,51.9122409500001],[4.59838223400004,51.9107342070001],[4.61273922800007,51.909225716],[4.62709525700006,51.907715479],[4.64145032000005,51.906203496],[4.65580441600002,51.904689766],[4.67015754400006,51.903174291],[4.68450970200007,51.9016570700001],[4.69886089100004,51.9001381030001],[4.71321110900004,51.8986173910001],[4.72756035500004,51.8970949340001],[4.74190862800003,51.8955707320001],[4.75625592700004,51.8940447850001],[4.77060225100007,51.892517094],[4.78494759900002,51.890987658],[4.79929197000007,51.889456479],[4.81363536400005,51.887923556],[4.82797777800005,51.886388889],[4.82172461000005,51.8784393990001],[4.81547365300003,51.8704895770001],[4.80922490500006,51.862539424],[4.80297836600005,51.85458894],[4.79673403300006,51.8466381260001],[4.79049190600006,51.8386869810001],[4.78425198400004,51.8307355050001],[4.77801426500002,51.8227837000001],[4.77177874700004,51.8148315650001],[4.76554542900004,51.8068791000001],[4.75931431100003,51.7989263060001],[4.75308539000002,51.7909731830001],[4.74685866600004,51.78301973],[4.74063413700003,51.7750659490001],[4.73441180200007,51.7671118390001],[4.72819165900006,51.759157401],[4.72197370800006,51.751202635],[4.71575794600005,51.74324754],[4.70954437300003,51.7352921180001],[4.70333298700007,51.7273363690001],[4.69712378700007,51.719380292],[4.69091677200004,51.7114238880001],[4.68471194000006,51.703467157],[4.67850929000002,51.695510099],[4.67230882100006,51.687552715],[4.66611053200006,51.6795950050001],[4.65991442000006,51.671636968],[4.65372048600005,51.6636786060001],[4.64752872700006,51.655719918],[4.64133914200005,51.6477609040001],[4.63515173100006,51.639801565],[4.62896649100003,51.6318419020001],[4.62278342100007,51.623881913],[4.61660252100006,51.6159216],[4.61042378800005,51.607960962],[4.60424722200003,51.6000000000001],[4.59004709800007,51.6000239850001],[4.57584695900005,51.600046256],[4.56164680800003,51.600066815],[4.54744664300006,51.60008566],[4.53324646800007,51.600102792],[4.51904628200003,51.6001182110001],[4.50484608700003,51.6001319160001],[4.49064588500005,51.6001439090001],[4.47644567500004,51.600154188],[4.46224545900003,51.6001627540001],[4.44804523900007,51.6001696070001],[4.43384501400004,51.6001747460001],[4.41964478800003,51.6001781730001],[4.40544455900005,51.600179886],[4.39124433000006,51.600179886],[4.37704410100002,51.6001781730001],[4.36284387500007,51.6001747460001],[4.34864365000004,51.6001696070001],[4.33444343000002,51.6001627540001],[4.32024321400007,51.600154188],[4.30604300400006,51.6001439090001],[4.29184280200008,51.6001319160001],[4.27764260700008,51.6001182110001],[4.26344242100004,51.600102792],[4.24924224600005,51.60008566],[4.23504208100007,51.600066815],[4.22084193000006,51.600046256],[4.20664179100004,51.6000239850001],[4.19244166700003,51.6000000000001],[4.18776876000004,51.6056677780001],[4.18309468500007,51.6113353710001],[4.17841944400004,51.617002778],[4.16528600300006,51.616079976],[4.15215309600006,51.615155708],[4.13902072400003,51.614229976],[4.12588888900007,51.613302778],[4.11678045900004,51.619980335],[4.10766934900005,51.626657187],[4.09855555600006,51.6333333330001],[4.08529166700004,51.6333340800001],[4.07202777800006,51.6333333330001],[4.05973266800004,51.630729644],[4.04743897000003,51.6281246710001],[4.03514668300005,51.6255184140001],[4.02285580900002,51.6229108740001],[4.01056634900004,51.6203020510001],[3.99827830100003,51.617691945],[3.98599166700006,51.6150805560001],[3.97405773500003,51.6174437670001],[3.96212256000007,51.619805768],[3.95018614400004,51.6221665580001],[3.93824848500003,51.6245261390001],[3.92630958500007,51.626884508],[3.91436944400004,51.629241667],[3.90997045900002,51.6376573380001],[3.90556984000006,51.6460728440001],[3.90116758800002,51.654488186],[3.89676370000007,51.6629033630001],[3.89235817700006,51.6713183750001],[3.88795101600005,51.679733222],[3.88354221700007,51.6881479050001],[3.87913177900003,51.6965624220001],[3.87471970000007,51.704976774],[3.87030598000007,51.7133909610001],[3.86589061700005,51.721804983],[3.86147361100006,51.730218838],[3.85705496000003,51.738632529],[3.85263466300006,51.7470460530001],[3.84821272000005,51.7554594120001],[3.84378912800003,51.7638726050001],[3.83936388700005,51.772285631],[3.83493699700006,51.7806984920001],[3.83050845500003,51.7891111860001],[3.82607826000003,51.797523713],[3.82164641300005,51.805936074],[3.81721291100007,51.814348269],[3.81277775400002,51.8227602970001],[3.80834094000005,51.831172157],[3.80390246800005,51.839583851],[3.79946233700002,51.8479953780001],[3.79502054700004,51.856406737],[3.79057709600005,51.8648179300001],[3.78613198200003,51.8732289540001],[3.78168520600002,51.8816398120001],[3.77723676500005,51.8900505010001],[3.77278665900008,51.898461023],[3.76833488700004,51.9068713770001],[3.76388144700007,51.9152815630001],[3.75942633800003,51.9236915800001],[3.75496956000006,51.93210143],[3.75051111100004,51.940511111],[3.75608184700008,51.9487187330001],[3.76165462200004,51.9569260910001],[3.76722943800007,51.965133187],[3.77280629600006,51.973340019],[3.77838519800002,51.9815465880001],[3.78396614300004,51.9897528930001],[3.78954913500007,51.9979589340001],[3.79513417400005,52.0061647110001],[3.80072126100004,52.0143702240001],[3.80631039800005,52.022575472],[3.81190158500004,52.0307804560001],[3.81749482500004,52.0389851750001],[3.82309011900003,52.04718963],[3.82868746700007,52.0553938190001],[3.83428687200006,52.0635977430001],[3.83988833400002,52.0718014020001],[3.84549185400004,52.080004795],[3.85109743500004,52.088207922],[3.85670507700007,52.0964107830001],[3.86231478200006,52.1046133780001],[3.86792655100004,52.112815707],[3.87354038500007,52.121017769],[3.87915628500002,52.129219565],[3.88477425300005,52.1374210930001],[3.89039429100006,52.1456223550001],[3.89601639900008,52.15382335],[3.90164057800007,52.1620240770001],[3.90726683100007,52.170224536],[3.91289515800003,52.178424728],[3.91852556100002,52.186624652],[3.92415804100006,52.1948243080001],[3.92979259900005,52.2030236960001],[3.93542923700005,52.211222815],[3.94106795600004,52.219421665],[3.94670875700007,52.2276202470001],[3.95235164100006,52.23581856],[3.95799661100006,52.2440166040001],[3.96364366700004,52.2522143780001],[3.96929281000007,52.2604118830001],[3.97494404200006,52.268609118],[3.98059736400006,52.2768060830001],[3.98625277800005,52.285002778]]]},"properties":{"Name":"ROTTERDAM TMA 1","Designator":"EHRD1E","Type":"TMA","LocalType":"TMA","UpperLimit":55,"LowerLimit":1500,"UpperLimitUnit":"FL","LowerLimitUnit":"FT","Class":"E","name":"ROTTERDAM TMA 1"}},{"type":"Feature","geometry":{"type":"Polygon","coordinates":[[[7.19486873600005,52.998329224],[7.20931719600003,52.9999934590001],[7.20555245800006,52.992093658],[7.20154259000003,52.983676071],[7.19753428500007,52.9752583480001],[7.19352754100004,52.966840491],[7.18952235800003,52.9584224990001],[7.18551873300004,52.9500043720001],[7.18151666700004,52.941586111],[7.17449336600004,52.9345298440001],[7.16747235600008,52.9274731620001],[7.16045363400002,52.9204160680001],[7.15343720000004,52.9133585590001],[7.14642305200005,52.9063006380001],[7.13941119000003,52.8992423030001],[7.13240161100003,52.8921835560001],[7.12539431500005,52.885124396],[7.11838930000005,52.878064824],[7.11138656600002,52.8710048400001],[7.10438611100005,52.863944444],[7.09959166700003,52.8600000000001],[7.09870555600003,52.859738889],[7.09866111100007,52.859236111],[7.09295910800006,52.8545626370001],[7.08725833300002,52.8498888890001],[7.09000036900005,52.8440444760001],[7.09274166700004,52.8382],[7.08674196800007,52.8303251510001],[7.08074444400006,52.8224500000001],[7.08053055600004,52.8222166670001],[7.08007222200007,52.822325],[7.07953055600007,52.8216027780001],[7.07998333300003,52.8214833330001],[7.07576751400006,52.8159000750001],[7.07155277800007,52.8103166670001],[7.07088833100005,52.802203906],[7.07022413200002,52.7940911410001],[7.06956018100004,52.785978372],[7.06889647700007,52.7778656],[7.06823302100003,52.7697528240001],[7.06756981200004,52.761640044],[7.06690685000007,52.753527261],[7.06624413500003,52.745414474],[7.06558166600007,52.7373016830001],[7.06491944400005,52.7291888890001],[7.06390156100002,52.720731706],[7.06288407100004,52.7122745140001],[7.06186697700002,52.7038173130001],[7.06085027600005,52.695360104],[7.05983396900007,52.686902886],[7.05881805600006,52.6784456600001],[7.05780253600005,52.669988425],[7.05678740900004,52.661531181],[7.05577267500007,52.653073928],[7.05475833300005,52.644616667],[7.05477222200005,52.6444333330001],[7.05563333300006,52.6443611110001],[7.05572222200004,52.6434166670001],[7.04875609300007,52.6380724260001],[7.04179166700004,52.6327277780001],[7.03957777800002,52.632708333],[7.03831666700006,52.633002778],[7.03672500000005,52.634377778],[7.03565833300007,52.634825],[7.02876944400003,52.6346361110001],[7.02134166700006,52.635727778],[7.01264166700003,52.6367333330001],[7.00648333300006,52.6385805560001],[7.00574166700005,52.639202778],[7.00445277800003,52.640913889],[7.00211111100003,52.6418472220001],[7.00053888900004,52.6421472220001],[6.99941111100003,52.6421527780001],[6.99375833300007,52.641297222],[6.99225833300005,52.6413694440001],[6.98418333300003,52.6436694440001],[6.98176944400007,52.645066667],[6.97589166700004,52.6462638890001],[6.97482777800008,52.6460611110001],[6.97021388900004,52.6426027780001],[6.96813888900004,52.6417555560001],[6.95912222200008,52.641705556],[6.95425833300004,52.6392000000001],[6.95348611100007,52.638977778],[6.94524444400002,52.6393194440001],[6.93979722200004,52.637936111],[6.93873611100003,52.637841667],[6.93463611100003,52.638316667],[6.92881666700004,52.6401638890001],[6.91936388900007,52.6398444440001],[6.91876944400008,52.639986111],[6.91563888900004,52.641827778],[6.91495555600005,52.6460027780001],[6.91462500000006,52.6464111110001],[6.91400555600006,52.6467111110001],[6.90793055600005,52.647938889],[6.90300555600004,52.6485805560001],[6.89866944400006,52.650980556],[6.89745277800006,52.651338889],[6.89169166700003,52.651547222],[6.87997500000006,52.6505472220001],[6.87693055600005,52.651469444],[6.87413333300003,52.652963889],[6.87319722200004,52.6532611110001],[6.87142777800005,52.6529833330001],[6.86948333300006,52.6518500000001],[6.86449722200007,52.6497944440001],[6.85382500000003,52.649575],[6.85112222200007,52.648613889],[6.83888611100002,52.651802778],[6.83767222200004,52.6519555560001],[6.83167777800003,52.651497222],[6.83029722200007,52.6507083330001],[6.82954722200003,52.649883333],[6.82751944400007,52.649036111],[6.82222777800007,52.6477333330001],[6.81858611100006,52.6476916670001],[6.81619166700006,52.6486194440001],[6.80801944400002,52.649102778],[6.80722500000007,52.649447222],[6.80585555600004,52.651177778],[6.80321944400004,52.6518750000001],[6.80237500000004,52.651891667],[6.79431666700003,52.6506416670001],[6.79327222200004,52.6509500000001],[6.79085555600005,52.652555556],[6.78978333300006,52.652805556],[6.78739722200004,52.6523638890001],[6.78388055600004,52.652525],[6.77736388900007,52.6516611110001],[6.77428055600006,52.6502444440001],[6.77209166700004,52.650052778],[6.76788055600002,52.646863889],[6.75883333300004,52.6488277780001],[6.75550555600006,52.647261111],[6.75555000000003,52.6470583330001],[6.75488333300007,52.6467916670001],[6.75454444400003,52.6463444440001],[6.75346388900005,52.645833333],[6.75247777800007,52.646361111],[6.75191388900004,52.6470416670001],[6.75346944400007,52.647633333],[6.75365000000005,52.647933333],[6.75308333300006,52.648136111],[6.75225277800007,52.6480250000001],[6.75071111100004,52.647277778],[6.75049166700006,52.6468888890001],[6.74204444400004,52.6453861110001],[6.73696111100003,52.641205556],[6.73069722200006,52.637527778],[6.72640277800002,52.633222222],[6.72081388900006,52.6314472220001],[6.71828333300004,52.631344444],[6.71513333300004,52.630313889],[6.71280277800003,52.628897222],[6.71004444400006,52.6278638890001],[6.71003333300007,52.627494444],[6.71016944400003,52.6273166670001],[6.71200277800006,52.626844444],[6.71424444400003,52.626836111],[6.71490277800007,52.6259027780001],[6.71814166700005,52.6234111110001],[6.71842500000002,52.6230333330001],[6.71861111100003,52.6219694440001],[6.72041388900004,52.6215527780001],[6.72212777800007,52.620355556],[6.72290000000004,52.6203750000001],[6.72438611100006,52.619144444],[6.72500277800003,52.618488889],[6.72528611100006,52.6178472220001],[6.72733611100006,52.6149888890001],[6.72507777800007,52.610413889],[6.72475555600005,52.6090833330001],[6.72442500000005,52.6085416670001],[6.72450555600005,52.6076027780001],[6.72415833300005,52.6056611110001],[6.72377500000005,52.604594444],[6.72392222200006,52.604133333],[6.72372500000006,52.6031611110001],[6.72095000000007,52.598308333],[6.72081388900006,52.5963583330001],[6.72162222200006,52.5949000000001],[6.72007777800007,52.5933416670001],[6.71879722200003,52.588625],[6.72837438300007,52.5836087660001],[6.73794935100005,52.5785917600001],[6.74752212900006,52.573573982],[6.75709271500006,52.568555432],[6.76666111100008,52.5635361110001],[6.76669722200006,52.5616416670001],[6.76394166700004,52.5615638890001],[6.75377500000008,52.559177778],[6.75199722200006,52.5590444440001],[6.75060555600004,52.5592444440001],[6.74003055600002,52.5620666670001],[6.73838055600004,52.562152778],[6.73437777800007,52.5617500000001],[6.72597500000006,52.5632583330001],[6.72558611100004,52.562627778],[6.72553611100005,52.561780556],[6.72327616500007,52.5574430770001],[6.72101666700007,52.553105556],[6.72069722200007,52.552677778],[6.72021944400007,52.5525138890001],[6.72000000000003,52.551672222],[6.71818055600005,52.550891667],[6.71623888900007,52.5503305560001],[6.71626944400003,52.5498055560001],[6.71602777800007,52.549227778],[6.71623888900007,52.5487000000001],[6.71610277800005,52.5484361110001],[6.70436383400005,52.5500650500001],[6.69262401900005,52.5516928280001],[6.68088333300005,52.5533194440001],[6.68700129200005,52.5452428340001],[6.69311699900004,52.5371659080001],[6.69923045700006,52.5290886670001],[6.70534166700003,52.5210111110001],[6.70398611100006,52.5159833330001],[6.70237696300006,52.5085576720001],[6.70076835800006,52.5011319880001],[6.69916029600006,52.4937062830001],[6.69755277800004,52.4862805560001],[6.70764815800004,52.4822032070001],[6.71774166700004,52.478125],[6.72046944400006,52.477183333],[6.72377500000005,52.4770194440001],[6.73343059100006,52.4727183780001],[6.74308429500007,52.4684165260001],[6.75273611100005,52.464113889],[6.76375056500007,52.4618574560001],[6.77476388900004,52.4596000000001],[6.78466574400005,52.459594345],[6.79456759600004,52.4595878640001],[6.80446944400006,52.459580556],[6.81813049600004,52.4597730090001],[6.83179166700006,52.4599638890001],[6.84473611100003,52.459191667],[6.85430000000002,52.459708333],[6.85342212500007,52.454812503],[6.85254444400005,52.4499166670001],[6.86181944400005,52.451361111],[6.87544241100005,52.448954949],[6.88906388900006,52.446547222],[6.89757402700008,52.444396139],[6.90608333300003,52.442244444],[6.91794381600005,52.4399734080001],[6.92980307500005,52.437701186],[6.94166111100003,52.4354277780001],[6.94730277800005,52.436625],[6.95417998100004,52.4403085330001],[6.96105833300004,52.443991667],[6.96178333300003,52.4436305560001],[6.96218333300004,52.443991667],[6.96195000000006,52.4446222220001],[6.96693055600002,52.4499277780001],[6.96997777800004,52.454472222],[6.97444722200004,52.4597166670001],[6.97608333300008,52.4629027780001],[6.97599722200005,52.4630388890001],[6.97619444400004,52.463119444],[6.97753055600003,52.4656833330001],[6.98761111100004,52.4697694440001],[6.99182777800007,52.467355556],[6.99390833300004,52.465488889],[6.99457777800006,52.462130556],[7.00002777800006,52.4547111110001],[7.00256693800003,52.449997249],[7.00510555600005,52.4452833330001],[7.00795330000005,52.437208368],[7.01080000000007,52.429133333],[7.01639761300004,52.426058465],[7.02199444400003,52.422983333],[7.02500865100006,52.4183403160001],[7.02802222200006,52.4136972220001],[7.03248611100003,52.4073361110001],[7.03341666700004,52.406497222],[7.03471111100004,52.403852778],[7.03612222200007,52.4026500000001],[7.03825555600002,52.402741667],[7.04166388900006,52.402527778],[7.04656111100007,52.400863889],[7.05054444400002,52.4007388890001],[7.05101666700006,52.400555556],[7.05165277800006,52.3999250000001],[7.05532222200003,52.4010416670001],[7.05597500000005,52.4005805560001],[7.05873333300002,52.3994083330001],[7.05910833300004,52.3971361110001],[7.05900555600005,52.3964750000001],[7.05853055600005,52.396180556],[7.06400277800003,52.3903666670001],[7.06808271900007,52.3819861810001],[7.07216111100007,52.373605556],[7.07204722200004,52.372772222],[7.07228888900005,52.371688889],[7.07226388900006,52.368011111],[7.07276944400007,52.3668083330001],[7.07241384800005,52.361668056],[7.07205833300003,52.356527778],[7.07225555600007,52.3518777780001],[7.06425012900007,52.344921104],[7.05624722200002,52.337963889],[7.05615000000006,52.334958333],[7.05481666700007,52.33295],[7.05545000000006,52.3321638890001],[7.05213888900005,52.3286972220001],[7.04803055600007,52.324933333],[7.04718333300002,52.3237472220001],[7.04695833300002,52.322830556],[7.04724166700004,52.321294444],[7.04806388900005,52.3199527780001],[7.04761111100004,52.319441667],[7.04754166700008,52.3184944440001],[7.04573333300004,52.3163916670001],[7.04646944400002,52.3166138890001],[7.04745833300007,52.3153],[7.04685555600003,52.3149083330001],[7.04329722200004,52.313913889],[7.04354722200003,52.313477778],[7.03883333300007,52.312427778],[7.04132777800004,52.3111138890001],[7.04053888900006,52.3101583330001],[7.03950000000003,52.307627778],[7.03380277800005,52.302452778],[7.03011484200005,52.2972167240001],[7.02642777800003,52.2919805560001],[7.02622777800002,52.287319444],[7.02954444400007,52.281522222],[7.02961388900007,52.2801833330001],[7.02883611100003,52.2793638890001],[7.02798333300007,52.2789333330001],[7.02751944400006,52.2779555560001],[7.02856944400003,52.2736444440001],[7.03207500000002,52.271705556],[7.03723701700005,52.263925113],[7.04239722200003,52.256144444],[7.05019711700004,52.2511755140001],[7.05799526500005,52.246206069],[7.06579166700004,52.241236111],[7.06302222200003,52.2372222220001],[7.04907153300007,52.2363439100001],[7.03512139700007,52.2354639530001],[7.02117181400007,52.2345823520001],[7.00722278600006,52.2336991060001],[6.99327431300003,52.2328142170001],[6.97932639700002,52.231927683],[6.96537903900003,52.2310395060001],[6.95143223900004,52.2301496850001],[6.93748599900005,52.2292582210001],[6.92354031900004,52.2283651130001],[6.90959520100006,52.227470361],[6.89565064600004,52.226573966],[6.88170665400003,52.225675929],[6.86776322700007,52.2247762480001],[6.85382036500005,52.223874924],[6.83987806900006,52.222971957],[6.82593634200003,52.2220673480001],[6.81199518200003,52.221161097],[6.79805459300007,52.220253203],[6.78411457300007,52.219343666],[6.77017512500004,52.2184324880001],[6.75623625000003,52.217519667],[6.74730332600006,52.224494667],[6.73836759400007,52.231468992],[6.72942905500003,52.238442643],[6.72048770700007,52.245415618],[6.71154354700008,52.2523879180001],[6.70259657600008,52.259359541],[6.69364679200004,52.2663304880001],[6.68469419300004,52.2733007580001],[6.67573877800004,52.2802703510001],[6.66678054600004,52.2872392670001],[6.65781949600006,52.294207504],[6.64885562500007,52.3011750630001],[6.63988893300007,52.3081419430001],[6.63091941900007,52.3151081440001],[6.62194708100003,52.3220736660001],[6.61297191800003,52.3290385070001],[6.60399392800002,52.336002669],[6.59501311100007,52.3429661490001],[6.58602946400003,52.3499289490001],[6.57704298700003,52.356891067],[6.56805367800007,52.363852503],[6.55906153600006,52.3708132570001],[6.55006656000006,52.377773329],[6.54106874700005,52.3847327170001],[6.53206809800002,52.3916914220001],[6.52306461000006,52.3986494430001],[6.51405828300005,52.4056067810001],[6.50504911400003,52.4125634330001],[6.49603710300005,52.4195194010001],[6.48702224900006,52.426474683],[6.47800454900005,52.43342928],[6.46898400300006,52.44038319],[6.45996060900006,52.4473364140001],[6.45093436600007,52.4542889510001],[6.44190527200004,52.461240801],[6.43287332700004,52.468191963],[6.42383852900002,52.475142437],[6.41480087600007,52.4820922230001],[6.40576036800007,52.4890413200001],[6.39671700200006,52.495989728],[6.38767077800003,52.502937446],[6.37862169500005,52.509884474],[6.36956975000004,52.516830811],[6.36051494300006,52.523776458],[6.35145727200006,52.530721414],[6.34239673600007,52.5376656780001],[6.33333333300004,52.5446092500001],[6.33333333300004,52.763888889],[6.34113191500006,52.7711269600001],[6.34893309100005,52.778364519],[6.35673686100006,52.7856015670001],[6.36454322800006,52.7928381020001],[6.37235219200005,52.800074125],[6.38016375500007,52.8073096360001],[6.38797791800005,52.8145446330001],[6.39579468300008,52.8217791170001],[6.40361405100003,52.8290130870001],[6.41143602400007,52.8362465430001],[6.41926060200007,52.843479486],[6.42708778700006,52.8507119130001],[6.43491758100004,52.8579438260001],[6.44274998400005,52.8651752230001],[6.45058499900006,52.872406106],[6.45842262600007,52.8796364720001],[6.46626286800006,52.8868663220001],[6.47410572400003,52.894095656],[6.48195119800005,52.901324473],[6.48979928900008,52.9085527730001],[6.49765000000002,52.9157805560001],[6.51214805500007,52.917541885],[6.52664728900004,52.9193014480001],[6.54114770100006,52.9210592470001],[6.55564929000008,52.9228152810001],[6.57015205400006,52.9245695480001],[6.58465599300007,52.9263220500001],[6.59916110600005,52.928072786],[6.61366739200002,52.9298217560001],[6.62817484900006,52.9315689590001],[6.64268347700005,52.9333143950001],[6.65719327500005,52.935058063],[6.67170424100004,52.936799965],[6.68621637500007,52.9385400990001],[6.70072967600004,52.9402784650001],[6.71524414200007,52.942015063],[6.72975977300007,52.943749892],[6.74427656800003,52.9454829530001],[6.75879452500004,52.9472142450001],[6.77331364400004,52.948943768],[6.78783392300005,52.9506715220001],[6.80235536100002,52.9523975050001],[6.81687795800002,52.9541217190001],[6.83140171300005,52.9558441630001],[6.84592662400007,52.9575648360001],[6.86045269000005,52.9592837390001],[6.87497991100003,52.9610008710001],[6.88950828500003,52.9627162310001],[6.90403781100002,52.9644298210001],[6.91856848900005,52.9661416380001],[6.93310031600004,52.967851684],[6.94763329300002,52.9695599570001],[6.96216741900002,52.9712664580001],[6.97670269100007,52.972971187],[6.99123911000004,52.974674142],[7.00577667400006,52.9763753240001],[7.02031538100005,52.978074733],[7.03485523200004,52.979772369],[7.04939622500007,52.9814682300001],[7.06393835900008,52.9831623170001],[7.07848163200003,52.98485463],[7.09302604500004,52.9865451680001],[7.10757159600007,52.9882339310001],[7.12211828300002,52.989920919],[7.13666610600006,52.9916061320001],[7.15121506400004,52.9932895690001],[7.16576515500003,52.99497123],[7.18031638000002,52.9966511150001],[7.19486873600005,52.998329224]]]},"properties":{"Name":"NIEUW MILLIGEN TMA C1","Designator":"EHMCC1E","Type":"TMA","LocalType":"TMA","UpperLimit":65,"LowerLimit":1500,"UpperLimitUnit":"FL","LowerLimitUnit":"FT","Class":"E","name":"NIEUW MILLIGEN TMA C1"}},{"type":"Feature","geometry":{"type":"Polygon","coordinates":[[[7.19486873600005,52.998329224],[7.20931719600003,52.9999934590001],[7.20555245800006,52.992093658],[7.20154259000003,52.983676071],[7.19753428500007,52.9752583480001],[7.19352754100004,52.966840491],[7.18952235800003,52.9584224990001],[7.18551873300004,52.9500043720001],[7.18151666700004,52.941586111],[7.17449336600004,52.9345298440001],[7.16747235600008,52.9274731620001],[7.16045363400002,52.9204160680001],[7.15343720000004,52.9133585590001],[7.14642305200005,52.9063006380001],[7.13941119000003,52.8992423030001],[7.13240161100003,52.8921835560001],[7.12539431500005,52.885124396],[7.11838930000005,52.878064824],[7.11138656600002,52.8710048400001],[7.10438611100005,52.863944444],[7.09959166700003,52.8600000000001],[7.09870555600003,52.859738889],[7.09866111100007,52.859236111],[7.09295910800006,52.8545626370001],[7.08725833300002,52.8498888890001],[7.09000036900005,52.8440444760001],[7.09274166700004,52.8382],[7.08674196800007,52.8303251510001],[7.08074444400006,52.8224500000001],[7.08053055600004,52.8222166670001],[7.08007222200007,52.822325],[7.07953055600007,52.8216027780001],[7.07998333300003,52.8214833330001],[7.07576751400006,52.8159000750001],[7.07155277800007,52.8103166670001],[7.07088833100005,52.802203906],[7.07022413200002,52.7940911410001],[7.06956018100004,52.785978372],[7.06889647700007,52.7778656],[7.06823302100003,52.7697528240001],[7.06756981200004,52.761640044],[7.06690685000007,52.753527261],[7.06624413500003,52.745414474],[7.06558166600007,52.7373016830001],[7.06491944400005,52.7291888890001],[7.06390156100002,52.720731706],[7.06288407100004,52.7122745140001],[7.06186697700002,52.7038173130001],[7.06085027600005,52.695360104],[7.05983396900007,52.686902886],[7.05881805600006,52.6784456600001],[7.05780253600005,52.669988425],[7.05678740900004,52.661531181],[7.05577267500007,52.653073928],[7.05475833300005,52.644616667],[7.05477222200005,52.6444333330001],[7.05563333300006,52.6443611110001],[7.05572222200004,52.6434166670001],[7.04875609300007,52.6380724260001],[7.04179166700004,52.6327277780001],[7.03957777800002,52.632708333],[7.03831666700006,52.633002778],[7.03672500000005,52.634377778],[7.03565833300007,52.634825],[7.02876944400003,52.6346361110001],[7.02134166700006,52.635727778],[7.01264166700003,52.6367333330001],[7.00648333300006,52.6385805560001],[7.00574166700005,52.639202778],[7.00445277800003,52.640913889],[7.00211111100003,52.6418472220001],[7.00053888900004,52.6421472220001],[6.99941111100003,52.6421527780001],[6.99375833300007,52.641297222],[6.99225833300005,52.6413694440001],[6.98418333300003,52.6436694440001],[6.98176944400007,52.645066667],[6.97589166700004,52.6462638890001],[6.97482777800008,52.6460611110001],[6.97021388900004,52.6426027780001],[6.96813888900004,52.6417555560001],[6.95912222200008,52.641705556],[6.95425833300004,52.6392000000001],[6.95348611100007,52.638977778],[6.94524444400002,52.6393194440001],[6.93979722200004,52.637936111],[6.93873611100003,52.637841667],[6.93463611100003,52.638316667],[6.92881666700004,52.6401638890001],[6.91936388900007,52.6398444440001],[6.91876944400008,52.639986111],[6.91563888900004,52.641827778],[6.91495555600005,52.6460027780001],[6.91462500000006,52.6464111110001],[6.91400555600006,52.6467111110001],[6.90793055600005,52.647938889],[6.90300555600004,52.6485805560001],[6.89866944400006,52.650980556],[6.89745277800006,52.651338889],[6.89169166700003,52.651547222],[6.87997500000006,52.6505472220001],[6.87693055600005,52.651469444],[6.87413333300003,52.652963889],[6.87319722200004,52.6532611110001],[6.87142777800005,52.6529833330001],[6.86948333300006,52.6518500000001],[6.86449722200007,52.6497944440001],[6.85382500000003,52.649575],[6.85112222200007,52.648613889],[6.83888611100002,52.651802778],[6.83767222200004,52.6519555560001],[6.83167777800003,52.651497222],[6.83029722200007,52.6507083330001],[6.82954722200003,52.649883333],[6.82751944400007,52.649036111],[6.82222777800007,52.6477333330001],[6.81858611100006,52.6476916670001],[6.81619166700006,52.6486194440001],[6.80801944400002,52.649102778],[6.80722500000007,52.649447222],[6.80585555600004,52.651177778],[6.80321944400004,52.6518750000001],[6.80237500000004,52.651891667],[6.79431666700003,52.6506416670001],[6.79327222200004,52.6509500000001],[6.79085555600005,52.652555556],[6.78978333300006,52.652805556],[6.78739722200004,52.6523638890001],[6.78388055600004,52.652525],[6.77736388900007,52.6516611110001],[6.77428055600006,52.6502444440001],[6.77209166700004,52.650052778],[6.76788055600002,52.646863889],[6.75883333300004,52.6488277780001],[6.75550555600006,52.647261111],[6.75555000000003,52.6470583330001],[6.75488333300007,52.6467916670001],[6.75454444400003,52.6463444440001],[6.75346388900005,52.645833333],[6.75247777800007,52.646361111],[6.75191388900004,52.6470416670001],[6.75346944400007,52.647633333],[6.75365000000005,52.647933333],[6.75308333300006,52.648136111],[6.75225277800007,52.6480250000001],[6.75071111100004,52.647277778],[6.75049166700006,52.6468888890001],[6.74204444400004,52.6453861110001],[6.73696111100003,52.641205556],[6.73069722200006,52.637527778],[6.72640277800002,52.633222222],[6.72081388900006,52.6314472220001],[6.71828333300004,52.631344444],[6.71513333300004,52.630313889],[6.71280277800003,52.628897222],[6.71004444400006,52.6278638890001],[6.71003333300007,52.627494444],[6.71016944400003,52.6273166670001],[6.71200277800006,52.626844444],[6.71424444400003,52.626836111],[6.71490277800007,52.6259027780001],[6.71814166700005,52.6234111110001],[6.71842500000002,52.6230333330001],[6.71861111100003,52.6219694440001],[6.72041388900004,52.6215527780001],[6.72212777800007,52.620355556],[6.72290000000004,52.6203750000001],[6.72438611100006,52.619144444],[6.72500277800003,52.618488889],[6.72528611100006,52.6178472220001],[6.72733611100006,52.6149888890001],[6.72507777800007,52.610413889],[6.72475555600005,52.6090833330001],[6.72442500000005,52.6085416670001],[6.72450555600005,52.6076027780001],[6.72415833300005,52.6056611110001],[6.72377500000005,52.604594444],[6.72392222200006,52.604133333],[6.72372500000006,52.6031611110001],[6.72095000000007,52.598308333],[6.72081388900006,52.5963583330001],[6.72162222200006,52.5949000000001],[6.72007777800007,52.5933416670001],[6.71879722200003,52.588625],[6.72837438300007,52.5836087660001],[6.73794935100005,52.5785917600001],[6.74752212900006,52.573573982],[6.75709271500006,52.568555432],[6.76666111100008,52.5635361110001],[6.76669722200006,52.5616416670001],[6.76394166700004,52.5615638890001],[6.75377500000008,52.559177778],[6.75199722200006,52.5590444440001],[6.75060555600004,52.5592444440001],[6.74003055600002,52.5620666670001],[6.73838055600004,52.562152778],[6.73437777800007,52.5617500000001],[6.72597500000006,52.5632583330001],[6.72558611100004,52.562627778],[6.72553611100005,52.561780556],[6.72327616500007,52.5574430770001],[6.72101666700007,52.553105556],[6.72069722200007,52.552677778],[6.72021944400007,52.5525138890001],[6.72000000000003,52.551672222],[6.71818055600005,52.550891667],[6.71623888900007,52.5503305560001],[6.71626944400003,52.5498055560001],[6.71602777800007,52.549227778],[6.71623888900007,52.5487000000001],[6.71610277800005,52.5484361110001],[6.70436383400005,52.5500650500001],[6.69262401900005,52.5516928280001],[6.68088333300005,52.5533194440001],[6.68700129200005,52.5452428340001],[6.69311699900004,52.5371659080001],[6.69923045700006,52.5290886670001],[6.70534166700003,52.5210111110001],[6.70398611100006,52.5159833330001],[6.70237696300006,52.5085576720001],[6.70076835800006,52.5011319880001],[6.69916029600006,52.4937062830001],[6.69755277800004,52.4862805560001],[6.70764815800004,52.4822032070001],[6.71774166700004,52.478125],[6.72046944400006,52.477183333],[6.72377500000005,52.4770194440001],[6.73343059100006,52.4727183780001],[6.74308429500007,52.4684165260001],[6.75273611100005,52.464113889],[6.76375056500007,52.4618574560001],[6.77476388900004,52.4596000000001],[6.78466574400005,52.459594345],[6.79456759600004,52.4595878640001],[6.80446944400006,52.459580556],[6.81813049600004,52.4597730090001],[6.83179166700006,52.4599638890001],[6.84473611100003,52.459191667],[6.85430000000002,52.459708333],[6.85342212500007,52.454812503],[6.85254444400005,52.4499166670001],[6.86181944400005,52.451361111],[6.87544241100005,52.448954949],[6.88906388900006,52.446547222],[6.89757402700008,52.444396139],[6.90608333300003,52.442244444],[6.91794381600005,52.4399734080001],[6.92980307500005,52.437701186],[6.94166111100003,52.4354277780001],[6.94730277800005,52.436625],[6.95417998100004,52.4403085330001],[6.96105833300004,52.443991667],[6.96178333300003,52.4436305560001],[6.96218333300004,52.443991667],[6.96195000000006,52.4446222220001],[6.96693055600002,52.4499277780001],[6.96997777800004,52.454472222],[6.97444722200004,52.4597166670001],[6.97608333300008,52.4629027780001],[6.97599722200005,52.4630388890001],[6.97619444400004,52.463119444],[6.97753055600003,52.4656833330001],[6.98761111100004,52.4697694440001],[6.99182777800007,52.467355556],[6.99390833300004,52.465488889],[6.99457777800006,52.462130556],[7.00002777800006,52.4547111110001],[7.00256693800003,52.449997249],[7.00510555600005,52.4452833330001],[7.00795330000005,52.437208368],[7.01080000000007,52.429133333],[7.01639761300004,52.426058465],[7.02199444400003,52.422983333],[7.02500865100006,52.4183403160001],[7.02802222200006,52.4136972220001],[7.03248611100003,52.4073361110001],[7.03341666700004,52.406497222],[7.03471111100004,52.403852778],[7.03612222200007,52.4026500000001],[7.03825555600002,52.402741667],[7.04166388900006,52.402527778],[7.04656111100007,52.400863889],[7.05054444400002,52.4007388890001],[7.05101666700006,52.400555556],[7.05165277800006,52.3999250000001],[7.05532222200003,52.4010416670001],[7.05597500000005,52.4005805560001],[7.05873333300002,52.3994083330001],[7.05910833300004,52.3971361110001],[7.05900555600005,52.3964750000001],[7.05853055600005,52.396180556],[7.06400277800003,52.3903666670001],[7.06808271900007,52.3819861810001],[7.07216111100007,52.373605556],[7.07204722200004,52.372772222],[7.07228888900005,52.371688889],[7.07226388900006,52.368011111],[7.07276944400007,52.3668083330001],[7.07241384800005,52.361668056],[7.07205833300003,52.356527778],[7.07225555600007,52.3518777780001],[7.06425012900007,52.344921104],[7.05624722200002,52.337963889],[7.05615000000006,52.334958333],[7.05481666700007,52.33295],[7.05545000000006,52.3321638890001],[7.05213888900005,52.3286972220001],[7.04803055600007,52.324933333],[7.04718333300002,52.3237472220001],[7.04695833300002,52.322830556],[7.04724166700004,52.321294444],[7.04806388900005,52.3199527780001],[7.04761111100004,52.319441667],[7.04754166700008,52.3184944440001],[7.04573333300004,52.3163916670001],[7.04646944400002,52.3166138890001],[7.04745833300007,52.3153],[7.04685555600003,52.3149083330001],[7.04329722200004,52.313913889],[7.04354722200003,52.313477778],[7.03883333300007,52.312427778],[7.04132777800004,52.3111138890001],[7.04053888900006,52.3101583330001],[7.03950000000003,52.307627778],[7.03380277800005,52.302452778],[7.03011484200005,52.2972167240001],[7.02642777800003,52.2919805560001],[7.02622777800002,52.287319444],[7.02954444400007,52.281522222],[7.02961388900007,52.2801833330001],[7.02883611100003,52.2793638890001],[7.02798333300007,52.2789333330001],[7.02751944400006,52.2779555560001],[7.02856944400003,52.2736444440001],[7.03207500000002,52.271705556],[7.03723701700005,52.263925113],[7.04239722200003,52.256144444],[7.05019711700004,52.2511755140001],[7.05799526500005,52.246206069],[7.06579166700004,52.241236111],[7.06302222200003,52.2372222220001],[7.04907153300007,52.2363439100001],[7.03512139700007,52.2354639530001],[7.02117181400007,52.2345823520001],[7.00722278600006,52.2336991060001],[6.99327431300003,52.2328142170001],[6.97932639700002,52.231927683],[6.96537903900003,52.2310395060001],[6.95143223900004,52.2301496850001],[6.93748599900005,52.2292582210001],[6.92354031900004,52.2283651130001],[6.90959520100006,52.227470361],[6.89565064600004,52.226573966],[6.88170665400003,52.225675929],[6.86776322700007,52.2247762480001],[6.85382036500005,52.223874924],[6.83987806900006,52.222971957],[6.82593634200003,52.2220673480001],[6.81199518200003,52.221161097],[6.79805459300007,52.220253203],[6.78411457300007,52.219343666],[6.77017512500004,52.2184324880001],[6.75623625000003,52.217519667],[6.74730332600006,52.224494667],[6.73836759400007,52.231468992],[6.72942905500003,52.238442643],[6.72048770700007,52.245415618],[6.71154354700008,52.2523879180001],[6.70259657600008,52.259359541],[6.69364679200004,52.2663304880001],[6.68469419300004,52.2733007580001],[6.67573877800004,52.2802703510001],[6.66678054600004,52.2872392670001],[6.65781949600006,52.294207504],[6.64885562500007,52.3011750630001],[6.63988893300007,52.3081419430001],[6.63091941900007,52.3151081440001],[6.62194708100003,52.3220736660001],[6.61297191800003,52.3290385070001],[6.60399392800002,52.336002669],[6.59501311100007,52.3429661490001],[6.58602946400003,52.3499289490001],[6.57704298700003,52.356891067],[6.56805367800007,52.363852503],[6.55906153600006,52.3708132570001],[6.55006656000006,52.377773329],[6.54106874700005,52.3847327170001],[6.53206809800002,52.3916914220001],[6.52306461000006,52.3986494430001],[6.51405828300005,52.4056067810001],[6.50504911400003,52.4125634330001],[6.49603710300005,52.4195194010001],[6.48702224900006,52.426474683],[6.47800454900005,52.43342928],[6.46898400300006,52.44038319],[6.45996060900006,52.4473364140001],[6.45093436600007,52.4542889510001],[6.44190527200004,52.461240801],[6.43287332700004,52.468191963],[6.42383852900002,52.475142437],[6.41480087600007,52.4820922230001],[6.40576036800007,52.4890413200001],[6.39671700200006,52.495989728],[6.38767077800003,52.502937446],[6.37862169500005,52.509884474],[6.36956975000004,52.516830811],[6.36051494300006,52.523776458],[6.35145727200006,52.530721414],[6.34239673600007,52.5376656780001],[6.33333333300004,52.5446092500001],[6.33333333300004,52.763888889],[6.34113191500006,52.7711269600001],[6.34893309100005,52.778364519],[6.35673686100006,52.7856015670001],[6.36454322800006,52.7928381020001],[6.37235219200005,52.800074125],[6.38016375500007,52.8073096360001],[6.38797791800005,52.8145446330001],[6.39579468300008,52.8217791170001],[6.40361405100003,52.8290130870001],[6.41143602400007,52.8362465430001],[6.41926060200007,52.843479486],[6.42708778700006,52.8507119130001],[6.43491758100004,52.8579438260001],[6.44274998400005,52.8651752230001],[6.45058499900006,52.872406106],[6.45842262600007,52.8796364720001],[6.46626286800006,52.8868663220001],[6.47410572400003,52.894095656],[6.48195119800005,52.901324473],[6.48979928900008,52.9085527730001],[6.49765000000002,52.9157805560001],[6.51214805500007,52.917541885],[6.52664728900004,52.9193014480001],[6.54114770100006,52.9210592470001],[6.55564929000008,52.9228152810001],[6.57015205400006,52.9245695480001],[6.58465599300007,52.9263220500001],[6.59916110600005,52.928072786],[6.61366739200002,52.9298217560001],[6.62817484900006,52.9315689590001],[6.64268347700005,52.9333143950001],[6.65719327500005,52.935058063],[6.67170424100004,52.936799965],[6.68621637500007,52.9385400990001],[6.70072967600004,52.9402784650001],[6.71524414200007,52.942015063],[6.72975977300007,52.943749892],[6.74427656800003,52.9454829530001],[6.75879452500004,52.9472142450001],[6.77331364400004,52.948943768],[6.78783392300005,52.9506715220001],[6.80235536100002,52.9523975050001],[6.81687795800002,52.9541217190001],[6.83140171300005,52.9558441630001],[6.84592662400007,52.9575648360001],[6.86045269000005,52.9592837390001],[6.87497991100003,52.9610008710001],[6.88950828500003,52.9627162310001],[6.90403781100002,52.9644298210001],[6.91856848900005,52.9661416380001],[6.93310031600004,52.967851684],[6.94763329300002,52.9695599570001],[6.96216741900002,52.9712664580001],[6.97670269100007,52.972971187],[6.99123911000004,52.974674142],[7.00577667400006,52.9763753240001],[7.02031538100005,52.978074733],[7.03485523200004,52.979772369],[7.04939622500007,52.9814682300001],[7.06393835900008,52.9831623170001],[7.07848163200003,52.98485463],[7.09302604500004,52.9865451680001],[7.10757159600007,52.9882339310001],[7.12211828300002,52.989920919],[7.13666610600006,52.9916061320001],[7.15121506400004,52.9932895690001],[7.16576515500003,52.99497123],[7.18031638000002,52.9966511150001],[7.19486873600005,52.998329224]]]},"properties":{"Name":"NIEUW MILLIGEN TMA C1","Designator":"EHMCC1B","Type":"TMA","LocalType":"TMA","UpperLimit":195,"LowerLimit":65,"UpperLimitUnit":"FL","LowerLimitUnit":"FL","Class":"B","name":"NIEUW MILLIGEN TMA C1"}},{"type":"Feature","geometry":{"type":"Polygon","coordinates":[[[6.74166666700006,53.504166667],[6.75412240900005,53.502781014],[6.76657733700006,53.501394066],[6.77903145000005,53.500005824],[6.79148474600004,53.4986162880001],[6.80393722600007,53.4972254580001],[6.81638888900005,53.4958333330001],[6.82819890900004,53.4904878560001],[6.84000595300006,53.4851412150001],[6.85181002000007,53.4797934110001],[6.86361111100007,53.474444444],[6.87142676300004,53.467578302],[6.87923988700004,53.4607116500001],[6.88705048400004,53.4538444880001],[6.89485855600003,53.4469768170001],[6.90266410300006,53.440108638],[6.91046712700006,53.433239949],[6.91826762900007,53.4263707530001],[6.92606561100007,53.419501048],[6.93386107300006,53.4126308360001],[6.94165401700008,53.4057601160001],[6.94944444400005,53.398888889],[6.95497236900007,53.391077281],[6.96049826500007,53.3832654180001],[6.96602213400007,53.3754533000001],[6.97154397600002,53.3676409270001],[6.97706379400006,53.3598282990001],[6.98258158800007,53.3520154170001],[6.98809736000004,53.34420228],[6.99361111100006,53.336388889],[7.00146105400006,53.3314591060001],[7.00930918300003,53.326528808],[7.01715549800002,53.321597995],[7.02500000000003,53.316666667],[7.03889385000002,53.3152866520001],[7.05278680200007,53.313905022],[7.06667885300004,53.3125217790001],[7.08057000400004,53.311136923],[7.09446025300002,53.3097504520001],[7.10834959900006,53.3083623690001],[7.12223804200005,53.306972672],[7.13612558000005,53.305581363],[7.15001221200004,53.3041884410001],[7.16389793800005,53.302793906],[7.17778275700005,53.3013977590001],[7.19166666700005,53.3000000000001],[7.19419905900003,53.2913335740001],[7.19673042300008,53.2826670950001],[7.19926076100006,53.274000562],[7.20179007300004,53.265333975],[7.20431836000006,53.256667335],[7.20684562200006,53.248000641],[7.20937186100002,53.239333894],[7.21189707700006,53.2306670940001],[7.21442127100005,53.2220002400001],[7.21694444400003,53.213333333],[7.21728893800002,53.207179167],[7.21763333300004,53.2010250000001],[7.21762500000006,53.1978222220001],[7.21655277800005,53.195552778],[7.21564444400008,53.194836111],[7.21345833300006,53.1938361110001],[7.21145555600003,53.192511111],[7.20804444400005,53.1884805560001],[7.21777315200006,53.184380952],[7.22750000000002,53.1802805560001],[7.22003165600006,53.178625234],[7.21256388900002,53.1769694440001],[7.20813611100004,53.1765444440001],[7.20365555600006,53.176566667],[7.19724194500003,53.1691321170001],[7.19083055600004,53.161697222],[7.19073611100004,53.160927778],[7.19121111100003,53.159886111],[7.19115277800006,53.159563889],[7.18931666700007,53.1573805560001],[7.18922500000002,53.1554444440001],[7.18962777800004,53.148013889],[7.18555833300007,53.1443972220001],[7.18389444400003,53.1422805560001],[7.18321666700007,53.1404055560001],[7.18025555600008,53.1380333330001],[7.17896666700005,53.1385388890001],[7.17893888900005,53.138158333],[7.18028611100004,53.1300277780001],[7.18093333300004,53.1278722220001],[7.18183055600002,53.1266722220001],[7.18361111100006,53.1248972220001],[7.18407500000006,53.124927778],[7.18589444400004,53.1242222220001],[7.18290000000007,53.1217694440001],[7.19284818900007,53.1175920810001],[7.20279444400006,53.1134138890001],[7.20190019500006,53.105407649],[7.20100627900007,53.0974014020001],[7.20011269600008,53.089395149],[7.19921944400005,53.081388889],[7.20094065600006,53.072575434],[7.20266116400006,53.063761954],[7.20438096700008,53.05494845],[7.20610006800007,53.04613492],[7.20781846500006,53.0373213660001],[7.20953616000003,53.0285077870001],[7.21125315300003,53.0196941840001],[7.21296944400007,53.0108805560001],[7.21744722200003,53.0070416670001],[7.21610555600006,53.005925],[7.21648888900006,53.0056527780001],[7.21513055600008,53.0051194440001],[7.20956388900004,53.000511111],[7.20934133200006,53.000044105],[7.20942222200006,53.0000055560001],[7.19481540200007,52.998323058],[7.18020972100004,52.9966387710001],[7.16560518000006,52.9949526940001],[7.15100178000006,52.9932648280001],[7.13639952300002,52.9915751730001],[7.12179840800007,52.989883729],[7.10719843700002,52.9881904970001],[7.09259961200007,52.9864954770001],[7.07800193300005,52.9847986680001],[7.06340540100007,52.9831000730001],[7.04881001800004,52.9813996890001],[7.03421578400003,52.9796975190001],[7.01962270000007,52.9779935610001],[7.00503076800004,52.9762878170001],[6.99043998900004,52.974580287],[6.97585036300006,52.97287097],[6.96126189100005,52.971159868],[6.94667457600002,52.9694469790001],[6.93208841700005,52.9677323060001],[6.91750341600005,52.9660158470001],[6.90291957300008,52.964297603],[6.88833689100005,52.9625775750001],[6.87375536900004,52.9608557620001],[6.85917500900007,52.959132165],[6.84459581200002,52.9574067840001],[6.83001778000005,52.9556796200001],[6.81544091200004,52.9539506720001],[6.80086521000004,52.9522199410001],[6.78629067500003,52.950487428],[6.77171730900005,52.948753131],[6.75714511100006,52.947017052],[6.74257408400007,52.9452791910001],[6.72800422800003,52.943539549],[6.71343554400005,52.9417981240001],[6.69886803400004,52.940054919],[6.68430169800007,52.938309932],[6.66973653700006,52.9365631640001],[6.65517255300006,52.934814616],[6.64060974600005,52.9330642880001],[6.62604811700004,52.931312179],[6.61148766800005,52.929558291],[6.59692840000002,52.927802623],[6.58237031300007,52.9260451760001],[6.56781340800006,52.9242859500001],[6.55325768700004,52.9225249450001],[6.53870315100005,52.920762161],[6.52414980000003,52.9189976000001],[6.50959763600002,52.9172312600001],[6.49504665900002,52.9154631430001],[6.48049687200006,52.9136932480001],[6.46594827300004,52.9119215760001],[6.45140086600003,52.9101481260001],[6.43685465000004,52.9083729010001],[6.42230962700006,52.906595898],[6.40776579800007,52.9048171200001],[6.39322316400006,52.903036566],[6.37868172600002,52.9012542360001],[6.36414148400007,52.899470131],[6.34960244000007,52.8976842500001],[6.33506459500006,52.8958965950001],[6.32052795000004,52.894107165],[6.30599250600005,52.8923159610001],[6.29145826300004,52.890522982],[6.27692522400002,52.88872823],[6.26239338800002,52.8869317040001],[6.24786275800005,52.885133405],[6.23333333300008,52.8833333330001],[6.22986979300003,52.891667323],[6.22640492100004,52.9000012130001],[6.22293871600004,52.9083350010001],[6.21947117600007,52.9166686890001],[6.21600230300004,52.925002276],[6.21253209300005,52.9333357610001],[6.20906054700004,52.941669146],[6.20558766300007,52.9500024290001],[6.20211344100005,52.9583356110001],[6.19863787900005,52.966668692],[6.19516097800005,52.975001671],[6.19168273500003,52.9833345490001],[6.18820315000005,52.991667325],[6.18472222200006,53.0000000000001],[6.18366310700003,53.0086163130001],[6.18260356800005,53.0172326160001],[6.18154360700004,53.025848909],[6.18048322200002,53.0344651940001],[6.17942241300005,53.0430814680001],[6.17836118000002,53.0516977340001],[6.17729952300004,53.0603139900001],[6.17623744000002,53.068930236],[6.17517493300005,53.077546473],[6.17411200000004,53.086162701],[6.17304864200003,53.0947789190001],[6.17198485800003,53.103395128],[6.17092064700006,53.1120113270001],[6.16985601000005,53.1206275160001],[6.16879094600006,53.1292436960001],[6.16772545500004,53.137859867],[6.16665953700004,53.1464760280001],[6.16559319000004,53.1550921800001],[6.16452641600006,53.163708322],[6.16345921300007,53.172324454],[6.16239158100007,53.1809405770001],[6.16132352100004,53.1895566910001],[6.16025503100008,53.1981727950001],[6.15918611100005,53.2067888890001],[6.17095099700003,53.212165414],[6.18271883500006,53.2175407810001],[6.19448962700005,53.2229149880001],[6.20626337300007,53.228288035],[6.21804007400004,53.2336599220001],[6.22981973100002,53.239030647],[6.24160234300007,53.2444002120001],[6.25338791300004,53.2497686140001],[6.26517644000006,53.2551358540001],[6.27696792600005,53.26050193],[6.28876237100008,53.2658668440001],[6.30055977500007,53.271230593],[6.31236013900002,53.2765931770001],[6.32416346500003,53.281954597],[6.33596975200004,53.2873148510001],[6.34777900200004,53.2926739380001],[6.35959121400003,53.298031859],[6.37140639100005,53.303388613],[6.38322453100005,53.308744199],[6.39504563700007,53.3140986170001],[6.40686970900003,53.3194518660001],[6.41869674700007,53.324803946],[6.43052675100006,53.330154856],[6.44235972400003,53.3355045960001],[6.45419566500004,53.3408531650001],[6.46603457600003,53.3462005630001],[6.47787645600005,53.3515467880001],[6.48972130600004,53.356891842],[6.50156912800003,53.362235722],[6.51341992100004,53.367578429],[6.52527368700004,53.372919962],[6.53713042600003,53.378260321],[6.54899013900007,53.3835995040001],[6.56085282600003,53.388937512],[6.57271848800002,53.3942743440001],[6.58458712600003,53.3996099990001],[6.59645874100005,53.4049444770001],[6.60833333300008,53.4102777780001],[6.61783760600002,53.416989044],[6.62734488000007,53.423699555],[6.63685515500003,53.4304093120001],[6.64636843300002,53.4371183120001],[6.65588471500007,53.4438265570001],[6.66540400300005,53.450534045],[6.67492629700007,53.457240776],[6.68445160000005,53.46394675],[6.69397991300002,53.470651966],[6.70351123600005,53.477356424],[6.71304557200006,53.4840601240001],[6.72258292200007,53.4907630650001],[6.73212328600005,53.497465246],[6.74166666700006,53.504166667]]]},"properties":{"Name":"EELDE TMA","Designator":"EHGGE","Type":"TMA","LocalType":"TMA","UpperLimit":65,"LowerLimit":1500,"UpperLimitUnit":"FL","LowerLimitUnit":"FT","Class":"E","name":"EELDE TMA"}},{"type":"Feature","geometry":{"type":"Polygon","coordinates":[[[6.33333333300004,52.4261111110001],[6.34441834800003,52.4202880990001],[6.35550043500007,52.414464051],[6.36657959500008,52.4086389670001],[6.37765582900005,52.4028128480001],[6.38872913700004,52.3969856940001],[6.39979952200002,52.3911575060001],[6.41086698300006,52.385328283],[6.42193152100003,52.3794980280001],[6.43299313800003,52.37366674],[6.44405183400005,52.3678344190001],[6.45510761000003,52.3620010670001],[6.46616046600008,52.356166683],[6.47721040500005,52.350331268],[6.48825742600008,52.344494823],[6.49930153000003,52.338657348],[6.51034271900005,52.332818844],[6.52138099400003,52.3269793110001],[6.53241635400008,52.3211387490001],[6.54344880100007,52.3152971590001],[6.55447833600005,52.309454542],[6.56550496000006,52.303610898],[6.57652867400003,52.2977662280001],[6.58754947700004,52.2919205310001],[6.59856737300004,52.2860738090001],[6.60958236000005,52.2802260620001],[6.62059444100004,52.2743772910001],[6.63160361500007,52.2685274950001],[6.64260988400002,52.2626766760001],[6.65361324900005,52.256824834],[6.66461371100007,52.250971969],[6.67561127000005,52.245118082],[6.68660592700007,52.239263173],[6.69759768300003,52.233407244],[6.70858654000006,52.2275502940001],[6.71957249700006,52.2216923230001],[6.73055555600007,52.215833333],[6.74500392500005,52.216782702],[6.75945291200003,52.2177303080001],[6.77390251400004,52.218676148],[6.78835273100003,52.219620224],[6.80280356300005,52.220562536],[6.81725500600004,52.221503082],[6.83170706200002,52.2224418640001],[6.84615972800003,52.22337888],[6.86061300300003,52.2243141320001],[6.87506688600007,52.225247617],[6.88952137700005,52.2261793380001],[6.90397647400005,52.2271092920001],[6.91843217500002,52.2280374810001],[6.93288848100002,52.2289639040001],[6.94734538900008,52.2298885610001],[6.96180289900008,52.2308114520001],[6.97626101000003,52.2317325760001],[6.99071972000007,52.232651934],[7.00517902800004,52.2335695250001],[7.01963893300007,52.2344853500001],[7.03409943500003,52.235399408],[7.04856053100002,52.2363116980001],[7.06302222200003,52.2372222220001],[7.06128611100007,52.2347111110001],[7.05019216400007,52.231142187],[7.03910000000008,52.227572222],[7.02640000000002,52.225716667],[7.02045277800005,52.225941667],[7.01918611100007,52.225058333],[7.01753333300007,52.225838889],[7.01466388900008,52.226511111],[7.01308611100006,52.2273500000001],[7.01241944400005,52.2270472220001],[7.01265555600003,52.2268083330001],[7.01179166700007,52.226883333],[7.01122500000002,52.2275916670001],[7.00349166700005,52.2285972220001],[6.99699166700003,52.2270361110001],[6.99425277800003,52.2269805560001],[6.99216666700005,52.227241667],[6.98983333300004,52.226991667],[6.98908055600003,52.2268527780001],[6.98883333300006,52.2263055560001],[6.98786111100003,52.225983333],[6.98710000000005,52.225455556],[6.98519444400006,52.2252722220001],[6.98502222200005,52.224513889],[6.98550000000006,52.224066667],[6.98542222200007,52.2234472220001],[6.98445555600006,52.223058333],[6.98444166700006,52.2228250000001],[6.98278333300004,52.2223416670001],[6.98122777800006,52.2210388890001],[6.98059444400008,52.219302778],[6.97975833300006,52.2181833330001],[6.98006111100005,52.2179750000001],[6.97971388900004,52.2172305560001],[6.97953333300006,52.216141667],[6.97976666700004,52.2145944440001],[6.97901388900004,52.213336111],[6.97863333300006,52.212222222],[6.97636111100007,52.2098888890001],[6.97463611100005,52.2068333330001],[6.97482500000007,52.2067805560001],[6.97408888900003,52.2054055560001],[6.97090555600005,52.2029805560001],[6.97035833300004,52.2019777780001],[6.96725000000004,52.198041667],[6.96740000000005,52.197894444],[6.96468888900006,52.196241667],[6.96415000000007,52.1953750000001],[6.96239444400004,52.1943000000001],[6.96213611100006,52.1922555560001],[6.96242222200004,52.1912888890001],[6.95738611100006,52.1870305560001],[6.95645277800003,52.185566667],[6.95446388900007,52.184080556],[6.95472777800006,52.183952778],[6.95124722200006,52.1810583330001],[6.95037222200006,52.181130556],[6.94950833300004,52.1805055560001],[6.93788611100007,52.1794694440001],[6.93628333300006,52.17875],[6.93374444400007,52.1784500000001],[6.92468880400003,52.1780322910001],[6.91563333300007,52.177613889],[6.91185555600003,52.177147222],[6.90806388900006,52.175961111],[6.90810833300003,52.1754638890001],[6.90675000000005,52.175069444],[6.90584166700006,52.1737944440001],[6.90596388900002,52.1726694440001],[6.90559166700007,52.172186111],[6.90588055600006,52.1715472220001],[6.90559166700007,52.1706583330001],[6.90589722200002,52.170069444],[6.90572222200007,52.1699166670001],[6.90083888900006,52.1670583330001],[6.89666388900002,52.164975],[6.88856168400002,52.160493333],[6.88046111100005,52.1560111110001],[6.88196666700003,52.1559777780001],[6.87907770900006,52.1483102560001],[6.87618974600002,52.1406426630001],[6.87330277800004,52.132975],[6.87303333300002,52.1319361110001],[6.87353333300007,52.1306555560001],[6.87346111100004,52.1302833330001],[6.87189722200003,52.1300000000001],[6.87104444400006,52.129522222],[6.87087222200006,52.1291694440001],[6.86709166700007,52.1280722220001],[6.86275277800007,52.1249666670001],[6.85547500000007,52.1204611110001],[6.84320000000002,52.1191972220001],[6.83295685300004,52.1188018330001],[6.82271388900006,52.118405556],[6.81028786200005,52.118482612],[6.79786179200005,52.118558363],[6.78543568000003,52.118632807],[6.77300952700006,52.118705946],[6.76058333300006,52.118777778],[6.75973055600002,52.1129527780001],[6.75959444400007,52.1093000000001],[6.75924166700003,52.107533333],[6.75878333300005,52.1065694440001],[6.75858333300005,52.105294444],[6.75840000000005,52.1053138890001],[6.75803333300007,52.1039638890001],[6.75763333300006,52.0993],[6.75656944400004,52.0979888890001],[6.75547500000005,52.0971305560001],[6.75631388900007,52.0969250000001],[6.75550833300002,52.0960166670001],[6.75526666700006,52.0952333330001],[6.75500833300003,52.0948638890001],[6.75329444400006,52.0958805560001],[6.75028055600006,52.0958027780001],[6.74870833300002,52.094844444],[6.74650277800004,52.0943888890001],[6.74551666700006,52.093191667],[6.74450555600004,52.0931194440001],[6.74520277800002,52.0920888890001],[6.74458611100005,52.091802778],[6.74508333300003,52.09115],[6.74550833300003,52.0900611110001],[6.75023055600008,52.0875611110001],[6.75108611100006,52.0854805560001],[6.75093055600007,52.085027778],[6.74761666700005,52.0819222220001],[6.74502500000006,52.080911111],[6.74402500000002,52.0803333330001],[6.73547222200006,52.0746333330001],[6.72467340300005,52.0737727160001],[6.71387500000003,52.0729111110001],[6.70492472300003,52.0715281170001],[6.69597500000003,52.0701444440001],[6.69466111100007,52.069808333],[6.69548611100004,52.0685861110001],[6.69646944400006,52.068302778],[6.69686666700005,52.067352778],[6.69588333300004,52.064269444],[6.69525555600006,52.0641972220001],[6.69170277800004,52.05915],[6.69149722200007,52.0591416670001],[6.68957222200004,52.0564527780001],[6.68740000000003,52.056397222],[6.68680833300004,52.055525],[6.68698611100007,52.0531500000001],[6.68674444400006,52.0525416670001],[6.68820000000005,52.05235],[6.68802775400007,52.0461041670001],[6.68785555600004,52.039858333],[6.70100135700005,52.0399660090001],[6.71414722200007,52.040072222],[6.72709206600007,52.036185677],[6.74003465800007,52.032297714],[6.75297500000005,52.0284083330001],[6.75853787900007,52.025361242],[6.76410000000004,52.022313889],[6.76631388900006,52.0187861110001],[6.77214166700003,52.017894444],[6.77625555600002,52.015636111],[6.78504702800006,52.0112523700001],[6.79383677800007,52.006867975],[6.80262480500005,52.002482925],[6.81141111100004,51.9980972220001],[6.80780000000004,51.994969444],[6.81720431800005,51.9942489860001],[6.82660833300002,51.993527778],[6.82832222200005,51.9897777780001],[6.83035277800008,51.986194444],[6.82960000000003,51.9794305560001],[6.83023333300002,51.9764083330001],[6.83230833300007,51.9743472220001],[6.83275555600005,51.972938889],[6.83281388900002,51.9718083330001],[6.83242777800007,51.9700472220001],[6.82853055600003,51.9641083330001],[6.82176944400004,51.964130556],[6.81383888900007,51.9636333330001],[6.81246111100006,51.9618333330001],[6.79887500000007,51.9587472220001],[6.79755950600003,51.9513625070001],[6.79624444400002,51.943977778],[6.79644444400003,51.943419444],[6.79727222200006,51.9425555560001],[6.79399166700006,51.935297222],[6.78597500000006,51.9311916670001],[6.78894444400004,51.929661111],[6.77948747100004,51.9229323230001],[6.77003333300007,51.9162027780001],[6.76599166700004,51.9160694440001],[6.76349166700004,51.9153944440001],[6.76165000000003,51.9144277780001],[6.75949166700002,51.9139888890001],[6.75691666700004,51.913802778],[6.75462500000003,51.9130944440001],[6.75402500000007,51.9126277780001],[6.75417500000003,51.9123555560001],[6.75403333300005,51.912041667],[6.75413333300003,51.9104722220001],[6.75439722200002,51.910069444],[6.75265555600004,51.908733333],[6.75205555600007,51.9085527780001],[6.75118611100004,51.907225],[6.74554166700005,51.9057250000001],[6.74050277800006,51.9052694440001],[6.73713888900005,51.904683333],[6.73252777800008,51.898705556],[6.72190000000006,51.896086111],[6.71256773700003,51.901239258],[6.70323333300007,51.906391667],[6.70383888900005,51.9093611110001],[6.70325833300006,51.9097305560001],[6.70137500000004,51.909722222],[6.69978055600006,51.909047222],[6.69762500000007,51.909844444],[6.69556111100007,51.9150638890001],[6.69576388900003,51.915175],[6.69553888900003,51.9157222220001],[6.69517777800007,51.915861111],[6.69260000000003,51.9147333330001],[6.69009166700005,51.9149472220001],[6.68984722200003,51.91515],[6.68955000000005,51.9150194440001],[6.68869722200003,51.9153833330001],[6.68425000000008,51.916169444],[6.68473333300005,51.917372222],[6.68408333300005,51.917594444],[6.67478888900007,51.9159388890001],[6.66872500000005,51.913866667],[6.66206944400005,51.911205556],[6.65545526100004,51.90920713],[6.64884166700006,51.907208333],[6.63767777800007,51.904469444],[6.63416388900004,51.9010527780001],[6.62772777800006,51.900875],[6.62533611100002,51.9019527780001],[6.61483139600006,51.8996074120001],[6.60432777800003,51.897261111],[6.59505522800004,51.895672587],[6.58578333300005,51.894083333],[6.57765364500005,51.8911975020001],[6.56952500000006,51.8883111110001],[6.56386944400003,51.8854944440001],[6.56277222200004,51.884416667],[6.56183333300004,51.8840638890001],[6.56099722200003,51.884127778],[6.56066944400004,51.882933333],[6.56100555600005,51.8825444440001],[6.56061111100007,51.882205556],[6.55880000000008,51.882533333],[6.55778333300003,51.8823972220001],[6.55764444400006,51.8822888890001],[6.55778888900005,51.8820138890001],[6.55750555600002,51.8818277780001],[6.55600000000004,51.881783333],[6.55528055600007,51.8826666670001],[6.55538055600005,51.8833638890001],[6.55524444400004,51.8835333330001],[6.55267777800003,51.8840638890001],[6.55232777800006,51.8862083330001],[6.54970277800004,51.885511111],[6.54827222200004,51.885366667],[6.54914166700007,51.883963889],[6.54989444400007,51.8834277780001],[6.54941111100004,51.8831250000001],[6.54765555600005,51.8832333330001],[6.54537222200003,51.8845972220001],[6.54379722200002,51.8844444440001],[6.54239166700006,51.8835250000001],[6.54215833300003,51.8826333330001],[6.54133333300007,51.881966667],[6.54070833300005,51.8817083330001],[6.53989166700006,51.880938889],[6.53894444400004,51.8808638890001],[6.53859444400007,51.880338889],[6.53722222200003,51.879597222],[6.53428333300008,51.8788666670001],[6.53181944400006,51.877736111],[6.52935277800003,51.8770027780001],[6.52920833300004,51.8765888890001],[6.52986666700002,51.8760361110001],[6.52444722200005,51.8741555560001],[6.52458611100008,51.8737194440001],[6.51816111100004,51.8731388890001],[6.51701944400003,51.8734166670001],[6.51545000000004,51.8735083330001],[6.51421666700003,51.873008333],[6.51248333300003,51.871941667],[6.51157222200004,51.8708972220001],[6.50853611100007,51.8697500000001],[6.50454166700007,51.8685583330001],[6.50306666700004,51.8675305560001],[6.50285555600004,51.8679138890001],[6.50190277800004,51.8678055560001],[6.50139444400003,51.868194444],[6.50106111100007,51.8680027780001],[6.50105277800003,51.8668777780001],[6.50209444400002,51.865683333],[6.50220833300006,51.8647083330001],[6.50084444400005,51.8626611110001],[6.50029166700006,51.8622750000001],[6.49637222200005,51.8609638890001],[6.49132500000007,51.859836111],[6.49030000000005,51.8593388890001],[6.48779166700007,51.8590444440001],[6.48291388900003,51.8571055560001],[6.47720277800005,51.856708333],[6.47389722200006,51.8554777780001],[6.47333055600006,51.854988889],[6.47335833300002,51.8547222220001],[6.47290000000004,51.8546000000001],[6.47251666700004,51.8538361110001],[6.46940833300005,51.85405],[6.46718611100005,51.854433333],[6.46399444400004,51.855377778],[6.46170555600003,51.8564388890001],[6.45903888900006,51.858086111],[6.45747222200004,51.8593222220001],[6.45536944400004,51.8613500000001],[6.45411944400007,51.862852778],[6.45175555600002,51.864611111],[6.45117222200003,51.865244444],[6.44847222200002,51.8655055560001],[6.44668055600005,51.865005556],[6.44548611100004,51.86375],[6.44401666700003,51.8628],[6.44246666700008,51.8623833330001],[6.44138055600007,51.8618611110001],[6.43873055600005,51.862108333],[6.43420277800004,51.8602194440001],[6.43376388900003,51.8599861110001],[6.43392777800005,51.8597444440001],[6.43242500000002,51.859408333],[6.43094166700007,51.8601555560001],[6.42937500000005,51.8606361110001],[6.42913611100005,51.8616777780001],[6.42953611100006,51.8621027780001],[6.42910555600002,51.8627416670001],[6.42926111100007,51.863275],[6.42884722200006,51.8634777780001],[6.42849166700006,51.865127778],[6.42772500000007,51.8656194440001],[6.42609722200007,51.8662027780001],[6.42543611100007,51.8658722220001],[6.42423611100003,51.8659500000001],[6.42377500000003,51.866463889],[6.42306666700006,51.8663222220001],[6.42202777800003,51.866922222],[6.42124722200003,51.8667055560001],[6.42020833300006,51.8667583330001],[6.41854722200003,51.8672083330001],[6.41406388900003,51.8694194440001],[6.41349444400004,51.86985],[6.41334444400007,51.8702777780001],[6.41227500000002,51.8710972220001],[6.41110000000003,51.870458333],[6.41102777800006,51.8702888890001],[6.41126388900005,51.8700111110001],[6.41073611100006,51.869872222],[6.41037222200003,51.8695000000001],[6.41001388900003,51.8698166670001],[6.40872777800007,51.869902778],[6.40672500000005,51.8706861110001],[6.40571666700004,51.870669444],[6.40450000000004,51.8702805560001],[6.40409444400007,51.869825],[6.40235555600003,51.869083333],[6.40135000000004,51.8693527780001],[6.40114722200002,51.869994444],[6.40078611100006,51.8704083330001],[6.39921666700008,51.870180556],[6.39829444400004,51.870908333],[6.39635000000004,51.8702388890001],[6.39590833300002,51.871133333],[6.39518055600007,51.8720027780001],[6.39366666700005,51.873038889],[6.39311944400004,51.8738222220001],[6.39225000000005,51.874005556],[6.39047777800005,51.873911111],[6.39103055600003,51.8728750000001],[6.39091666700006,51.8723583330001],[6.39047500000004,51.8720527780001],[6.38971111100005,51.8706916670001],[6.38835555600002,51.867188889],[6.38704444400003,51.8653583330001],[6.38682222200003,51.8645611110001],[6.38693888900002,51.8642055560001],[6.38756388900003,51.8636472220001],[6.38796666700006,51.8619027780001],[6.38899722200006,51.8617833330001],[6.38954166700006,51.861913889],[6.39034444400005,51.861408333],[6.39072777800004,51.8616027780001],[6.39145277800003,51.861383333],[6.39151666700008,51.860733333],[6.39183888900004,51.8604333330001],[6.39535000000006,51.8591888890001],[6.39690555600004,51.8577138890001],[6.39901944400003,51.8568861110001],[6.40004722200007,51.856025],[6.40135833300008,51.855466667],[6.40506666700003,51.8545888890001],[6.40761388900006,51.8544027780001],[6.40895000000006,51.8533305560001],[6.40896111100005,51.852663889],[6.40917500000006,51.852358333],[6.40485555600003,51.848788889],[6.40530555600003,51.8483861110001],[6.40518611100003,51.8473638890001],[6.40327777800007,51.8457916670001],[6.40243888900005,51.844469444],[6.40252500000003,51.8431944440001],[6.40423888900006,51.841113889],[6.40468333300004,51.8401944440001],[6.40548888900003,51.8396083330001],[6.40606388900005,51.838888889],[6.40694166700007,51.838322222],[6.40818055600005,51.8358944440001],[6.40738611100005,51.8357111110001],[6.40298888900003,51.836508333],[6.40454722200008,51.8332861110001],[6.40668333300005,51.829561111],[6.40718055600007,51.829086111],[6.40726388900003,51.828505556],[6.40753611100007,51.8281111110001],[6.40180833300008,51.827258333],[6.40005000000002,51.8286444440001],[6.39611944400002,51.8301500000001],[6.39514166700008,51.8300944440001],[6.39403611100005,51.8307444440001],[6.39246666700006,51.8312361110001],[6.39221111100005,51.831969444],[6.39176388900006,51.8323222220001],[6.39085277800007,51.832694444],[6.39003055600006,51.8326916670001],[6.38950277800006,51.8332722220001],[6.38800555600005,51.833680556],[6.38288611100006,51.834336111],[6.38213055600005,51.834772222],[6.37717777800003,51.8349638890001],[6.37288888900002,51.834580556],[6.37141111100004,51.8342277780001],[6.36924166700004,51.833358333],[6.36850555600006,51.8332750000001],[6.36332777800004,51.835161111],[6.36296666700002,51.8354138890001],[6.36285277800005,51.835808333],[6.36403888900003,51.838494444],[6.36255000000006,51.842675],[6.36020555600004,51.8458277780001],[6.35813888900003,51.8472972220001],[6.35659166700003,51.8478944440001],[6.35211944400004,51.8493444440001],[6.34874166700007,51.850044444],[6.34709166700003,51.850666667],[6.34331388900006,51.8510000000001],[6.33918888900007,51.8507138890001],[6.33304444400005,51.8515555560001],[6.32674722200005,51.851580556],[6.32456388900005,51.851377778],[6.32030555600005,51.851655556],[6.31902777800002,51.851563889],[6.31733888900004,51.851091667],[6.31290555600003,51.850322222],[6.31074166700006,51.8503388890001],[6.30838611100006,51.849886111],[6.30620000000005,51.8490861110001],[6.30455277800007,51.8529194440001],[6.30371944400002,51.8535972220001],[6.30246388900002,51.8565833330001],[6.30243888900003,51.856763889],[6.30280555600007,51.856977778],[6.30069444400004,51.8619861110001],[6.30044444400005,51.864516667],[6.29873055600007,51.8651694440001],[6.29820555600003,51.865961111],[6.29911388900007,51.8671583330001],[6.29895555600007,51.867808333],[6.29564444400006,51.868316667],[6.29416944400003,51.869069444],[6.28800833300005,51.871516667],[6.28345555600004,51.872166667],[6.28218888900005,51.873077778],[6.27995277800005,51.8740583330001],[6.27676944400002,51.8745388890001],[6.27271944400007,51.8747083330001],[6.27106388900006,51.874466667],[6.26977500000004,51.8740611110001],[6.26914166700004,51.87375],[6.26533333300006,51.869969444],[6.26229166700006,51.868261111],[6.26170277800003,51.8681111110001],[6.25919722200007,51.868183333],[6.25313055600003,51.868844444],[6.24821666700007,51.8695000000001],[6.24626388900003,51.8699333330001],[6.24432777800007,51.8696166670001],[6.24201111100007,51.868961111],[6.23953611100006,51.8690750000001],[6.23639166700002,51.869822222],[6.23373888900005,51.870191667],[6.22459722200006,51.8685222220001],[6.22261388900006,51.868458333],[6.21508888900007,51.8676194440001],[6.21018055600007,51.8690222220001],[6.20301944400006,51.8715722220001],[6.19604166700003,51.874702778],[6.18964166700005,51.878280556],[6.18355277800003,51.882533333],[6.18346388900005,51.8829416670001],[6.18361944400004,51.883252778],[6.18229166700007,51.8850027780001],[6.18201388900007,51.885780556],[6.18599166700005,51.886852778],[6.19143055600006,51.887352778],[6.18951944400004,51.8889444440001],[6.18986666700005,51.8896611110001],[6.19131666700002,51.8912083330001],[6.19108055600003,51.8916611110001],[6.18748888900006,51.8921527780001],[6.18256388900005,51.8939111110001],[6.18270833300005,51.894166667],[6.17624079000007,51.8977279550001],[6.16977222200006,51.9012888890001],[6.16891111100006,51.900822222],[6.16791388900003,51.9009444440001],[6.16668333300004,51.899880556],[6.16563611100003,51.898597222],[6.16302777800007,51.901141667],[6.16228333300006,51.900941667],[6.15986944400004,51.9032194440001],[6.15738888900006,51.9051027780001],[6.15620555600003,51.9052833330001],[6.15604444400003,51.9050111110001],[6.15428888900004,51.905202778],[6.15431111100003,51.904841667],[6.15405555600006,51.904555556],[6.14230216300007,51.9022075300001],[6.13055000000003,51.8998583330001],[6.13059444400005,51.899738889],[6.12872500000003,51.899338889],[6.12566944400004,51.8982055560001],[6.12426388900008,51.8987138890001],[6.12050277800006,51.9007194440001],[6.11792500000007,51.9016722220001],[6.11481944400003,51.8977166670001],[6.11234722200004,51.8989638890001],[6.11180277800003,51.8988138890001],[6.10927500000003,51.895847222],[6.11015833300007,51.8948750000001],[6.10345833300005,51.892472222],[6.10398611100004,51.8919527780001],[6.10622500000005,51.891680556],[6.11029722200004,51.892019444],[6.11321666700007,51.892552778],[6.11785277800004,51.892061111],[6.12109444400005,51.8910777780001],[6.12151388900003,51.8905472220001],[6.12260000000003,51.8900472220001],[6.12439722200003,51.8901555560001],[6.12690833300007,51.889455556],[6.12866388900005,51.8885138890001],[6.13011388900003,51.8882750000001],[6.13069722200004,51.887908333],[6.13092222200004,51.8874166670001],[6.13313055600003,51.8865555560001],[6.13544722200004,51.886386111],[6.13713055600005,51.885805556],[6.13786111100006,51.8850277780001],[6.13805555600004,51.883597222],[6.13911666700005,51.8825944440001],[6.13989444400005,51.881027778],[6.14079444400005,51.8803361110001],[6.14184166700005,51.8790222220001],[6.14284722200006,51.877286111],[6.14303611100007,51.8765861110001],[6.14361111100004,51.876252778],[6.14329722200006,51.8749805560001],[6.14374444400005,51.8741666670001],[6.14375277800002,51.873222222],[6.14462222200007,51.872069444],[6.14454166700006,51.8697472220001],[6.14564722200004,51.869255556],[6.14691666700003,51.869002778],[6.14838888900005,51.8682694440001],[6.14910555600005,51.8675111110001],[6.14918888900007,51.8670527780001],[6.15000000000003,51.866458333],[6.15082222200004,51.8661805560001],[6.15186111100007,51.8662555560001],[6.15510277800007,51.865775],[6.15622500000006,51.8654250000001],[6.15766944400002,51.864583333],[6.16006666700002,51.863816667],[6.16155833300007,51.8629722220001],[6.16475000000003,51.862216667],[6.16547500000007,51.8617083330001],[6.16708333300005,51.861605556],[6.16729444400005,51.8611722220001],[6.16712500000006,51.8607500000001],[6.16512500000005,51.859836111],[6.16443333300003,51.859],[6.16433611100007,51.857441667],[6.16360000000003,51.853680556],[6.16425277800005,51.851961111],[6.16523611100007,51.8509638890001],[6.16564166700005,51.8502111110001],[6.16610143700007,51.845466668],[6.16656111100002,51.8407222220001],[6.15966138500005,51.8425071460001],[6.15276111100007,51.844291667],[6.14364722200003,51.8460833330001],[6.13746111100005,51.846983333],[6.13245555600002,51.847438889],[6.12639444400003,51.8477250000001],[6.11894305700002,51.847734958],[6.11149166700005,51.8477444440001],[6.10510277800006,51.8483861110001],[6.10103055600007,51.8490472220001],[6.09368055600004,51.851075],[6.08927777800005,51.8527388890001],[6.08603055600003,51.8542944440001],[6.07864166700006,51.8584750000001],[6.07323055600006,51.861261111],[6.06352777800004,51.8653444440001],[6.06232500000004,51.8633],[6.06164166700006,51.861183333],[6.06043611100006,51.8612944440001],[6.05959722200004,51.8576305560001],[6.05401111100002,51.8573666670001],[6.05134722200006,51.856633333],[6.05309444400007,51.854966667],[6.05530833300003,51.852544444],[6.05526388900006,51.852372222],[6.04851904500003,51.8497057480001],[6.04177500000003,51.847038889],[6.03690833300004,51.844105556],[6.03562222200003,51.842661111],[6.03343611100007,51.8434222220001],[6.03267500000004,51.8423638890001],[6.02915277800003,51.845119444],[6.02278888900003,51.842844444],[6.02020833300003,51.8416388890001],[6.01826111100007,51.841669444],[6.01755277800004,51.8414333330001],[6.01698611100005,51.8408527780001],[6.01591666700006,51.838133333],[6.01007777800004,51.8351000000001],[6.00566111100005,51.8339916670001],[6.00194166700004,51.8324111110001],[5.99865833300004,51.8319222220001],[5.99672222200007,51.831297222],[5.99452500000007,51.830922222],[5.98680000000007,51.8306527780001],[5.98302777800006,51.831641667],[5.97828333300004,51.8324111110001],[5.97633888900003,51.8329833330001],[5.97309444400003,51.8333944440001],[5.97114444400006,51.8333416670001],[5.96817500000003,51.8343583330001],[5.96301666700003,51.836905556],[5.95885484100006,51.8339093270001],[5.95885555600006,51.8339083330001],[5.94855351600006,51.8401235590001],[5.93824863100002,51.846337884],[5.92794090100006,51.852551309],[5.91763032400007,51.8587638330001],[5.90731690000007,51.8649754560001],[5.89700062700007,51.871186176],[5.88668150500007,51.877395994],[5.87635953200004,51.88360491],[5.86603470800003,51.889812922],[5.85570703000008,51.89602003],[5.84537650000004,51.9022262340001],[5.83504311400003,51.9084315330001],[5.82470687300003,51.9146359270001],[5.81436777600004,51.920839416],[5.80402582000005,51.927041999],[5.79368100700003,51.933243675],[5.78333333300003,51.9394444440001],[5.77023937400003,51.942541598],[5.75714360600006,51.9456373],[5.74404603200003,51.9487315490001],[5.73094665000002,51.951824344],[5.71784546200007,51.954915686],[5.70474246700007,51.958005573],[5.69163766600008,51.9610940060001],[5.67853106100006,51.9641809840001],[5.66542265000004,51.967266507],[5.65231243400007,51.9703505740001],[5.63920041400007,51.9734331860001],[5.62608659000006,51.976514341],[5.61297096300007,51.9795940390001],[5.59985353300004,51.9826722810001],[5.58673430000005,51.985749065],[5.57361326500006,51.988824391],[5.56049042800004,51.991898259],[5.54736579000007,51.9949706690001],[5.53423935100005,51.998041619],[5.52111111100004,52.0011111110001],[5.53213281200004,52.0069704840001],[5.54315739800006,52.0128288270001],[5.55418487200006,52.018686142],[5.56521523400005,52.024542426],[5.57624848500006,52.0303976810001],[5.58728462500005,52.036251905],[5.59832365500006,52.042105097],[5.60936557700006,52.0479572580001],[5.62041039200005,52.0538083860001],[5.63145809900004,52.059658482],[5.64250870000006,52.0655075440001],[5.65356219600005,52.0713555730001],[5.66461858700006,52.0772025680001],[5.67567787500008,52.0830485280001],[5.68674006000003,52.088893453],[5.69780514400003,52.094737342],[5.70887312600007,52.1005801950001],[5.71994400900007,52.1064220120001],[5.73101779200005,52.112262791],[5.74209447600003,52.1181025330001],[5.75317406400006,52.1239412360001],[5.76425655400004,52.1297789020001],[5.77534194900005,52.1356155280001],[5.78643024800004,52.1414511140001],[5.79752145400005,52.1472856610001],[5.80861556600007,52.1531191660001],[5.81971258600004,52.158951631],[5.83081251400006,52.164783055],[5.84191535200006,52.1706134360001],[5.85302109900005,52.1764427750001],[5.86412975800005,52.1822710700001],[5.87524132900006,52.1880983230001],[5.88635581200003,52.1939245310001],[5.89747320900005,52.199749695],[5.90859352000007,52.205573814],[5.91971674600006,52.211396887],[5.93084288900008,52.217218915],[5.94197194800006,52.223039896],[5.95310392600004,52.22885983],[5.96423882200003,52.2346787160001],[5.97537663700007,52.240496555],[5.98651737300003,52.246313345],[5.99766103000007,52.2521290860001],[6.00880761000008,52.257943778],[6.01995711200004,52.26375742],[6.03110953800007,52.269570012],[6.04226488800003,52.2753815520001],[6.05342316400004,52.281192042],[6.06458436700007,52.2870014790001],[6.07574849600007,52.292809864],[6.08691555400003,52.2986171960001],[6.09808554000006,52.3044234750001],[6.10925845700007,52.310228699],[6.12043430300003,52.3160328700001],[6.13161308200006,52.3218359850001],[6.14279479200007,52.3276380450001],[6.15397943600004,52.333439049],[6.16516701300003,52.3392389970001],[6.17635752600006,52.345037888],[6.18755097400003,52.3508357220001],[6.19874735900004,52.3566324980001],[6.20994668100008,52.3624282150001],[6.22114894100002,52.368222874],[6.23235414000004,52.374016473],[6.24356228000005,52.3798090120001],[6.25477336000006,52.385600491],[6.26598738100006,52.3913909090001],[6.27720434600008,52.3971802660001],[6.28842425300007,52.40296856],[6.29964710500008,52.4087557930001],[6.31087290100004,52.414541962],[6.32210164400004,52.4203270690001],[6.33333333300004,52.4261111110001]]]},"properties":{"Name":"NIEUW MILLIGEN TMA E","Designator":"EHMCED","Type":"TMA","LocalType":"TMA","UpperLimit":95,"LowerLimit":55,"UpperLimitUnit":"FL","LowerLimitUnit":"FL","Class":"D","name":"NIEUW MILLIGEN TMA E"}},{"type":"Feature","geometry":{"type":"Polygon","coordinates":[[[6.33333333300004,52.4261111110001],[6.34441834800003,52.4202880990001],[6.35550043500007,52.414464051],[6.36657959500008,52.4086389670001],[6.37765582900005,52.4028128480001],[6.38872913700004,52.3969856940001],[6.39979952200002,52.3911575060001],[6.41086698300006,52.385328283],[6.42193152100003,52.3794980280001],[6.43299313800003,52.37366674],[6.44405183400005,52.3678344190001],[6.45510761000003,52.3620010670001],[6.46616046600008,52.356166683],[6.47721040500005,52.350331268],[6.48825742600008,52.344494823],[6.49930153000003,52.338657348],[6.51034271900005,52.332818844],[6.52138099400003,52.3269793110001],[6.53241635400008,52.3211387490001],[6.54344880100007,52.3152971590001],[6.55447833600005,52.309454542],[6.56550496000006,52.303610898],[6.57652867400003,52.2977662280001],[6.58754947700004,52.2919205310001],[6.59856737300004,52.2860738090001],[6.60958236000005,52.2802260620001],[6.62059444100004,52.2743772910001],[6.63160361500007,52.2685274950001],[6.64260988400002,52.2626766760001],[6.65361324900005,52.256824834],[6.66461371100007,52.250971969],[6.67561127000005,52.245118082],[6.68660592700007,52.239263173],[6.69759768300003,52.233407244],[6.70858654000006,52.2275502940001],[6.71957249700006,52.2216923230001],[6.73055555600007,52.215833333],[6.74500392500005,52.216782702],[6.75945291200003,52.2177303080001],[6.77390251400004,52.218676148],[6.78835273100003,52.219620224],[6.80280356300005,52.220562536],[6.81725500600004,52.221503082],[6.83170706200002,52.2224418640001],[6.84615972800003,52.22337888],[6.86061300300003,52.2243141320001],[6.87506688600007,52.225247617],[6.88952137700005,52.2261793380001],[6.90397647400005,52.2271092920001],[6.91843217500002,52.2280374810001],[6.93288848100002,52.2289639040001],[6.94734538900008,52.2298885610001],[6.96180289900008,52.2308114520001],[6.97626101000003,52.2317325760001],[6.99071972000007,52.232651934],[7.00517902800004,52.2335695250001],[7.01963893300007,52.2344853500001],[7.03409943500003,52.235399408],[7.04856053100002,52.2363116980001],[7.06302222200003,52.2372222220001],[7.06128611100007,52.2347111110001],[7.05019216400007,52.231142187],[7.03910000000008,52.227572222],[7.02640000000002,52.225716667],[7.02045277800005,52.225941667],[7.01918611100007,52.225058333],[7.01753333300007,52.225838889],[7.01466388900008,52.226511111],[7.01308611100006,52.2273500000001],[7.01241944400005,52.2270472220001],[7.01265555600003,52.2268083330001],[7.01179166700007,52.226883333],[7.01122500000002,52.2275916670001],[7.00349166700005,52.2285972220001],[6.99699166700003,52.2270361110001],[6.99425277800003,52.2269805560001],[6.99216666700005,52.227241667],[6.98983333300004,52.226991667],[6.98908055600003,52.2268527780001],[6.98883333300006,52.2263055560001],[6.98786111100003,52.225983333],[6.98710000000005,52.225455556],[6.98519444400006,52.2252722220001],[6.98502222200005,52.224513889],[6.98550000000006,52.224066667],[6.98542222200007,52.2234472220001],[6.98445555600006,52.223058333],[6.98444166700006,52.2228250000001],[6.98278333300004,52.2223416670001],[6.98122777800006,52.2210388890001],[6.98059444400008,52.219302778],[6.97975833300006,52.2181833330001],[6.98006111100005,52.2179750000001],[6.97971388900004,52.2172305560001],[6.97953333300006,52.216141667],[6.97976666700004,52.2145944440001],[6.97901388900004,52.213336111],[6.97863333300006,52.212222222],[6.97636111100007,52.2098888890001],[6.97463611100005,52.2068333330001],[6.97482500000007,52.2067805560001],[6.97408888900003,52.2054055560001],[6.97090555600005,52.2029805560001],[6.97035833300004,52.2019777780001],[6.96725000000004,52.198041667],[6.96740000000005,52.197894444],[6.96468888900006,52.196241667],[6.96415000000007,52.1953750000001],[6.96239444400004,52.1943000000001],[6.96213611100006,52.1922555560001],[6.96242222200004,52.1912888890001],[6.95738611100006,52.1870305560001],[6.95645277800003,52.185566667],[6.95446388900007,52.184080556],[6.95472777800006,52.183952778],[6.95124722200006,52.1810583330001],[6.95037222200006,52.181130556],[6.94950833300004,52.1805055560001],[6.93788611100007,52.1794694440001],[6.93628333300006,52.17875],[6.93374444400007,52.1784500000001],[6.92468880400003,52.1780322910001],[6.91563333300007,52.177613889],[6.91185555600003,52.177147222],[6.90806388900006,52.175961111],[6.90810833300003,52.1754638890001],[6.90675000000005,52.175069444],[6.90584166700006,52.1737944440001],[6.90596388900002,52.1726694440001],[6.90559166700007,52.172186111],[6.90588055600006,52.1715472220001],[6.90559166700007,52.1706583330001],[6.90589722200002,52.170069444],[6.90572222200007,52.1699166670001],[6.90083888900006,52.1670583330001],[6.89666388900002,52.164975],[6.88856168400002,52.160493333],[6.88046111100005,52.1560111110001],[6.88196666700003,52.1559777780001],[6.87907770900006,52.1483102560001],[6.87618974600002,52.1406426630001],[6.87330277800004,52.132975],[6.87303333300002,52.1319361110001],[6.87353333300007,52.1306555560001],[6.87346111100004,52.1302833330001],[6.87189722200003,52.1300000000001],[6.87104444400006,52.129522222],[6.87087222200006,52.1291694440001],[6.86709166700007,52.1280722220001],[6.86275277800007,52.1249666670001],[6.85547500000007,52.1204611110001],[6.84320000000002,52.1191972220001],[6.83295685300004,52.1188018330001],[6.82271388900006,52.118405556],[6.81028786200005,52.118482612],[6.79786179200005,52.118558363],[6.78543568000003,52.118632807],[6.77300952700006,52.118705946],[6.76058333300006,52.118777778],[6.75973055600002,52.1129527780001],[6.75959444400007,52.1093000000001],[6.75924166700003,52.107533333],[6.75878333300005,52.1065694440001],[6.75858333300005,52.105294444],[6.75840000000005,52.1053138890001],[6.75803333300007,52.1039638890001],[6.75763333300006,52.0993],[6.75656944400004,52.0979888890001],[6.75547500000005,52.0971305560001],[6.75631388900007,52.0969250000001],[6.75550833300002,52.0960166670001],[6.75526666700006,52.0952333330001],[6.75500833300003,52.0948638890001],[6.75329444400006,52.0958805560001],[6.75028055600006,52.0958027780001],[6.74870833300002,52.094844444],[6.74650277800004,52.0943888890001],[6.74551666700006,52.093191667],[6.74450555600004,52.0931194440001],[6.74520277800002,52.0920888890001],[6.74458611100005,52.091802778],[6.74508333300003,52.09115],[6.74550833300003,52.0900611110001],[6.75023055600008,52.0875611110001],[6.75108611100006,52.0854805560001],[6.75093055600007,52.085027778],[6.74761666700005,52.0819222220001],[6.74502500000006,52.080911111],[6.74402500000002,52.0803333330001],[6.73547222200006,52.0746333330001],[6.72467340300005,52.0737727160001],[6.71387500000003,52.0729111110001],[6.70492472300003,52.0715281170001],[6.69597500000003,52.0701444440001],[6.69466111100007,52.069808333],[6.69548611100004,52.0685861110001],[6.69646944400006,52.068302778],[6.69686666700005,52.067352778],[6.69588333300004,52.064269444],[6.69525555600006,52.0641972220001],[6.69170277800004,52.05915],[6.69149722200007,52.0591416670001],[6.68957222200004,52.0564527780001],[6.68740000000003,52.056397222],[6.68680833300004,52.055525],[6.68698611100007,52.0531500000001],[6.68674444400006,52.0525416670001],[6.68820000000005,52.05235],[6.68802775400007,52.0461041670001],[6.68785555600004,52.039858333],[6.70100135700005,52.0399660090001],[6.71414722200007,52.040072222],[6.72709206600007,52.036185677],[6.74003465800007,52.032297714],[6.75297500000005,52.0284083330001],[6.75853787900007,52.025361242],[6.76410000000004,52.022313889],[6.76631388900006,52.0187861110001],[6.77214166700003,52.017894444],[6.77625555600002,52.015636111],[6.78504702800006,52.0112523700001],[6.79383677800007,52.006867975],[6.80262480500005,52.002482925],[6.81141111100004,51.9980972220001],[6.80780000000004,51.994969444],[6.81720431800005,51.9942489860001],[6.82660833300002,51.993527778],[6.82832222200005,51.9897777780001],[6.83035277800008,51.986194444],[6.82960000000003,51.9794305560001],[6.83023333300002,51.9764083330001],[6.83230833300007,51.9743472220001],[6.83275555600005,51.972938889],[6.83281388900002,51.9718083330001],[6.83242777800007,51.9700472220001],[6.82853055600003,51.9641083330001],[6.82176944400004,51.964130556],[6.81383888900007,51.9636333330001],[6.81246111100006,51.9618333330001],[6.79887500000007,51.9587472220001],[6.79755950600003,51.9513625070001],[6.79624444400002,51.943977778],[6.79644444400003,51.943419444],[6.79727222200006,51.9425555560001],[6.79399166700006,51.935297222],[6.78597500000006,51.9311916670001],[6.78894444400004,51.929661111],[6.77948747100004,51.9229323230001],[6.77003333300007,51.9162027780001],[6.76599166700004,51.9160694440001],[6.76349166700004,51.9153944440001],[6.76165000000003,51.9144277780001],[6.75949166700002,51.9139888890001],[6.75691666700004,51.913802778],[6.75462500000003,51.9130944440001],[6.75402500000007,51.9126277780001],[6.75417500000003,51.9123555560001],[6.75403333300005,51.912041667],[6.75413333300003,51.9104722220001],[6.75439722200002,51.910069444],[6.75265555600004,51.908733333],[6.75205555600007,51.9085527780001],[6.75118611100004,51.907225],[6.74554166700005,51.9057250000001],[6.74050277800006,51.9052694440001],[6.73713888900005,51.904683333],[6.73252777800008,51.898705556],[6.72190000000006,51.896086111],[6.71256773700003,51.901239258],[6.70323333300007,51.906391667],[6.70383888900005,51.9093611110001],[6.70325833300006,51.9097305560001],[6.70137500000004,51.909722222],[6.69978055600006,51.909047222],[6.69762500000007,51.909844444],[6.69556111100007,51.9150638890001],[6.69576388900003,51.915175],[6.69553888900003,51.9157222220001],[6.69517777800007,51.915861111],[6.69260000000003,51.9147333330001],[6.69009166700005,51.9149472220001],[6.68984722200003,51.91515],[6.68955000000005,51.9150194440001],[6.68869722200003,51.9153833330001],[6.68425000000008,51.916169444],[6.68473333300005,51.917372222],[6.68408333300005,51.917594444],[6.67478888900007,51.9159388890001],[6.66872500000005,51.913866667],[6.66206944400005,51.911205556],[6.65545526100004,51.90920713],[6.64884166700006,51.907208333],[6.63767777800007,51.904469444],[6.63416388900004,51.9010527780001],[6.62772777800006,51.900875],[6.62533611100002,51.9019527780001],[6.61483139600006,51.8996074120001],[6.60432777800003,51.897261111],[6.59505522800004,51.895672587],[6.58578333300005,51.894083333],[6.57765364500005,51.8911975020001],[6.56952500000006,51.8883111110001],[6.56386944400003,51.8854944440001],[6.56277222200004,51.884416667],[6.56183333300004,51.8840638890001],[6.56099722200003,51.884127778],[6.56066944400004,51.882933333],[6.56100555600005,51.8825444440001],[6.56061111100007,51.882205556],[6.55880000000008,51.882533333],[6.55778333300003,51.8823972220001],[6.55764444400006,51.8822888890001],[6.55778888900005,51.8820138890001],[6.55750555600002,51.8818277780001],[6.55600000000004,51.881783333],[6.55528055600007,51.8826666670001],[6.55538055600005,51.8833638890001],[6.55524444400004,51.8835333330001],[6.55267777800003,51.8840638890001],[6.55232777800006,51.8862083330001],[6.54970277800004,51.885511111],[6.54827222200004,51.885366667],[6.54914166700007,51.883963889],[6.54989444400007,51.8834277780001],[6.54941111100004,51.8831250000001],[6.54765555600005,51.8832333330001],[6.54537222200003,51.8845972220001],[6.54379722200002,51.8844444440001],[6.54239166700006,51.8835250000001],[6.54215833300003,51.8826333330001],[6.54133333300007,51.881966667],[6.54070833300005,51.8817083330001],[6.53989166700006,51.880938889],[6.53894444400004,51.8808638890001],[6.53859444400007,51.880338889],[6.53722222200003,51.879597222],[6.53428333300008,51.8788666670001],[6.53181944400006,51.877736111],[6.52935277800003,51.8770027780001],[6.52920833300004,51.8765888890001],[6.52986666700002,51.8760361110001],[6.52444722200005,51.8741555560001],[6.52458611100008,51.8737194440001],[6.51816111100004,51.8731388890001],[6.51701944400003,51.8734166670001],[6.51545000000004,51.8735083330001],[6.51421666700003,51.873008333],[6.51248333300003,51.871941667],[6.51157222200004,51.8708972220001],[6.50853611100007,51.8697500000001],[6.50454166700007,51.8685583330001],[6.50306666700004,51.8675305560001],[6.50285555600004,51.8679138890001],[6.50190277800004,51.8678055560001],[6.50139444400003,51.868194444],[6.50106111100007,51.8680027780001],[6.50105277800003,51.8668777780001],[6.50209444400002,51.865683333],[6.50220833300006,51.8647083330001],[6.50084444400005,51.8626611110001],[6.50029166700006,51.8622750000001],[6.49637222200005,51.8609638890001],[6.49132500000007,51.859836111],[6.49030000000005,51.8593388890001],[6.48779166700007,51.8590444440001],[6.48291388900003,51.8571055560001],[6.47720277800005,51.856708333],[6.47389722200006,51.8554777780001],[6.47333055600006,51.854988889],[6.47335833300002,51.8547222220001],[6.47290000000004,51.8546000000001],[6.47251666700004,51.8538361110001],[6.46940833300005,51.85405],[6.46718611100005,51.854433333],[6.46399444400004,51.855377778],[6.46170555600003,51.8564388890001],[6.45903888900006,51.858086111],[6.45747222200004,51.8593222220001],[6.45536944400004,51.8613500000001],[6.45411944400007,51.862852778],[6.45175555600002,51.864611111],[6.45117222200003,51.865244444],[6.44847222200002,51.8655055560001],[6.44668055600005,51.865005556],[6.44548611100004,51.86375],[6.44401666700003,51.8628],[6.44246666700008,51.8623833330001],[6.44138055600007,51.8618611110001],[6.43873055600005,51.862108333],[6.43420277800004,51.8602194440001],[6.43376388900003,51.8599861110001],[6.43392777800005,51.8597444440001],[6.43242500000002,51.859408333],[6.43094166700007,51.8601555560001],[6.42937500000005,51.8606361110001],[6.42913611100005,51.8616777780001],[6.42953611100006,51.8621027780001],[6.42910555600002,51.8627416670001],[6.42926111100007,51.863275],[6.42884722200006,51.8634777780001],[6.42849166700006,51.865127778],[6.42772500000007,51.8656194440001],[6.42609722200007,51.8662027780001],[6.42543611100007,51.8658722220001],[6.42423611100003,51.8659500000001],[6.42377500000003,51.866463889],[6.42306666700006,51.8663222220001],[6.42202777800003,51.866922222],[6.42124722200003,51.8667055560001],[6.42020833300006,51.8667583330001],[6.41854722200003,51.8672083330001],[6.41406388900003,51.8694194440001],[6.41349444400004,51.86985],[6.41334444400007,51.8702777780001],[6.41227500000002,51.8710972220001],[6.41110000000003,51.870458333],[6.41102777800006,51.8702888890001],[6.41126388900005,51.8700111110001],[6.41073611100006,51.869872222],[6.41037222200003,51.8695000000001],[6.41001388900003,51.8698166670001],[6.40872777800007,51.869902778],[6.40672500000005,51.8706861110001],[6.40571666700004,51.870669444],[6.40450000000004,51.8702805560001],[6.40409444400007,51.869825],[6.40235555600003,51.869083333],[6.40135000000004,51.8693527780001],[6.40114722200002,51.869994444],[6.40078611100006,51.8704083330001],[6.39921666700008,51.870180556],[6.39829444400004,51.870908333],[6.39635000000004,51.8702388890001],[6.39590833300002,51.871133333],[6.39518055600007,51.8720027780001],[6.39366666700005,51.873038889],[6.39311944400004,51.8738222220001],[6.39225000000005,51.874005556],[6.39047777800005,51.873911111],[6.39103055600003,51.8728750000001],[6.39091666700006,51.8723583330001],[6.39047500000004,51.8720527780001],[6.38971111100005,51.8706916670001],[6.38835555600002,51.867188889],[6.38704444400003,51.8653583330001],[6.38682222200003,51.8645611110001],[6.38693888900002,51.8642055560001],[6.38756388900003,51.8636472220001],[6.38796666700006,51.8619027780001],[6.38899722200006,51.8617833330001],[6.38954166700006,51.861913889],[6.39034444400005,51.861408333],[6.39072777800004,51.8616027780001],[6.39145277800003,51.861383333],[6.39151666700008,51.860733333],[6.39183888900004,51.8604333330001],[6.39535000000006,51.8591888890001],[6.39690555600004,51.8577138890001],[6.39901944400003,51.8568861110001],[6.40004722200007,51.856025],[6.40135833300008,51.855466667],[6.40506666700003,51.8545888890001],[6.40761388900006,51.8544027780001],[6.40895000000006,51.8533305560001],[6.40896111100005,51.852663889],[6.40917500000006,51.852358333],[6.40485555600003,51.848788889],[6.40530555600003,51.8483861110001],[6.40518611100003,51.8473638890001],[6.40327777800007,51.8457916670001],[6.40243888900005,51.844469444],[6.40252500000003,51.8431944440001],[6.40423888900006,51.841113889],[6.40468333300004,51.8401944440001],[6.40548888900003,51.8396083330001],[6.40606388900005,51.838888889],[6.40694166700007,51.838322222],[6.40818055600005,51.8358944440001],[6.40738611100005,51.8357111110001],[6.40298888900003,51.836508333],[6.40454722200008,51.8332861110001],[6.40668333300005,51.829561111],[6.40718055600007,51.829086111],[6.40726388900003,51.828505556],[6.40753611100007,51.8281111110001],[6.40180833300008,51.827258333],[6.40005000000002,51.8286444440001],[6.39611944400002,51.8301500000001],[6.39514166700008,51.8300944440001],[6.39403611100005,51.8307444440001],[6.39246666700006,51.8312361110001],[6.39221111100005,51.831969444],[6.39176388900006,51.8323222220001],[6.39085277800007,51.832694444],[6.39003055600006,51.8326916670001],[6.38950277800006,51.8332722220001],[6.38800555600005,51.833680556],[6.38288611100006,51.834336111],[6.38213055600005,51.834772222],[6.37717777800003,51.8349638890001],[6.37288888900002,51.834580556],[6.37141111100004,51.8342277780001],[6.36924166700004,51.833358333],[6.36850555600006,51.8332750000001],[6.36332777800004,51.835161111],[6.36296666700002,51.8354138890001],[6.36285277800005,51.835808333],[6.36403888900003,51.838494444],[6.36255000000006,51.842675],[6.36020555600004,51.8458277780001],[6.35813888900003,51.8472972220001],[6.35659166700003,51.8478944440001],[6.35211944400004,51.8493444440001],[6.34874166700007,51.850044444],[6.34709166700003,51.850666667],[6.34331388900006,51.8510000000001],[6.33918888900007,51.8507138890001],[6.33304444400005,51.8515555560001],[6.32674722200005,51.851580556],[6.32456388900005,51.851377778],[6.32030555600005,51.851655556],[6.31902777800002,51.851563889],[6.31733888900004,51.851091667],[6.31290555600003,51.850322222],[6.31074166700006,51.8503388890001],[6.30838611100006,51.849886111],[6.30620000000005,51.8490861110001],[6.30455277800007,51.8529194440001],[6.30371944400002,51.8535972220001],[6.30246388900002,51.8565833330001],[6.30243888900003,51.856763889],[6.30280555600007,51.856977778],[6.30069444400004,51.8619861110001],[6.30044444400005,51.864516667],[6.29873055600007,51.8651694440001],[6.29820555600003,51.865961111],[6.29911388900007,51.8671583330001],[6.29895555600007,51.867808333],[6.29564444400006,51.868316667],[6.29416944400003,51.869069444],[6.28800833300005,51.871516667],[6.28345555600004,51.872166667],[6.28218888900005,51.873077778],[6.27995277800005,51.8740583330001],[6.27676944400002,51.8745388890001],[6.27271944400007,51.8747083330001],[6.27106388900006,51.874466667],[6.26977500000004,51.8740611110001],[6.26914166700004,51.87375],[6.26533333300006,51.869969444],[6.26229166700006,51.868261111],[6.26170277800003,51.8681111110001],[6.25919722200007,51.868183333],[6.25313055600003,51.868844444],[6.24821666700007,51.8695000000001],[6.24626388900003,51.8699333330001],[6.24432777800007,51.8696166670001],[6.24201111100007,51.868961111],[6.23953611100006,51.8690750000001],[6.23639166700002,51.869822222],[6.23373888900005,51.870191667],[6.22459722200006,51.8685222220001],[6.22261388900006,51.868458333],[6.21508888900007,51.8676194440001],[6.21018055600007,51.8690222220001],[6.20301944400006,51.8715722220001],[6.19604166700003,51.874702778],[6.18964166700005,51.878280556],[6.18355277800003,51.882533333],[6.18346388900005,51.8829416670001],[6.18361944400004,51.883252778],[6.18229166700007,51.8850027780001],[6.18201388900007,51.885780556],[6.18599166700005,51.886852778],[6.19143055600006,51.887352778],[6.18951944400004,51.8889444440001],[6.18986666700005,51.8896611110001],[6.19131666700002,51.8912083330001],[6.19108055600003,51.8916611110001],[6.18748888900006,51.8921527780001],[6.18256388900005,51.8939111110001],[6.18270833300005,51.894166667],[6.17624079000007,51.8977279550001],[6.16977222200006,51.9012888890001],[6.16891111100006,51.900822222],[6.16791388900003,51.9009444440001],[6.16668333300004,51.899880556],[6.16563611100003,51.898597222],[6.16302777800007,51.901141667],[6.16228333300006,51.900941667],[6.15986944400004,51.9032194440001],[6.15738888900006,51.9051027780001],[6.15620555600003,51.9052833330001],[6.15604444400003,51.9050111110001],[6.15428888900004,51.905202778],[6.15431111100003,51.904841667],[6.15405555600006,51.904555556],[6.14230216300007,51.9022075300001],[6.13055000000003,51.8998583330001],[6.13059444400005,51.899738889],[6.12872500000003,51.899338889],[6.12566944400004,51.8982055560001],[6.12426388900008,51.8987138890001],[6.12050277800006,51.9007194440001],[6.11792500000007,51.9016722220001],[6.11481944400003,51.8977166670001],[6.11234722200004,51.8989638890001],[6.11180277800003,51.8988138890001],[6.10927500000003,51.895847222],[6.11015833300007,51.8948750000001],[6.10345833300005,51.892472222],[6.10398611100004,51.8919527780001],[6.10622500000005,51.891680556],[6.11029722200004,51.892019444],[6.11321666700007,51.892552778],[6.11785277800004,51.892061111],[6.12109444400005,51.8910777780001],[6.12151388900003,51.8905472220001],[6.12260000000003,51.8900472220001],[6.12439722200003,51.8901555560001],[6.12690833300007,51.889455556],[6.12866388900005,51.8885138890001],[6.13011388900003,51.8882750000001],[6.13069722200004,51.887908333],[6.13092222200004,51.8874166670001],[6.13313055600003,51.8865555560001],[6.13544722200004,51.886386111],[6.13713055600005,51.885805556],[6.13786111100006,51.8850277780001],[6.13805555600004,51.883597222],[6.13911666700005,51.8825944440001],[6.13989444400005,51.881027778],[6.14079444400005,51.8803361110001],[6.14184166700005,51.8790222220001],[6.14284722200006,51.877286111],[6.14303611100007,51.8765861110001],[6.14361111100004,51.876252778],[6.14329722200006,51.8749805560001],[6.14374444400005,51.8741666670001],[6.14375277800002,51.873222222],[6.14462222200007,51.872069444],[6.14454166700006,51.8697472220001],[6.14564722200004,51.869255556],[6.14691666700003,51.869002778],[6.14838888900005,51.8682694440001],[6.14910555600005,51.8675111110001],[6.14918888900007,51.8670527780001],[6.15000000000003,51.866458333],[6.15082222200004,51.8661805560001],[6.15186111100007,51.8662555560001],[6.15510277800007,51.865775],[6.15622500000006,51.8654250000001],[6.15766944400002,51.864583333],[6.16006666700002,51.863816667],[6.16155833300007,51.8629722220001],[6.16475000000003,51.862216667],[6.16547500000007,51.8617083330001],[6.16708333300005,51.861605556],[6.16729444400005,51.8611722220001],[6.16712500000006,51.8607500000001],[6.16512500000005,51.859836111],[6.16443333300003,51.859],[6.16433611100007,51.857441667],[6.16360000000003,51.853680556],[6.16425277800005,51.851961111],[6.16523611100007,51.8509638890001],[6.16564166700005,51.8502111110001],[6.16610143700007,51.845466668],[6.16656111100002,51.8407222220001],[6.15966138500005,51.8425071460001],[6.15276111100007,51.844291667],[6.14364722200003,51.8460833330001],[6.13746111100005,51.846983333],[6.13245555600002,51.847438889],[6.12639444400003,51.8477250000001],[6.11894305700002,51.847734958],[6.11149166700005,51.8477444440001],[6.10510277800006,51.8483861110001],[6.10103055600007,51.8490472220001],[6.09368055600004,51.851075],[6.08927777800005,51.8527388890001],[6.08603055600003,51.8542944440001],[6.07864166700006,51.8584750000001],[6.07323055600006,51.861261111],[6.06352777800004,51.8653444440001],[6.06232500000004,51.8633],[6.06164166700006,51.861183333],[6.06043611100006,51.8612944440001],[6.05959722200004,51.8576305560001],[6.05401111100002,51.8573666670001],[6.05134722200006,51.856633333],[6.05309444400007,51.854966667],[6.05530833300003,51.852544444],[6.05526388900006,51.852372222],[6.04851904500003,51.8497057480001],[6.04177500000003,51.847038889],[6.03690833300004,51.844105556],[6.03562222200003,51.842661111],[6.03343611100007,51.8434222220001],[6.03267500000004,51.8423638890001],[6.02915277800003,51.845119444],[6.02278888900003,51.842844444],[6.02020833300003,51.8416388890001],[6.01826111100007,51.841669444],[6.01755277800004,51.8414333330001],[6.01698611100005,51.8408527780001],[6.01591666700006,51.838133333],[6.01007777800004,51.8351000000001],[6.00566111100005,51.8339916670001],[6.00194166700004,51.8324111110001],[5.99865833300004,51.8319222220001],[5.99672222200007,51.831297222],[5.99452500000007,51.830922222],[5.98680000000007,51.8306527780001],[5.98302777800006,51.831641667],[5.97828333300004,51.8324111110001],[5.97633888900003,51.8329833330001],[5.97309444400003,51.8333944440001],[5.97114444400006,51.8333416670001],[5.96817500000003,51.8343583330001],[5.96301666700003,51.836905556],[5.95885484100006,51.8339093270001],[5.95885555600006,51.8339083330001],[5.94855351600006,51.8401235590001],[5.93824863100002,51.846337884],[5.92794090100006,51.852551309],[5.91763032400007,51.8587638330001],[5.90731690000007,51.8649754560001],[5.89700062700007,51.871186176],[5.88668150500007,51.877395994],[5.87635953200004,51.88360491],[5.86603470800003,51.889812922],[5.85570703000008,51.89602003],[5.84537650000004,51.9022262340001],[5.83504311400003,51.9084315330001],[5.82470687300003,51.9146359270001],[5.81436777600004,51.920839416],[5.80402582000005,51.927041999],[5.79368100700003,51.933243675],[5.78333333300003,51.9394444440001],[5.77023937400003,51.942541598],[5.75714360600006,51.9456373],[5.74404603200003,51.9487315490001],[5.73094665000002,51.951824344],[5.71784546200007,51.954915686],[5.70474246700007,51.958005573],[5.69163766600008,51.9610940060001],[5.67853106100006,51.9641809840001],[5.66542265000004,51.967266507],[5.65231243400007,51.9703505740001],[5.63920041400007,51.9734331860001],[5.62608659000006,51.976514341],[5.61297096300007,51.9795940390001],[5.59985353300004,51.9826722810001],[5.58673430000005,51.985749065],[5.57361326500006,51.988824391],[5.56049042800004,51.991898259],[5.54736579000007,51.9949706690001],[5.53423935100005,51.998041619],[5.52111111100004,52.0011111110001],[5.53213281200004,52.0069704840001],[5.54315739800006,52.0128288270001],[5.55418487200006,52.018686142],[5.56521523400005,52.024542426],[5.57624848500006,52.0303976810001],[5.58728462500005,52.036251905],[5.59832365500006,52.042105097],[5.60936557700006,52.0479572580001],[5.62041039200005,52.0538083860001],[5.63145809900004,52.059658482],[5.64250870000006,52.0655075440001],[5.65356219600005,52.0713555730001],[5.66461858700006,52.0772025680001],[5.67567787500008,52.0830485280001],[5.68674006000003,52.088893453],[5.69780514400003,52.094737342],[5.70887312600007,52.1005801950001],[5.71994400900007,52.1064220120001],[5.73101779200005,52.112262791],[5.74209447600003,52.1181025330001],[5.75317406400006,52.1239412360001],[5.76425655400004,52.1297789020001],[5.77534194900005,52.1356155280001],[5.78643024800004,52.1414511140001],[5.79752145400005,52.1472856610001],[5.80861556600007,52.1531191660001],[5.81971258600004,52.158951631],[5.83081251400006,52.164783055],[5.84191535200006,52.1706134360001],[5.85302109900005,52.1764427750001],[5.86412975800005,52.1822710700001],[5.87524132900006,52.1880983230001],[5.88635581200003,52.1939245310001],[5.89747320900005,52.199749695],[5.90859352000007,52.205573814],[5.91971674600006,52.211396887],[5.93084288900008,52.217218915],[5.94197194800006,52.223039896],[5.95310392600004,52.22885983],[5.96423882200003,52.2346787160001],[5.97537663700007,52.240496555],[5.98651737300003,52.246313345],[5.99766103000007,52.2521290860001],[6.00880761000008,52.257943778],[6.01995711200004,52.26375742],[6.03110953800007,52.269570012],[6.04226488800003,52.2753815520001],[6.05342316400004,52.281192042],[6.06458436700007,52.2870014790001],[6.07574849600007,52.292809864],[6.08691555400003,52.2986171960001],[6.09808554000006,52.3044234750001],[6.10925845700007,52.310228699],[6.12043430300003,52.3160328700001],[6.13161308200006,52.3218359850001],[6.14279479200007,52.3276380450001],[6.15397943600004,52.333439049],[6.16516701300003,52.3392389970001],[6.17635752600006,52.345037888],[6.18755097400003,52.3508357220001],[6.19874735900004,52.3566324980001],[6.20994668100008,52.3624282150001],[6.22114894100002,52.368222874],[6.23235414000004,52.374016473],[6.24356228000005,52.3798090120001],[6.25477336000006,52.385600491],[6.26598738100006,52.3913909090001],[6.27720434600008,52.3971802660001],[6.28842425300007,52.40296856],[6.29964710500008,52.4087557930001],[6.31087290100004,52.414541962],[6.32210164400004,52.4203270690001],[6.33333333300004,52.4261111110001]]]},"properties":{"Name":"NIEUW MILLIGEN TMA E","Designator":"EHMCEE","Type":"TMA","LocalType":"TMA","UpperLimit":55,"LowerLimit":1500,"UpperLimitUnit":"FL","LowerLimitUnit":"FT","Class":"E","name":"NIEUW MILLIGEN TMA E"}},{"type":"Feature","geometry":{"type":"Polygon","coordinates":[[[5.28632777800004,52.800802778],[5.29801404600005,52.806331443],[5.30970328500007,52.8118589600001],[5.32139549700003,52.817385329],[5.33309068300002,52.822910548],[5.34478884300006,52.828434617],[5.35648997800007,52.8339575370001],[5.36819408900004,52.8394793050001],[5.37990117500004,52.844999923],[5.39161123900004,52.8505193880001],[5.40332428100004,52.856037702],[5.41504030200002,52.861554862],[5.42675930200005,52.8670708700001],[5.43848128100007,52.872585723],[5.45020624200004,52.878099422],[5.46193418400003,52.883611966],[5.47366510900002,52.889123355],[5.48539901600003,52.894633587],[5.49713590700003,52.9001426630001],[5.50887578200008,52.9056505830001],[5.52061864300003,52.9111573440001],[5.53236448900003,52.9166629480001],[5.54411332300003,52.9221673930001],[5.55586514300006,52.9276706790001],[5.56761995100004,52.933172805],[5.57937774900006,52.938673771],[5.59113853600007,52.944173576],[5.60290231300007,52.9496722210001],[5.61466908100005,52.9551697030001],[5.62643884000005,52.960666023],[5.63821159200006,52.9661611810001],[5.64998733800007,52.9716551750001],[5.66176607700004,52.9771480050001],[5.67354781000006,52.98263967],[5.68533253900006,52.9881301710001],[5.69712026400003,52.9936195070001],[5.70891098600003,52.9991076760001],[5.72070470500006,53.004594679],[5.73250142300003,53.010080515],[5.74430113900007,53.0155651840001],[5.75610385500005,53.021048684],[5.76790957100008,53.026531015],[5.77971828900007,53.0320121780001],[5.79153000800005,53.0374921710001],[5.80334473000005,53.042970993],[5.81516245500006,53.0484486450001],[5.82698318400003,53.0539251260001],[5.83880691800005,53.059400435],[5.85063365700006,53.0648745710001],[5.86246340200006,53.0703475350001],[5.87429615400004,53.0758193250001],[5.88613191300004,53.0812899420001],[5.89797068100006,53.0867593840001],[5.90981245800003,53.09222765],[5.92165724400007,53.097694742],[5.93350504100005,53.103160657],[5.94535584900007,53.108625396],[5.95720966900006,53.1140889580001],[5.96906650200003,53.1195513420001],[5.98092634800003,53.125012547],[5.99278920700004,53.1304725740001],[6.00465508200006,53.1359314220001],[6.01652397100003,53.1413890900001],[6.02839587700004,53.1468455780001],[6.04027080000003,53.152300885],[6.05214874100005,53.1577550100001],[6.06402969900006,53.163207954],[6.07591367700007,53.168659715],[6.08780067400005,53.1741102930001],[6.09969069200002,53.179559688],[6.11158373100005,53.185007898],[6.12347979100002,53.1904549240001],[6.13537887400003,53.195900765],[6.14728098100005,53.2013454200001],[6.15918611100005,53.2067888890001],[6.16025503100008,53.1981727950001],[6.16132352100004,53.1895566910001],[6.16239158100007,53.1809405770001],[6.16345921300007,53.172324454],[6.16452641600006,53.163708322],[6.16559319000004,53.1550921800001],[6.16665953700004,53.1464760280001],[6.16772545500004,53.137859867],[6.16879094600006,53.1292436960001],[6.16985601000005,53.1206275160001],[6.17092064700006,53.1120113270001],[6.17198485800003,53.103395128],[6.17304864200003,53.0947789190001],[6.17411200000004,53.086162701],[6.17517493300005,53.077546473],[6.17623744000002,53.068930236],[6.17729952300004,53.0603139900001],[6.17836118000002,53.0516977340001],[6.17942241300005,53.0430814680001],[6.18048322200002,53.0344651940001],[6.18154360700004,53.025848909],[6.18260356800005,53.0172326160001],[6.18366310700003,53.0086163130001],[6.18472222200006,53.0000000000001],[6.18820315000005,52.991667325],[6.19168273500003,52.9833345490001],[6.19516097800005,52.975001671],[6.19863787900005,52.966668692],[6.20211344100005,52.9583356110001],[6.20558766300007,52.9500024290001],[6.20906054700004,52.941669146],[6.21253209300005,52.9333357610001],[6.21600230300004,52.925002276],[6.21947117600007,52.9166686890001],[6.22293871600004,52.9083350010001],[6.22640492100004,52.9000012130001],[6.22986979300003,52.891667323],[6.23333333300008,52.8833333330001],[6.24723484500004,52.8850557010001],[6.26113746200002,52.8867764460001],[6.27504118200005,52.8884955680001],[6.28894600300004,52.8902130660001],[6.30285192700006,52.8919289400001],[6.31675895100005,52.8936431910001],[6.33066707400008,52.8953558170001],[6.34457629600007,52.897066818],[6.35848661600005,52.898776195],[6.37239803300002,52.9004839470001],[6.38631054600006,52.902190074],[6.40022415400006,52.903894576],[6.41413885600002,52.9055974520001],[6.42805465200007,52.907298702],[6.44197154000005,52.9089983260001],[6.45588952000003,52.9106963230001],[6.46980859000007,52.9123926940001],[6.48372875100006,52.9140874390001],[6.49765000000002,52.9157805560001],[6.48979928900008,52.9085527730001],[6.48195119800005,52.901324473],[6.47410572400003,52.894095656],[6.46626286800006,52.8868663220001],[6.45842262600007,52.8796364720001],[6.45058499900006,52.872406106],[6.44274998400005,52.8651752230001],[6.43491758100004,52.8579438260001],[6.42708778700006,52.8507119130001],[6.41926060200007,52.843479486],[6.41143602400007,52.8362465430001],[6.40361405100003,52.8290130870001],[6.39579468300008,52.8217791170001],[6.38797791800005,52.8145446330001],[6.38016375500007,52.8073096360001],[6.37235219200005,52.800074125],[6.36454322800006,52.7928381020001],[6.35673686100006,52.7856015670001],[6.34893309100005,52.778364519],[6.34113191500006,52.7711269600001],[6.33333333300004,52.763888889],[6.33333333300004,52.4261111110001],[6.32210164400004,52.4203270690001],[6.31087290100004,52.414541962],[6.29964710500008,52.4087557930001],[6.28842425300007,52.40296856],[6.27720434600008,52.3971802660001],[6.26598738100006,52.3913909090001],[6.25477336000006,52.385600491],[6.24356228000005,52.3798090120001],[6.23235414000004,52.374016473],[6.22114894100002,52.368222874],[6.20994668100008,52.3624282150001],[6.19874735900004,52.3566324980001],[6.18755097400003,52.3508357220001],[6.17635752600006,52.345037888],[6.16516701300003,52.3392389970001],[6.15397943600004,52.333439049],[6.14279479200007,52.3276380450001],[6.13161308200006,52.3218359850001],[6.12043430300003,52.3160328700001],[6.10925845700007,52.310228699],[6.09808554000006,52.3044234750001],[6.08691555400003,52.2986171960001],[6.07574849600007,52.292809864],[6.06458436700007,52.2870014790001],[6.05342316400004,52.281192042],[6.04226488800003,52.2753815520001],[6.03110953800007,52.269570012],[6.01995711200004,52.26375742],[6.00880761000008,52.257943778],[5.99766103000007,52.2521290860001],[5.98651737300003,52.246313345],[5.97537663700007,52.240496555],[5.96423882200003,52.2346787160001],[5.95310392600004,52.22885983],[5.94197194800006,52.223039896],[5.93084288900008,52.217218915],[5.91971674600006,52.211396887],[5.90859352000007,52.205573814],[5.89747320900005,52.199749695],[5.88635581200003,52.1939245310001],[5.87524132900006,52.1880983230001],[5.86412975800005,52.1822710700001],[5.85302109900005,52.1764427750001],[5.84191535200006,52.1706134360001],[5.83081251400006,52.164783055],[5.81971258600004,52.158951631],[5.80861556600007,52.1531191660001],[5.79752145400005,52.1472856610001],[5.78643024800004,52.1414511140001],[5.77534194900005,52.1356155280001],[5.76425655400004,52.1297789020001],[5.75317406400006,52.1239412360001],[5.74209447600003,52.1181025330001],[5.73101779200005,52.112262791],[5.71994400900007,52.1064220120001],[5.70887312600007,52.1005801950001],[5.69780514400003,52.094737342],[5.68674006000003,52.088893453],[5.67567787500008,52.0830485280001],[5.66461858700006,52.0772025680001],[5.65356219600005,52.0713555730001],[5.64250870000006,52.0655075440001],[5.63145809900004,52.059658482],[5.62041039200005,52.0538083860001],[5.60936557700006,52.0479572580001],[5.59832365500006,52.042105097],[5.58728462500005,52.036251905],[5.57624848500006,52.0303976810001],[5.56521523400005,52.024542426],[5.55418487200006,52.018686142],[5.54315739800006,52.0128288270001],[5.53213281200004,52.0069704840001],[5.52111111100004,52.0011111110001],[5.50697351300005,51.9999258810001],[5.49283666400004,51.998738959],[5.47870056600004,51.997550344],[5.46456521800008,51.996360038],[5.45043062300005,51.9951680390001],[5.43629678000002,51.993974349],[5.42216369200003,51.992778968],[5.40803135900006,51.9915818950001],[5.39389978300005,51.990383131],[5.37976896300006,51.989182676],[5.36563890100007,51.9879805300001],[5.35150959900005,51.9867766940001],[5.33738105700007,51.985571167],[5.32325327500007,51.9843639490001],[5.30912625600007,51.9831550420001],[5.29500000000007,51.9819444440001],[5.28493772300004,51.9771207300001],[5.27487761200007,51.9722961580001],[5.26481966800003,51.9674707290001],[5.25476388900006,51.962644444],[5.24757567700004,51.969863957],[5.24038514900008,51.9770830310001],[5.23319230300007,51.9843016680001],[5.22599713900007,51.9915198670001],[5.21879965400007,51.9987376270001],[5.21159984800005,52.0059549480001],[5.20439772000003,52.01317183],[5.19719326800004,52.020388273],[5.18998649100007,52.027604276],[5.18277738800003,52.0348198400001],[5.17556595800005,52.042034963],[5.16835219900003,52.0492496460001],[5.16113611100008,52.056463889],[5.16618504900003,52.0643212480001],[5.17123576400007,52.0721783910001],[5.17628825700007,52.0800353170001],[5.18134252900006,52.0878920280001],[5.18639858100005,52.0957485230001],[5.19145641500006,52.1036048010001],[5.19651603000005,52.111460863],[5.20157742900005,52.119316708],[5.20664061200006,52.1271723360001],[5.21170558100005,52.135027748],[5.21677233600008,52.142882942],[5.22184088000006,52.15073792],[5.22691121100007,52.15859268],[5.23198333300007,52.166447222],[5.21877051300004,52.168904189],[5.20555623400003,52.1713596800001],[5.19234049600004,52.173813694],[5.17912330100006,52.176266232],[5.16590464900003,52.178717292],[5.15268454000005,52.181166875],[5.13946297600006,52.1836149810001],[5.12623995500007,52.186061608],[5.11301548100005,52.1885067580001],[5.09978955100007,52.1909504280001],[5.08656216900005,52.1933926200001],[5.07333333300005,52.1958333330001],[5.08704572800002,52.198616111],[5.10075984000002,52.2013972990001],[5.11447566800007,52.2041768980001],[5.12819321100005,52.2069549060001],[5.14191247000002,52.209731323],[5.15563344200007,52.2125061500001],[5.16935612900005,52.215279385],[5.18308052800006,52.218051029],[5.19680664000003,52.2208210800001],[5.21053446400003,52.223589539],[5.22426400000006,52.226356406],[5.23799524600003,52.2291216790001],[5.25172820200004,52.231885359],[5.26546286800004,52.2346474450001],[5.27919924300005,52.2374079360001],[5.29293732600007,52.240166834],[5.30667711700005,52.2429241360001],[5.32041861500005,52.2456798430001],[5.33416181900003,52.2484339550001],[5.34790672900004,52.2511864700001],[5.36165334500004,52.253937389],[5.37540166500003,52.256686712],[5.38915169000006,52.259434437],[5.40290341700006,52.2621805650001],[5.41665684800006,52.2649250950001],[5.43041198100002,52.2676680270001],[5.44416881600006,52.2704093610001],[5.45792735100002,52.2731490960001],[5.47168758700008,52.2758872320001],[5.48544952300006,52.278623768],[5.49921315800003,52.2813587040001],[5.51297849100007,52.2840920400001],[5.52674552300005,52.2868237760001],[5.54051425100005,52.2895539100001],[5.55428467700006,52.292282443],[5.56805679800004,52.2950093750001],[5.58183061500006,52.297734704],[5.59560612700005,52.300458432],[5.60938333300004,52.303180556],[5.60938405400003,52.3120587930001],[5.60938477600007,52.320937029],[5.60938549800005,52.329815266],[5.60938622100002,52.3386935030001],[5.60938694300006,52.347571739],[5.60938766600003,52.3564499760001],[5.60938838900006,52.3653282130001],[5.60938911300002,52.37420645],[5.60938983700004,52.3830846860001],[5.60939056100005,52.3919629230001],[5.60939128500007,52.40084116],[5.60939201000002,52.4097193960001],[5.60939273500003,52.418597633],[5.60939346000004,52.4274758700001],[5.60939418500004,52.4363541060001],[5.60939491100004,52.445232343],[5.60939563700003,52.4541105800001],[5.60939636400008,52.4629888170001],[5.60939709000007,52.471867053],[5.60939781700006,52.4807452900001],[5.60939854500003,52.489623527],[5.60939927200008,52.498501763],[5.60940000000005,52.5073800000001],[5.60236824500004,52.515033509],[5.59533404100006,52.5226866020001],[5.58829738500003,52.5303392770001],[5.58125827700007,52.5379915350001],[5.57421671400004,52.5456433750001],[5.56717269600006,52.553294797],[5.56012622100008,52.5609458010001],[5.55307728800005,52.5685963870001],[5.54602589400002,52.5762465540001],[5.53897204000003,52.583896302],[5.53191572400004,52.59154563],[5.52485694300003,52.59919454],[5.51779569700005,52.6068430290001],[5.51073198400007,52.6144910990001],[5.50366580300005,52.6221387480001],[5.49659715300004,52.6297859760001],[5.48952603100003,52.6374327840001],[5.48245243700006,52.6450791710001],[5.47537637000005,52.6527251360001],[5.46829782700007,52.66037068],[5.46121680700003,52.6680158020001],[5.45413331000003,52.675660502],[5.44704733300006,52.6833047790001],[5.43995887500006,52.6909486340001],[5.43286793400006,52.6985920660001],[5.42577451000005,52.7062350750001],[5.41867860100007,52.71387766],[5.41158020600005,52.7215198210001],[5.40447932200004,52.729161559],[5.39737594900004,52.7368028720001],[5.39027008500005,52.7444437610001],[5.38316172900005,52.752084225],[5.37605087900005,52.7597242640001],[5.36893753400005,52.767363877],[5.36182169300002,52.7750030650001],[5.35470335300005,52.7826418270001],[5.34758251500006,52.790280163],[5.34045917500003,52.7979180730001],[5.33333333300004,52.8055555560001],[5.32158098100007,52.8043691030001],[5.30982927100007,52.8031814880001],[5.29807820300005,52.8019927130001],[5.28632777800004,52.800802778]]]},"properties":{"Name":"NIEUW MILLIGEN TMA B","Designator":"EHMCBE","Type":"TMA","LocalType":"TMA","UpperLimit":55,"LowerLimit":1500,"UpperLimitUnit":"FL","LowerLimitUnit":"FT","Class":"E","name":"NIEUW MILLIGEN TMA B"}},{"type":"Feature","geometry":{"type":"Polygon","coordinates":[[[5.28632777800004,52.800802778],[5.29801404600005,52.806331443],[5.30970328500007,52.8118589600001],[5.32139549700003,52.817385329],[5.33309068300002,52.822910548],[5.34478884300006,52.828434617],[5.35648997800007,52.8339575370001],[5.36819408900004,52.8394793050001],[5.37990117500004,52.844999923],[5.39161123900004,52.8505193880001],[5.40332428100004,52.856037702],[5.41504030200002,52.861554862],[5.42675930200005,52.8670708700001],[5.43848128100007,52.872585723],[5.45020624200004,52.878099422],[5.46193418400003,52.883611966],[5.47366510900002,52.889123355],[5.48539901600003,52.894633587],[5.49713590700003,52.9001426630001],[5.50887578200008,52.9056505830001],[5.52061864300003,52.9111573440001],[5.53236448900003,52.9166629480001],[5.54411332300003,52.9221673930001],[5.55586514300006,52.9276706790001],[5.56761995100004,52.933172805],[5.57937774900006,52.938673771],[5.59113853600007,52.944173576],[5.60290231300007,52.9496722210001],[5.61466908100005,52.9551697030001],[5.62643884000005,52.960666023],[5.63821159200006,52.9661611810001],[5.64998733800007,52.9716551750001],[5.66176607700004,52.9771480050001],[5.67354781000006,52.98263967],[5.68533253900006,52.9881301710001],[5.69712026400003,52.9936195070001],[5.70891098600003,52.9991076760001],[5.72070470500006,53.004594679],[5.73250142300003,53.010080515],[5.74430113900007,53.0155651840001],[5.75610385500005,53.021048684],[5.76790957100008,53.026531015],[5.77971828900007,53.0320121780001],[5.79153000800005,53.0374921710001],[5.80334473000005,53.042970993],[5.81516245500006,53.0484486450001],[5.82698318400003,53.0539251260001],[5.83880691800005,53.059400435],[5.85063365700006,53.0648745710001],[5.86246340200006,53.0703475350001],[5.87429615400004,53.0758193250001],[5.88613191300004,53.0812899420001],[5.89797068100006,53.0867593840001],[5.90981245800003,53.09222765],[5.92165724400007,53.097694742],[5.93350504100005,53.103160657],[5.94535584900007,53.108625396],[5.95720966900006,53.1140889580001],[5.96906650200003,53.1195513420001],[5.98092634800003,53.125012547],[5.99278920700004,53.1304725740001],[6.00465508200006,53.1359314220001],[6.01652397100003,53.1413890900001],[6.02839587700004,53.1468455780001],[6.04027080000003,53.152300885],[6.05214874100005,53.1577550100001],[6.06402969900006,53.163207954],[6.07591367700007,53.168659715],[6.08780067400005,53.1741102930001],[6.09969069200002,53.179559688],[6.11158373100005,53.185007898],[6.12347979100002,53.1904549240001],[6.13537887400003,53.195900765],[6.14728098100005,53.2013454200001],[6.15918611100005,53.2067888890001],[6.16025503100008,53.1981727950001],[6.16132352100004,53.1895566910001],[6.16239158100007,53.1809405770001],[6.16345921300007,53.172324454],[6.16452641600006,53.163708322],[6.16559319000004,53.1550921800001],[6.16665953700004,53.1464760280001],[6.16772545500004,53.137859867],[6.16879094600006,53.1292436960001],[6.16985601000005,53.1206275160001],[6.17092064700006,53.1120113270001],[6.17198485800003,53.103395128],[6.17304864200003,53.0947789190001],[6.17411200000004,53.086162701],[6.17517493300005,53.077546473],[6.17623744000002,53.068930236],[6.17729952300004,53.0603139900001],[6.17836118000002,53.0516977340001],[6.17942241300005,53.0430814680001],[6.18048322200002,53.0344651940001],[6.18154360700004,53.025848909],[6.18260356800005,53.0172326160001],[6.18366310700003,53.0086163130001],[6.18472222200006,53.0000000000001],[6.18820315000005,52.991667325],[6.19168273500003,52.9833345490001],[6.19516097800005,52.975001671],[6.19863787900005,52.966668692],[6.20211344100005,52.9583356110001],[6.20558766300007,52.9500024290001],[6.20906054700004,52.941669146],[6.21253209300005,52.9333357610001],[6.21600230300004,52.925002276],[6.21947117600007,52.9166686890001],[6.22293871600004,52.9083350010001],[6.22640492100004,52.9000012130001],[6.22986979300003,52.891667323],[6.23333333300008,52.8833333330001],[6.24723484500004,52.8850557010001],[6.26113746200002,52.8867764460001],[6.27504118200005,52.8884955680001],[6.28894600300004,52.8902130660001],[6.30285192700006,52.8919289400001],[6.31675895100005,52.8936431910001],[6.33066707400008,52.8953558170001],[6.34457629600007,52.897066818],[6.35848661600005,52.898776195],[6.37239803300002,52.9004839470001],[6.38631054600006,52.902190074],[6.40022415400006,52.903894576],[6.41413885600002,52.9055974520001],[6.42805465200007,52.907298702],[6.44197154000005,52.9089983260001],[6.45588952000003,52.9106963230001],[6.46980859000007,52.9123926940001],[6.48372875100006,52.9140874390001],[6.49765000000002,52.9157805560001],[6.48979928900008,52.9085527730001],[6.48195119800005,52.901324473],[6.47410572400003,52.894095656],[6.46626286800006,52.8868663220001],[6.45842262600007,52.8796364720001],[6.45058499900006,52.872406106],[6.44274998400005,52.8651752230001],[6.43491758100004,52.8579438260001],[6.42708778700006,52.8507119130001],[6.41926060200007,52.843479486],[6.41143602400007,52.8362465430001],[6.40361405100003,52.8290130870001],[6.39579468300008,52.8217791170001],[6.38797791800005,52.8145446330001],[6.38016375500007,52.8073096360001],[6.37235219200005,52.800074125],[6.36454322800006,52.7928381020001],[6.35673686100006,52.7856015670001],[6.34893309100005,52.778364519],[6.34113191500006,52.7711269600001],[6.33333333300004,52.763888889],[6.33333333300004,52.4261111110001],[6.32210164400004,52.4203270690001],[6.31087290100004,52.414541962],[6.29964710500008,52.4087557930001],[6.28842425300007,52.40296856],[6.27720434600008,52.3971802660001],[6.26598738100006,52.3913909090001],[6.25477336000006,52.385600491],[6.24356228000005,52.3798090120001],[6.23235414000004,52.374016473],[6.22114894100002,52.368222874],[6.20994668100008,52.3624282150001],[6.19874735900004,52.3566324980001],[6.18755097400003,52.3508357220001],[6.17635752600006,52.345037888],[6.16516701300003,52.3392389970001],[6.15397943600004,52.333439049],[6.14279479200007,52.3276380450001],[6.13161308200006,52.3218359850001],[6.12043430300003,52.3160328700001],[6.10925845700007,52.310228699],[6.09808554000006,52.3044234750001],[6.08691555400003,52.2986171960001],[6.07574849600007,52.292809864],[6.06458436700007,52.2870014790001],[6.05342316400004,52.281192042],[6.04226488800003,52.2753815520001],[6.03110953800007,52.269570012],[6.01995711200004,52.26375742],[6.00880761000008,52.257943778],[5.99766103000007,52.2521290860001],[5.98651737300003,52.246313345],[5.97537663700007,52.240496555],[5.96423882200003,52.2346787160001],[5.95310392600004,52.22885983],[5.94197194800006,52.223039896],[5.93084288900008,52.217218915],[5.91971674600006,52.211396887],[5.90859352000007,52.205573814],[5.89747320900005,52.199749695],[5.88635581200003,52.1939245310001],[5.87524132900006,52.1880983230001],[5.86412975800005,52.1822710700001],[5.85302109900005,52.1764427750001],[5.84191535200006,52.1706134360001],[5.83081251400006,52.164783055],[5.81971258600004,52.158951631],[5.80861556600007,52.1531191660001],[5.79752145400005,52.1472856610001],[5.78643024800004,52.1414511140001],[5.77534194900005,52.1356155280001],[5.76425655400004,52.1297789020001],[5.75317406400006,52.1239412360001],[5.74209447600003,52.1181025330001],[5.73101779200005,52.112262791],[5.71994400900007,52.1064220120001],[5.70887312600007,52.1005801950001],[5.69780514400003,52.094737342],[5.68674006000003,52.088893453],[5.67567787500008,52.0830485280001],[5.66461858700006,52.0772025680001],[5.65356219600005,52.0713555730001],[5.64250870000006,52.0655075440001],[5.63145809900004,52.059658482],[5.62041039200005,52.0538083860001],[5.60936557700006,52.0479572580001],[5.59832365500006,52.042105097],[5.58728462500005,52.036251905],[5.57624848500006,52.0303976810001],[5.56521523400005,52.024542426],[5.55418487200006,52.018686142],[5.54315739800006,52.0128288270001],[5.53213281200004,52.0069704840001],[5.52111111100004,52.0011111110001],[5.50697351300005,51.9999258810001],[5.49283666400004,51.998738959],[5.47870056600004,51.997550344],[5.46456521800008,51.996360038],[5.45043062300005,51.9951680390001],[5.43629678000002,51.993974349],[5.42216369200003,51.992778968],[5.40803135900006,51.9915818950001],[5.39389978300005,51.990383131],[5.37976896300006,51.989182676],[5.36563890100007,51.9879805300001],[5.35150959900005,51.9867766940001],[5.33738105700007,51.985571167],[5.32325327500007,51.9843639490001],[5.30912625600007,51.9831550420001],[5.29500000000007,51.9819444440001],[5.28493772300004,51.9771207300001],[5.27487761200007,51.9722961580001],[5.26481966800003,51.9674707290001],[5.25476388900006,51.962644444],[5.24757567700004,51.969863957],[5.24038514900008,51.9770830310001],[5.23319230300007,51.9843016680001],[5.22599713900007,51.9915198670001],[5.21879965400007,51.9987376270001],[5.21159984800005,52.0059549480001],[5.20439772000003,52.01317183],[5.19719326800004,52.020388273],[5.18998649100007,52.027604276],[5.18277738800003,52.0348198400001],[5.17556595800005,52.042034963],[5.16835219900003,52.0492496460001],[5.16113611100008,52.056463889],[5.16618504900003,52.0643212480001],[5.17123576400007,52.0721783910001],[5.17628825700007,52.0800353170001],[5.18134252900006,52.0878920280001],[5.18639858100005,52.0957485230001],[5.19145641500006,52.1036048010001],[5.19651603000005,52.111460863],[5.20157742900005,52.119316708],[5.20664061200006,52.1271723360001],[5.21170558100005,52.135027748],[5.21677233600008,52.142882942],[5.22184088000006,52.15073792],[5.22691121100007,52.15859268],[5.23198333300007,52.166447222],[5.21877051300004,52.168904189],[5.20555623400003,52.1713596800001],[5.19234049600004,52.173813694],[5.17912330100006,52.176266232],[5.16590464900003,52.178717292],[5.15268454000005,52.181166875],[5.13946297600006,52.1836149810001],[5.12623995500007,52.186061608],[5.11301548100005,52.1885067580001],[5.09978955100007,52.1909504280001],[5.08656216900005,52.1933926200001],[5.07333333300005,52.1958333330001],[5.08704572800002,52.198616111],[5.10075984000002,52.2013972990001],[5.11447566800007,52.2041768980001],[5.12819321100005,52.2069549060001],[5.14191247000002,52.209731323],[5.15563344200007,52.2125061500001],[5.16935612900005,52.215279385],[5.18308052800006,52.218051029],[5.19680664000003,52.2208210800001],[5.21053446400003,52.223589539],[5.22426400000006,52.226356406],[5.23799524600003,52.2291216790001],[5.25172820200004,52.231885359],[5.26546286800004,52.2346474450001],[5.27919924300005,52.2374079360001],[5.29293732600007,52.240166834],[5.30667711700005,52.2429241360001],[5.32041861500005,52.2456798430001],[5.33416181900003,52.2484339550001],[5.34790672900004,52.2511864700001],[5.36165334500004,52.253937389],[5.37540166500003,52.256686712],[5.38915169000006,52.259434437],[5.40290341700006,52.2621805650001],[5.41665684800006,52.2649250950001],[5.43041198100002,52.2676680270001],[5.44416881600006,52.2704093610001],[5.45792735100002,52.2731490960001],[5.47168758700008,52.2758872320001],[5.48544952300006,52.278623768],[5.49921315800003,52.2813587040001],[5.51297849100007,52.2840920400001],[5.52674552300005,52.2868237760001],[5.54051425100005,52.2895539100001],[5.55428467700006,52.292282443],[5.56805679800004,52.2950093750001],[5.58183061500006,52.297734704],[5.59560612700005,52.300458432],[5.60938333300004,52.303180556],[5.60938405400003,52.3120587930001],[5.60938477600007,52.320937029],[5.60938549800005,52.329815266],[5.60938622100002,52.3386935030001],[5.60938694300006,52.347571739],[5.60938766600003,52.3564499760001],[5.60938838900006,52.3653282130001],[5.60938911300002,52.37420645],[5.60938983700004,52.3830846860001],[5.60939056100005,52.3919629230001],[5.60939128500007,52.40084116],[5.60939201000002,52.4097193960001],[5.60939273500003,52.418597633],[5.60939346000004,52.4274758700001],[5.60939418500004,52.4363541060001],[5.60939491100004,52.445232343],[5.60939563700003,52.4541105800001],[5.60939636400008,52.4629888170001],[5.60939709000007,52.471867053],[5.60939781700006,52.4807452900001],[5.60939854500003,52.489623527],[5.60939927200008,52.498501763],[5.60940000000005,52.5073800000001],[5.60236824500004,52.515033509],[5.59533404100006,52.5226866020001],[5.58829738500003,52.5303392770001],[5.58125827700007,52.5379915350001],[5.57421671400004,52.5456433750001],[5.56717269600006,52.553294797],[5.56012622100008,52.5609458010001],[5.55307728800005,52.5685963870001],[5.54602589400002,52.5762465540001],[5.53897204000003,52.583896302],[5.53191572400004,52.59154563],[5.52485694300003,52.59919454],[5.51779569700005,52.6068430290001],[5.51073198400007,52.6144910990001],[5.50366580300005,52.6221387480001],[5.49659715300004,52.6297859760001],[5.48952603100003,52.6374327840001],[5.48245243700006,52.6450791710001],[5.47537637000005,52.6527251360001],[5.46829782700007,52.66037068],[5.46121680700003,52.6680158020001],[5.45413331000003,52.675660502],[5.44704733300006,52.6833047790001],[5.43995887500006,52.6909486340001],[5.43286793400006,52.6985920660001],[5.42577451000005,52.7062350750001],[5.41867860100007,52.71387766],[5.41158020600005,52.7215198210001],[5.40447932200004,52.729161559],[5.39737594900004,52.7368028720001],[5.39027008500005,52.7444437610001],[5.38316172900005,52.752084225],[5.37605087900005,52.7597242640001],[5.36893753400005,52.767363877],[5.36182169300002,52.7750030650001],[5.35470335300005,52.7826418270001],[5.34758251500006,52.790280163],[5.34045917500003,52.7979180730001],[5.33333333300004,52.8055555560001],[5.32158098100007,52.8043691030001],[5.30982927100007,52.8031814880001],[5.29807820300005,52.8019927130001],[5.28632777800004,52.800802778]]]},"properties":{"Name":"NIEUW MILLIGEN TMA B","Designator":"EHMCBD","Type":"TMA","LocalType":"TMA","UpperLimit":65,"LowerLimit":55,"UpperLimitUnit":"FL","LowerLimitUnit":"FL","Class":"D","name":"NIEUW MILLIGEN TMA B"}},{"type":"Feature","geometry":{"type":"Polygon","coordinates":[[[4.51123263400007,51.4797747220001],[4.51745335600003,51.4877996370001],[4.52367279900005,51.495860055],[4.52989444200006,51.5039201450001],[4.53611828700002,51.511979905],[4.54234433400006,51.5200393360001],[4.54857258500004,51.528098437],[4.55480304200006,51.5361572090001],[4.56103570500005,51.5442156500001],[4.56727057600006,51.552273761],[4.57350765600006,51.560331542],[4.57974694700005,51.5683889910001],[4.58598844900007,51.5764461100001],[4.59223216500004,51.584502898],[4.59847809600006,51.5925593540001],[4.60472624200003,51.6006154790001],[4.61097660600007,51.608671272],[4.61722918800007,51.6167267320001],[4.62348399000007,51.624781861],[4.62974101300006,51.632836657],[4.63600025900007,51.640891121],[4.64226172900004,51.648945252],[4.64852542400007,51.656999049],[4.65479134600002,51.665052513],[4.66105949600006,51.673105644],[4.66732987500006,51.681158441],[4.67360248500006,51.689210904],[4.67987732600005,51.6972630330001],[4.68615440200006,51.705314828],[4.69243371100004,51.713366288],[4.69871525700006,51.721417413],[4.70499904000008,51.7294682030001],[4.71128506200006,51.7375186580001],[4.71757332400006,51.7455687780001],[4.72386382800005,51.753618562],[4.73015657400003,51.7616680100001],[4.73645156400005,51.769717122],[4.74274880000007,51.7777658970001],[4.74904828300004,51.785814336],[4.75535001400004,51.7938624380001],[4.76165399500007,51.8019102040001],[4.76796022600007,51.8099576320001],[4.77426871000006,51.8180047220001],[4.78057944800003,51.826051475],[4.78689244000003,51.8340978910001],[4.79320768900004,51.8421439680001],[4.79952519600005,51.850189707],[4.80584496100005,51.858235107],[4.81216698800006,51.866280169],[4.81849127600003,51.8743248910001],[4.82481782700006,51.882369275],[4.83114664300007,51.8904133190001],[4.83747772500004,51.898457024],[4.84381107400003,51.906500388],[4.85014669200007,51.914543413],[4.85648458000003,51.9225860970001],[4.86282473900008,51.9306284410001],[4.86916717200006,51.9386704450001],[4.87551187800005,51.9467121070001],[4.88185886000002,51.9547534280001],[4.88820811900007,51.962794408],[4.89455965600007,51.970835046],[4.90091347300006,51.978875343],[4.90726957100003,51.9869152970001],[4.91362795200007,51.99495491],[4.91998861600007,52.002994179],[4.92635156600005,52.0110331060001],[4.93271680200007,52.0190716910001],[4.93908432700005,52.027109932],[4.94545414000004,52.035147829],[4.95182624500006,52.043185383],[4.95820064100008,52.0512225940001],[4.96457733200003,52.0592594600001],[4.97095631700006,52.0672959820001],[4.97733759800008,52.075332159],[4.98372117800005,52.083367992],[4.99010705600006,52.0914034800001],[4.99649523500005,52.099438623],[5.00288571600004,52.1074734200001],[5.00927850000005,52.1155078720001],[5.01567358900007,52.123541978],[5.02207098400004,52.131575738],[5.02847068700004,52.139609152],[5.03487269800007,52.147642219],[5.04127702000005,52.1556749390001],[5.04768365400002,52.163707313],[5.05409260000005,52.1717393390001],[5.06050386100003,52.1797710180001],[5.06691743900006,52.18780235],[5.07333333300005,52.1958333330001],[5.08656216900005,52.1933926200001],[5.09978955100007,52.1909504280001],[5.11301548100005,52.1885067580001],[5.12623995500007,52.186061608],[5.13946297600006,52.1836149810001],[5.15268454000005,52.181166875],[5.16590464900003,52.178717292],[5.17912330100006,52.176266232],[5.19234049600004,52.173813694],[5.20555623400003,52.1713596800001],[5.21877051300004,52.168904189],[5.23198333300007,52.166447222],[5.22691121100007,52.15859268],[5.22184088000006,52.15073792],[5.21677233600008,52.142882942],[5.21170558100005,52.135027748],[5.20664061200006,52.1271723360001],[5.20157742900005,52.119316708],[5.19651603000005,52.111460863],[5.19145641500006,52.1036048010001],[5.18639858100005,52.0957485230001],[5.18134252900006,52.0878920280001],[5.17628825700007,52.0800353170001],[5.17123576400007,52.0721783910001],[5.16618504900003,52.0643212480001],[5.16113611100008,52.056463889],[5.16835219900003,52.0492496460001],[5.17556595800005,52.042034963],[5.18277738800003,52.0348198400001],[5.18998649100007,52.027604276],[5.19719326800004,52.020388273],[5.20439772000003,52.01317183],[5.21159984800005,52.0059549480001],[5.21879965400007,51.9987376270001],[5.22599713900007,51.9915198670001],[5.23319230300007,51.9843016680001],[5.24038514900008,51.9770830310001],[5.24757567700004,51.969863957],[5.25476388900006,51.962644444],[5.26481966800003,51.9674707290001],[5.27487761200007,51.9722961580001],[5.28493772300004,51.9771207300001],[5.29500000000007,51.9819444440001],[5.30912625600007,51.9831550420001],[5.32325327500007,51.9843639490001],[5.33738105700007,51.985571167],[5.35150959900005,51.9867766940001],[5.36563890100007,51.9879805300001],[5.37976896300006,51.989182676],[5.39389978300005,51.990383131],[5.40803135900006,51.9915818950001],[5.42216369200003,51.992778968],[5.43629678000002,51.993974349],[5.45043062300005,51.9951680390001],[5.46456521800008,51.996360038],[5.47870056600004,51.997550344],[5.49283666400004,51.998738959],[5.50697351300005,51.9999258810001],[5.52111111100004,52.0011111110001],[5.53423935100005,51.998041619],[5.54736579000007,51.9949706690001],[5.56049042800004,51.991898259],[5.57361326500006,51.988824391],[5.58673430000005,51.985749065],[5.59985353300004,51.9826722810001],[5.61297096300007,51.9795940390001],[5.62608659000006,51.976514341],[5.63920041400007,51.9734331860001],[5.65231243400007,51.9703505740001],[5.66542265000004,51.967266507],[5.67853106100006,51.9641809840001],[5.69163766600008,51.9610940060001],[5.70474246700007,51.958005573],[5.71784546200007,51.954915686],[5.73094665000002,51.951824344],[5.74404603200003,51.9487315490001],[5.75714360600006,51.9456373],[5.77023937400003,51.942541598],[5.78333333300003,51.9394444440001],[5.79368100700003,51.933243675],[5.80402582000005,51.927041999],[5.81436777600004,51.920839416],[5.82470687300003,51.9146359270001],[5.83504311400003,51.9084315330001],[5.84537650000004,51.9022262340001],[5.85570703000008,51.89602003],[5.86603470800003,51.889812922],[5.87635953200004,51.88360491],[5.88668150500007,51.877395994],[5.89700062700007,51.871186176],[5.90731690000007,51.8649754560001],[5.91763032400007,51.8587638330001],[5.92794090100006,51.852551309],[5.93824863100002,51.846337884],[5.94855351600006,51.8401235590001],[5.95885441600007,51.8339090210001],[5.95423348900005,51.830582271],[5.94545277800006,51.824258333],[5.94578055600005,51.8240805560001],[5.94501944400002,51.8235361110001],[5.94681111100005,51.822552778],[5.95146111100007,51.8205722220001],[5.95810833300004,51.8168944440001],[5.95570555600005,51.815469444],[5.95477222200003,51.8159055560001],[5.95286111100006,51.8147666670001],[5.95066388900005,51.816238889],[5.94959722200002,51.8154361110001],[5.94808055600004,51.8164555560001],[5.94591944400003,51.8151111110001],[5.94700000000006,51.8143694440001],[5.94655555600002,51.8138416670001],[5.94653333300005,51.8134527780001],[5.94828611100007,51.812508333],[5.94874166700004,51.812797222],[5.94939166700004,51.8124388890001],[5.94848055600005,51.8114138890001],[5.94798333300002,51.8113805560001],[5.95032222200007,51.810669444],[5.95671388900007,51.8099527780001],[5.95777500000003,51.8090388890001],[5.95895277800003,51.8087583330001],[5.96307777800007,51.8070611110001],[5.96504444400006,51.8060055560001],[5.96576111100006,51.805605556],[5.96616388900003,51.8049750000001],[5.96691388900007,51.8043805560001],[5.96733611100007,51.8045388890001],[5.96790833300003,51.8037305560001],[5.97130555600006,51.8018361110001],[5.97174444400002,51.8013527780001],[5.97563611100003,51.7990444440001],[5.97719444400008,51.798630556],[5.97907500000002,51.7976583330001],[5.97439444400004,51.7956194440001],[5.97478888900002,51.795333333],[5.97459444400005,51.7952083330001],[5.97679166700004,51.794277778],[5.97262777800006,51.7895861110001],[5.97506944400004,51.7888],[5.97397500000005,51.7884666670001],[5.97455000000002,51.7860555560001],[5.97455277800003,51.7850527780001],[5.97953611100007,51.7859861110001],[5.98078611100004,51.785572222],[5.98170833300003,51.7841777780001],[5.98467777800005,51.7850583330001],[5.98479166700002,51.7844277780001],[5.98789444400006,51.782883333],[5.98976111100006,51.7837305560001],[5.99022222200006,51.783413889],[5.99043888900007,51.7832000000001],[5.98342222200006,51.7787416670001],[5.98433333300005,51.777766667],[5.98455000000007,51.7777888890001],[5.98368055600002,51.7755916670001],[5.98406666700004,51.775369444],[5.98234166700007,51.7736833330001],[5.98680833300006,51.7722277780001],[5.99075000000005,51.7696888890001],[5.99206111100006,51.7702472220001],[5.99056666700005,51.7663277780001],[5.98487877200006,51.7631931930001],[5.97919166700007,51.7600583330001],[5.97828333300004,51.759708333],[5.97657222200007,51.7597000000001],[5.97493888900004,51.759047222],[5.97408055600005,51.759258333],[5.96620626500004,51.7553613740001],[5.95833333300004,51.751463889],[5.95681388900005,51.751941667],[5.95196111100006,51.748938889],[5.95331944400004,51.747933333],[5.95281388900003,51.7469611110001],[5.95251388900004,51.7454805560001],[5.95238333300006,51.7422750000001],[5.95313055600008,51.741555556],[5.95313888900006,51.7409277780001],[5.95468055600003,51.739422222],[5.95514722200005,51.7381194440001],[5.95686388900003,51.7386500000001],[5.95915833300006,51.738286111],[5.96111388900005,51.7387833330001],[5.96578333300005,51.7387722220001],[5.96841388900003,51.7385],[5.97085555600006,51.7391111110001],[5.97336666700005,51.7393000000001],[5.97919722200004,51.7387444440001],[5.98147222200004,51.7388222220001],[5.98499722200006,51.7392861110001],[5.98732500000006,51.7389277780001],[5.99261388900004,51.7385944440001],[5.99420000000003,51.7383055560001],[5.99988333300007,51.735430556],[6.00229722200004,51.7345916670001],[6.00381111100006,51.7337027780001],[6.01343611100003,51.730761111],[6.01747777800006,51.729038889],[6.02250555600006,51.727927778],[6.02952500000004,51.7254888890001],[6.03226111100003,51.7238222220001],[6.03218611100004,51.7232333330001],[6.03300277800003,51.721416667],[6.03365833300006,51.721086111],[6.03462222200005,51.7214250000001],[6.03503888900002,51.7212250000001],[6.03474444400007,51.7203138890001],[6.03542777800004,51.7177694440001],[6.03839166700004,51.7181194440001],[6.03838888900003,51.7184250000001],[6.03771388900003,51.7195166670001],[6.03788055600006,51.7199277780001],[6.04494444400007,51.716908333],[6.04398888900005,51.7158305560001],[6.04368611100006,51.714975],[6.04202222200007,51.713336111],[6.03980000000007,51.7137333330001],[6.03785277800006,51.713702778],[6.03767222200003,51.7127472220001],[6.03552222200005,51.712858333],[6.03454444400006,51.712713889],[6.03340000000003,51.713336111],[6.03218333300003,51.713186111],[6.02847777800002,51.711866667],[6.02821666700004,51.711544444],[6.02804722200005,51.710677778],[6.02693333300004,51.7101277780001],[6.02613888900004,51.708863889],[6.02619444400005,51.708344444],[6.02698333300003,51.707338889],[6.02713888900007,51.7067888890001],[6.02716666700007,51.7051000000001],[6.02685000000002,51.7042083330001],[6.02780833300005,51.7032333330001],[6.02809444400003,51.7026000000001],[6.02775833300007,51.7005722220001],[6.02900833300004,51.6992277780001],[6.03054444400004,51.698505556],[6.03116944400006,51.6963000000001],[6.03104722200004,51.6949638890001],[6.03176666700006,51.692230556],[6.03020000000004,51.690061111],[6.02824444400005,51.689622222],[6.03009722200005,51.6874000000001],[6.03230000000002,51.6840083330001],[6.03036944400003,51.682944444],[6.03054166700002,51.6828],[6.03028888900008,51.6797583330001],[6.03006666700003,51.679597222],[6.03025833300006,51.6789388890001],[6.02981666700003,51.6780972220001],[6.03194444400003,51.6761638890001],[6.03664166700003,51.6727611110001],[6.04855619400007,51.6697873160001],[6.06046915700006,51.6668123160001],[6.07238055600004,51.6638361110001],[6.07567222200004,51.664805556],[6.07632500000005,51.6641527780001],[6.07840555600006,51.663413889],[6.07964444400005,51.6634222220001],[6.07898333300005,51.661947222],[6.07954166700006,51.661591667],[6.08084166700007,51.6615055560001],[6.08309444400004,51.6617166670001],[6.08319444400007,51.661958333],[6.08424444400003,51.662447222],[6.08467500000006,51.662844444],[6.08534444400004,51.662911111],[6.08653055600007,51.6625388890001],[6.08719722200004,51.6618361110001],[6.08746388900005,51.6612166670001],[6.08731666700004,51.6602638890001],[6.08788888900006,51.6598500000001],[6.09503611100007,51.659697222],[6.09965277800006,51.6581166670001],[6.10196388900005,51.660608333],[6.10283611100004,51.6605027780001],[6.10603611100004,51.6592388890001],[6.10838333300006,51.6589916670001],[6.11688333300003,51.656533333],[6.11808333300007,51.6559722220001],[6.11642222200004,51.654261111],[6.11576666700006,51.653227778],[6.11652500000002,51.651388889],[6.11725277800002,51.650741667],[6.10941388900005,51.646866667],[6.11168333300003,51.6447305560001],[6.10804166700007,51.6419333330001],[6.10539270100003,51.6358694740001],[6.10274444400005,51.6298055560001],[6.10001111100007,51.6240805560001],[6.09722777800005,51.6208861110001],[6.09392500000007,51.62215],[6.09437500000007,51.6175500000001],[6.09435000000008,51.6151972220001],[6.09288457100007,51.6105277870001],[6.09141944400005,51.6058583330001],[6.09997650900004,51.6018552520001],[6.10853206400003,51.5978515480001],[6.11708611100005,51.5938472220001],[6.11928333300006,51.593666667],[6.12148611100002,51.5927472220001],[6.12601585800007,51.586926476],[6.13054444400007,51.5811055560001],[6.13567261500003,51.577627889],[6.14080000000007,51.57415],[6.14703333300002,51.570566667],[6.15700833300002,51.566583333],[6.16198493800005,51.5595760100001],[6.16696001000003,51.552568476],[6.17193354800003,51.5455607320001],[6.17690555600007,51.5385527780001],[6.18867777800006,51.5334777780001],[6.19430454300004,51.530429301],[6.19993055600003,51.527380556],[6.20381979800004,51.523238953],[6.20770833300003,51.519097222],[6.21202222200003,51.5133916670001],[6.21307222200005,51.509786111],[6.21380555600007,51.504480556],[6.21419444400004,51.5029138890001],[6.21370277800003,51.4993027780001],[6.21382222200003,51.4992194440001],[6.21278611100007,51.4932555560001],[6.21276388900003,51.4913083330001],[6.21851388900006,51.4843416670001],[6.21903055600006,51.4849833330001],[6.22129330400003,51.4799750220001],[6.22355555600006,51.474966667],[6.22310555600006,51.4701805560001],[6.22284444400003,51.469469444],[6.22367500000007,51.4687166670001],[6.22229444400006,51.466163889],[6.22210000000007,51.4610944440001],[6.22000277800004,51.4553472220001],[6.22059444400003,51.4466472220001],[6.21424166700007,51.4467361110001],[6.21391111100007,51.446227778],[6.21433894700004,51.4400555560001],[6.21476666700005,51.433883333],[6.21238754800004,51.425292433],[6.21000932400005,51.416701485],[6.20763199300006,51.4081104890001],[6.20525555600005,51.3995194440001],[6.21136111100003,51.400925],[6.21901394400004,51.400597471],[6.22666666700007,51.4002694440001],[6.22603333300003,51.3995333330001],[6.22676944400007,51.3993750000001],[6.22370277800007,51.3965527780001],[6.21764166700007,51.391602778],[6.21442500000006,51.3896361110001],[6.21636666700005,51.388833333],[6.21474166700006,51.3875166670001],[6.21765476900003,51.380721636],[6.22056700700006,51.373926533],[6.22347838000007,51.3671313580001],[6.22638888900002,51.360336111],[6.21725868700003,51.3551191190001],[6.20813056500003,51.3499014180001],[6.19900452100006,51.3446830080001],[6.18988055600005,51.3394638890001],[6.19423611100007,51.334880556],[6.19235555600005,51.3346722220001],[6.19091111100005,51.334944444],[6.18830277800004,51.3350694440001],[6.18309722200007,51.334138889],[6.18022222200005,51.3338722220001],[6.17890277800007,51.333572222],[6.17897777800005,51.333463889],[6.17823888900006,51.333227778],[6.17808611100003,51.333411111],[6.17413333300004,51.3330583330001],[6.17136388900008,51.3332083330001],[6.16855833300002,51.332988889],[6.16819722200006,51.331905556],[6.16825277800007,51.331455556],[6.16913055600003,51.3301111110001],[6.16937777800007,51.329375],[6.16708055600003,51.3275166670001],[6.16418611100005,51.325552778],[6.16208888900007,51.3230222220001],[6.16160000000002,51.3216027780001],[6.15958888900008,51.319691667],[6.15941944400004,51.315644444],[6.15553055600003,51.3124194440001],[6.15423888900006,51.3111166670001],[6.15419444400004,51.309608333],[6.15382500000004,51.3074500000001],[6.14948428100007,51.302783414],[6.14514444400004,51.298116667],[6.13707807600002,51.291909999],[6.12901388900002,51.285702778],[6.12475833300005,51.277552778],[6.12450000000007,51.2747305560001],[6.11671966400007,51.269311031],[6.10894116400004,51.26389099],[6.10116449800006,51.2584704340001],[6.09338966600006,51.253049364],[6.08561666700007,51.247627778],[6.08166758400006,51.2460825320001],[6.06873427900007,51.2463464160001],[6.05579896400008,51.246613628],[6.04286349900002,51.246879414],[6.02992788400007,51.247143775],[6.01699212100004,51.2474067100001],[6.00405621100003,51.24766822],[5.99112015400004,51.247928303],[5.97818395100006,51.248186961],[5.96524760300002,51.2484441940001],[5.95231111100003,51.2487],[5.95498317500005,51.240538407],[5.95765429100004,51.232376753],[5.96032445900005,51.2242150390001],[5.96299368100006,51.216053264],[5.96566195600008,51.207891428],[5.96832928600003,51.1997295310001],[5.97099567100003,51.191567574],[5.97366111100007,51.1834055560001],[5.95993703200003,51.183412165],[5.94621295000007,51.1834171690001],[5.93248886500004,51.183420567],[5.91876477900007,51.1834223590001],[5.90504069200006,51.183422546],[5.89131660500004,51.183421127],[5.87759252000006,51.1834181030001],[5.86386843700006,51.183413473],[5.85014435700003,51.183407238],[5.83642028100007,51.1833993980001],[5.82269621100005,51.183389951],[5.80897214700002,51.183378899],[5.79524809000003,51.183366242],[5.78152404000002,51.1833519790001],[5.76780000000002,51.1833361110001],[5.76713611100007,51.1836944440001],[5.75598888900004,51.1844472220001],[5.75685000000004,51.1853888890001],[5.75312222200006,51.1860972220001],[5.75336388900007,51.186344444],[5.74913888900005,51.1887194440001],[5.74571666700007,51.189558333],[5.74329166700005,51.18825],[5.74316111100006,51.1875416670001],[5.74221666700004,51.1877250000001],[5.74005000000005,51.1864861110001],[5.73975833300005,51.184819444],[5.73952222200006,51.1847000000001],[5.73817222200006,51.186611111],[5.73805833300003,51.1864],[5.73642222200004,51.186238889],[5.73376388900004,51.186227778],[5.73341111100007,51.1853305560001],[5.73000277800003,51.1849472220001],[5.72950555600005,51.1856194440001],[5.72850555600007,51.1857416670001],[5.72840555600004,51.1855972220001],[5.72691944400003,51.185561111],[5.72661111100007,51.1853944440001],[5.72681388900003,51.1848944440001],[5.72546944400005,51.1846861110001],[5.72530000000006,51.1847250000001],[5.72519444400007,51.185180556],[5.72204166700004,51.184941667],[5.72174444400002,51.1845083330001],[5.71976666700004,51.1847138890001],[5.71770000000004,51.184413889],[5.71775555600004,51.1842472220001],[5.71747500000004,51.1841000000001],[5.71480277800003,51.1836500000001],[5.70942777800008,51.180469444],[5.70864444400007,51.1809166670001],[5.70926944400003,51.181752778],[5.70854166700002,51.181955556],[5.70125833300006,51.1823694440001],[5.70162222200003,51.183780556],[5.69804722200007,51.1838416670001],[5.69743333300005,51.183605556],[5.69645555600005,51.1838750000001],[5.69542500000006,51.182558333],[5.69420000000002,51.1827805560001],[5.69151388900002,51.183722222],[5.69179722200005,51.1839305560001],[5.69027500000004,51.1846611110001],[5.69049166700006,51.185088889],[5.68963055600005,51.1854083330001],[5.68796111100005,51.185380556],[5.68724166700002,51.1845805560001],[5.68395555600006,51.1840916670001],[5.68276944400003,51.183977778],[5.68085555600004,51.1844944440001],[5.68048055600002,51.183525],[5.67645833300003,51.182627778],[5.67645555600006,51.1842611110001],[5.67610277800003,51.1847111110001],[5.67311111100003,51.185472222],[5.67081944400007,51.1857833330001],[5.66894444400003,51.185563889],[5.66804166700007,51.185816667],[5.66617777800008,51.1858750000001],[5.66480555600003,51.1862472220001],[5.66404722200002,51.186238889],[5.66227222200007,51.185722222],[5.66075833300005,51.1856888890001],[5.65807777800006,51.184741667],[5.65391429000005,51.1891847960001],[5.64975000000004,51.1936277780001],[5.65403888900005,51.194241667],[5.65274166700004,51.1976611110001],[5.64486666700003,51.200475],[5.63683055600006,51.202775],[5.62410496800004,51.206037248],[5.61137757800003,51.2092981160001],[5.59864838600004,51.212557604],[5.58591739200006,51.2158157100001],[5.57318459700002,51.219072435],[5.56045000000006,51.2223277780001],[5.55870518800003,51.229686137],[5.55695981800005,51.2370444700001],[5.55521388900007,51.2444027780001],[5.55488611100003,51.2445777780001],[5.55537500000003,51.245469444],[5.55530000000005,51.2474888890001],[5.55661388900006,51.2504388890001],[5.55652500000002,51.2527277780001],[5.55611666700003,51.254827778],[5.55636111100006,51.2553833330001],[5.55690000000004,51.255816667],[5.55646111100003,51.256294444],[5.55751111100005,51.2573583330001],[5.55643611100004,51.2575277780001],[5.55674444400006,51.2587861110001],[5.55677222200006,51.2601333330001],[5.55753055600007,51.2600194440001],[5.55789166700004,51.2624250000001],[5.55785833300007,51.262788889],[5.55677500000007,51.262747222],[5.55661666700007,51.2633027780001],[5.55703055600003,51.264294444],[5.55646388900004,51.2662916670001],[5.55585277800003,51.2667777780001],[5.55465555600006,51.267077778],[5.54447500000003,51.271180556],[5.54465000000005,51.271944444],[5.54351111100004,51.2717277780001],[5.53594529100008,51.276865522],[5.52837777800005,51.282002778],[5.52369204800004,51.2857389820001],[5.51900555600002,51.289475],[5.51577777800003,51.295255556],[5.50635617400008,51.296761867],[5.49693395100007,51.298267423],[5.48751111100006,51.2997722220001],[5.48299444400004,51.300155556],[5.48327777800006,51.2987055560001],[5.47890833300005,51.2963722220001],[5.47763611100004,51.2949888890001],[5.47710000000006,51.2936611110001],[5.47679444400006,51.2912277780001],[5.46997500000003,51.2880166670001],[5.46591944400006,51.285441667],[5.46489166700007,51.2845750000001],[5.45336496900006,51.2833450100001],[5.44183888900005,51.2821138890001],[5.44136111100005,51.2809472220001],[5.44120555600006,51.279766667],[5.44063611100006,51.278691667],[5.43968055600004,51.2778027780001],[5.43831944400006,51.2760361110001],[5.43610000000007,51.276455556],[5.43350000000004,51.2763277780001],[5.42545571600004,51.26930722],[5.41741388900004,51.262286111],[5.40676443100006,51.264628261],[5.39611388900005,51.266969444],[5.38361154000006,51.269197831],[5.37110797900004,51.271424886],[5.35860320600005,51.2736506090001],[5.34609722200003,51.275875],[5.34593611100007,51.2752972220001],[5.34605000000005,51.275119444],[5.34551388900007,51.2748194440001],[5.34579444400003,51.2748250000001],[5.34583888900005,51.2746277780001],[5.34564166700005,51.27455],[5.34578888900006,51.2744750000001],[5.34552777800008,51.2740000000001],[5.34634166700005,51.2730500000001],[5.34611666700005,51.2728472220001],[5.34596666700003,51.2721861110001],[5.34557500000005,51.272036111],[5.34501944400006,51.2710138890001],[5.34425000000005,51.2702972220001],[5.34405555600006,51.2698333330001],[5.34344722200007,51.2693555560001],[5.34296111100002,51.2694611110001],[5.34313888900004,51.2685416670001],[5.34273611100002,51.2672972220001],[5.34279722200006,51.2665500000001],[5.34258611100006,51.265713889],[5.34153888900005,51.2658277780001],[5.34042222200003,51.2646111110001],[5.33647777800007,51.2630694440001],[5.32620144100002,51.263304616],[5.31592500000005,51.2635388890001],[5.30598172800006,51.2625393100001],[5.29603888900004,51.2615388890001],[5.28508324400002,51.263295467],[5.27412676300003,51.2650510230001],[5.26316944400003,51.2668055560001],[5.25054091800007,51.2640798460001],[5.23791388900003,51.2613527780001],[5.23194350500006,51.264809874],[5.22597222200005,51.268266667],[5.22918285200006,51.2751514330001],[5.23239444400002,51.2820361110001],[5.23565167700002,51.289792683],[5.23891001000004,51.2975491650001],[5.24216944400007,51.3053055560001],[5.23535000000004,51.3079500000001],[5.22363768800005,51.3128511690001],[5.21192287300005,51.3177511690001],[5.20020555600007,51.3226500000001],[5.19653888900007,51.320394444],[5.19078055600005,51.320061111],[5.18117500000005,51.3178888890001],[5.17307500000004,51.3157833330001],[5.16266666700005,51.3103222220001],[5.15322755900007,51.3120424250001],[5.14378774500005,51.3137618700001],[5.13434722200003,51.3154805560001],[5.13368298200004,51.323368756],[5.13301851300002,51.331256952],[5.13235381500004,51.339145145],[5.13168888900003,51.3470333330001],[5.12478888900006,51.3512027780001],[5.11952222200006,51.355602778],[5.11653611100007,51.3611361110001],[5.10747068300003,51.367608067],[5.09840269200004,51.374079323],[5.08933213800003,51.3805498790001],[5.08025901900004,51.387019734],[5.07118333300002,51.3934888890001],[5.07717564800004,51.400670598],[5.08316984500004,51.407852001],[5.08916592500003,51.415033098],[5.09516388900005,51.422213889],[5.09988702700002,51.4267917620001],[5.10461111100005,51.431369444],[5.09953574700006,51.439293772],[5.09445862200005,51.44721788],[5.08937973400003,51.4551417690001],[5.08429908300008,51.463065439],[5.07921666700003,51.4709888890001],[5.07925277800007,51.471416667],[5.07210000000003,51.471116667],[5.05893471900004,51.4711076820001],[5.04576944400003,51.471097222],[5.04601666700006,51.4716666670001],[5.04520000000002,51.473044444],[5.04335000000003,51.474763889],[5.04271944400006,51.4745472220001],[5.04243888900004,51.4748361110001],[5.04325555600008,51.475108333],[5.04315833300006,51.4752750000001],[5.04097777800007,51.476644444],[5.04050000000007,51.477488889],[5.03963055600002,51.4774166670001],[5.03771666700004,51.479330556],[5.03911111100007,51.479805556],[5.03872500000006,51.481802778],[5.04006111100006,51.485005556],[5.04017777800004,51.486488889],[5.03865555600004,51.486530556],[5.03883055600005,51.4870861110001],[5.03544444400006,51.4873805560001],[5.03318055600005,51.4873027780001],[5.03303611100006,51.4864250000001],[5.03226388900003,51.4857777780001],[5.03053055600003,51.4854500000001],[5.02892222200006,51.4843472220001],[5.02765833300003,51.483791667],[5.02617777800003,51.483483333],[5.02596388900002,51.4832416670001],[5.02549166700004,51.4832027780001],[5.02410277800004,51.4825361110001],[5.02357777800006,51.482055556],[5.02238888900007,51.481722222],[5.02142777800003,51.481052778],[5.02090277800005,51.479938889],[5.01998055600006,51.4790444440001],[5.01998611100004,51.478841667],[5.01943333300005,51.478525],[5.01929166700006,51.4781222220001],[5.01884722200003,51.477886111],[5.01893055600004,51.4776444440001],[5.01835000000005,51.476908333],[5.01695833300005,51.4755527780001],[5.01643611100008,51.475505556],[5.01662500000003,51.4752111110001],[5.01082777800002,51.472263889],[5.00815833300004,51.467169444],[5.00727777800006,51.464341667],[5.00781944400006,51.462252778],[5.00879444400005,51.4622277780001],[5.01005277800004,51.459975],[5.01077222200007,51.4592555560001],[5.01040833300004,51.4586416670001],[5.01052500000003,51.457844444],[5.00981111100003,51.4571083330001],[5.01018888900006,51.456586111],[5.01098611100002,51.4560111110001],[5.01094444400007,51.4552055560001],[5.01025555600006,51.453477778],[5.00946944400005,51.4527138890001],[5.00814444400004,51.4524250000001],[5.00781944400006,51.4517138890001],[5.00748055600008,51.4514638890001],[5.00633333300004,51.451558333],[5.00550555600006,51.4509833330001],[5.00506388900004,51.4499388890001],[5.00502500000005,51.4493722220001],[5.00537500000007,51.4489972220001],[5.00479166700006,51.4470055560001],[5.00468333300006,51.4458138890001],[5.00467222200007,51.444536111],[5.00530000000003,51.4444472220001],[5.00380000000007,51.4434833330001],[5.00103611100008,51.442708333],[4.99798888900006,51.4403611110001],[4.98930506900007,51.4358544340001],[4.98062296300003,51.431347116],[4.97194257000007,51.426839156],[4.96326388900007,51.4223305560001],[4.95465947700006,51.4157453890001],[4.94605754500003,51.409159592],[4.93745809000006,51.4025731660001],[4.92886111100006,51.3959861110001],[4.92865555600002,51.3958666670001],[4.92776944400003,51.3997694440001],[4.92443055600006,51.398758333],[4.92455833300005,51.397791667],[4.92522777800002,51.3966750000001],[4.92786666700005,51.3954583330001],[4.92088333300006,51.393666667],[4.91380000000004,51.3950694440001],[4.91541388900004,51.3953527780001],[4.91774444400005,51.396813889],[4.92351111100004,51.3967388890001],[4.92468055600006,51.3969138890001],[4.92431388900008,51.397697222],[4.92332222200002,51.3985166670001],[4.91865000000007,51.3982333330001],[4.91799722200005,51.3978916670001],[4.91805277800006,51.398158333],[4.91790000000003,51.398252778],[4.91605555600006,51.3986694440001],[4.91778055600003,51.40045],[4.91012777800006,51.402222222],[4.91051111100006,51.4029027780001],[4.90851388900006,51.404513889],[4.90975555600005,51.407422222],[4.90649444400003,51.4089777780001],[4.90593333300006,51.4085805560001],[4.90601944400004,51.4091750000001],[4.90560277800006,51.409872222],[4.90529722200006,51.409991667],[4.90499444400007,51.409722222],[4.90370833300005,51.4099694440001],[4.90485277800002,51.411894444],[4.90384166700005,51.4124166670001],[4.90325277800002,51.4116277780001],[4.90269166700006,51.4102611110001],[4.89985277800002,51.4105750000001],[4.90017777800006,51.4109611110001],[4.90042222200003,51.4117305560001],[4.90026944400006,51.412502778],[4.90246666700006,51.412491667],[4.90316388900004,51.4135666670001],[4.90184444400006,51.413919444],[4.90071666700004,51.4133444440001],[4.90121944400005,51.41425],[4.90074166700003,51.4142277780001],[4.89997500000004,51.414669444],[4.89878888900006,51.4141472220001],[4.89910277800004,51.413816667],[4.89745000000005,51.413413889],[4.89848333300006,51.412819444],[4.89847500000008,51.4119388890001],[4.89694722200005,51.411711111],[4.89647222200006,51.4128944440001],[4.89449444400003,51.412941667],[4.89087500000005,51.4151138890001],[4.89037500000006,51.414805556],[4.88941944400005,51.4155305560001],[4.88791388900006,51.4151305560001],[4.88583611100006,51.4153277780001],[4.88605000000007,51.4166555560001],[4.88296666700006,51.4165027780001],[4.88305277800004,51.415308333],[4.88131666700002,51.4155166670001],[4.87981388900005,51.4144527780001],[4.87843611100004,51.4141388890001],[4.87780555600006,51.415375],[4.87551111100004,51.4151666670001],[4.87361666700002,51.4147972220001],[4.87395833300008,51.414013889],[4.87283888900004,51.4138694440001],[4.87289722200006,51.4136638890001],[4.87220555600004,51.4135666670001],[4.87210277800006,51.413797222],[4.87124722200002,51.4137777780001],[4.87053055600006,51.412994444],[4.86805833300002,51.4128250000001],[4.86789722200007,51.4123888890001],[4.86661666700007,51.4116472220001],[4.86629444400006,51.4112277780001],[4.86628333300007,51.4109638890001],[4.86654166700004,51.4107277780001],[4.86786111100002,51.4106583330001],[4.86816666700003,51.4104944440001],[4.86809444400006,51.4102194440001],[4.86839722200006,51.410094444],[4.86816666700003,51.4096916670001],[4.86743611100007,51.409144444],[4.86606388900003,51.410041667],[4.86046388900007,51.4105805560001],[4.85972222200007,51.411194444],[4.85995000000003,51.4130416670001],[4.85971111100002,51.4129583330001],[4.85968333300002,51.4131444440001],[4.85983333300004,51.413352778],[4.85899444400007,51.413152778],[4.85894444400003,51.412916667],[4.85848611100005,51.4130138890001],[4.85829166700006,51.4128388890001],[4.85783611100004,51.4129722220001],[4.85770555600004,51.413216667],[4.85744444400007,51.4130361110001],[4.85756388900006,51.4127861110001],[4.85707500000007,51.412872222],[4.85668611100004,51.412716667],[4.85656111100008,51.4129472220001],[4.85551111100006,51.412844444],[4.85539722200002,51.4129833330001],[4.85559722200003,51.4131583330001],[4.85510555600007,51.413297222],[4.85516944400007,51.413469444],[4.85472777800004,51.413258333],[4.85441388900006,51.4136972220001],[4.85349444400003,51.4134500000001],[4.85255555600003,51.4135055560001],[4.85242500000004,51.4138472220001],[4.85197500000004,51.4141250000001],[4.85075277800007,51.414288889],[4.85027500000007,51.4138694440001],[4.85000000000002,51.414102778],[4.85026666700003,51.4142583330001],[4.84978611100007,51.4143250000001],[4.84858611100003,51.4127722220001],[4.84700555600006,51.413427778],[4.84632777800005,51.4129194440001],[4.83924444400003,51.4146305560001],[4.82999290500004,51.4138878640001],[4.82074166700005,51.4131444440001],[4.80847881800003,51.411846473],[4.79621666700007,51.410547222],[4.79304722200004,51.409502778],[4.79220277800005,51.4105500000001],[4.78935277800002,51.4090194440001],[4.78726666700004,51.4094027780001],[4.78614722200007,51.410625],[4.78485000000006,51.410397222],[4.78469722200003,51.410716667],[4.78266944400002,51.41105],[4.78165277800002,51.4116194440001],[4.78018888900004,51.4121111110001],[4.77768055600006,51.413863889],[4.77529722200006,51.4141527780001],[4.77462500000007,51.4136],[4.77420555600003,51.4137805560001],[4.77336666700006,51.4134527780001],[4.77300833300006,51.4136972220001],[4.77315277800005,51.4141111110001],[4.77256111100007,51.4140972220001],[4.77218611100005,51.414647222],[4.77123333300005,51.4148805560001],[4.77121944400005,51.4150472220001],[4.77206111100003,51.4151444440001],[4.77215555600003,51.4153305560001],[4.77180277800005,51.4156583330001],[4.77171111100006,51.4167555560001],[4.77146666700003,51.416911111],[4.77094722200007,51.416602778],[4.77063055600007,51.4166805560001],[4.77048888900003,51.417277778],[4.76999444400008,51.417436111],[4.76971111100005,51.4179500000001],[4.77032500000007,51.418366667],[4.76973333300003,51.419025],[4.76957500000003,51.418988889],[4.76967500000006,51.4186861110001],[4.76891666700004,51.418630556],[4.76924166700007,51.419186111],[4.76868055600005,51.4195],[4.76855277800007,51.419794444],[4.76874722200006,51.420188889],[4.76908333300003,51.420244444],[4.76893333300006,51.4205527780001],[4.76922222200005,51.4208444440001],[4.76890000000003,51.4214527780001],[4.76945277800007,51.4221555560001],[4.77006111100008,51.422161111],[4.77010277800002,51.422480556],[4.77046388900004,51.422586111],[4.77054444400005,51.4228944440001],[4.77095833300007,51.423191667],[4.77011944400004,51.423180556],[4.77028333300007,51.423719444],[4.76953055600006,51.4236194440001],[4.76999166700006,51.4244305560001],[4.76970833300004,51.424677778],[4.77015555600002,51.4248833330001],[4.76961111100007,51.4251944440001],[4.76971111100005,51.4257111110001],[4.76946388900006,51.4260722220001],[4.76989444400004,51.4262000000001],[4.77012777800007,51.426644444],[4.76941944400005,51.4267944440001],[4.76947777800007,51.427505556],[4.76889444400007,51.4274194440001],[4.76851944400005,51.4276305560001],[4.76892777800003,51.4282277780001],[4.76835277800006,51.428258333],[4.76821111100003,51.428525],[4.76867222200002,51.429119444],[4.76792500000005,51.4295083330001],[4.76746666700006,51.430022222],[4.76685000000003,51.4301305560001],[4.76658055600006,51.4304888890001],[4.76766111100005,51.430827778],[4.76869722200007,51.4303833330001],[4.76894166700004,51.4299638890001],[4.76936388900003,51.4299861110001],[4.77018611100004,51.4301583330001],[4.77020000000005,51.4305583330001],[4.77230555600005,51.4307833330001],[4.77436666700004,51.4315916670001],[4.77712777800002,51.4317194440001],[4.78079444400004,51.432308333],[4.78635555600005,51.4324972220001],[4.78642500000007,51.4320916670001],[4.78773055600004,51.4320500000001],[4.78937222200005,51.4296166670001],[4.79010000000005,51.4297583330001],[4.79071666700003,51.429583333],[4.79090555600004,51.429794444],[4.79152222200003,51.429808333],[4.79136666700003,51.4295250000001],[4.79154722200008,51.4292],[4.79195555600006,51.429305556],[4.79238333300003,51.429161111],[4.79285277800005,51.4288611110001],[4.79275555600003,51.428669444],[4.79289444400007,51.428552778],[4.79357777800004,51.428975],[4.79413888900007,51.4285083330001],[4.79542222200007,51.4288083330001],[4.79568888900008,51.428711111],[4.79555277800006,51.4283750000001],[4.79636666700003,51.4283],[4.79725277800003,51.4290972220001],[4.79781388900005,51.428616667],[4.79828333300003,51.4289444440001],[4.79863333300005,51.428925],[4.79858611100002,51.4285972220001],[4.79872777800006,51.428580556],[4.80031666700006,51.4291027780001],[4.80128333300007,51.4289416670001],[4.80118333300004,51.4286361110001],[4.80149722200002,51.428341667],[4.80190833300003,51.428483333],[4.80424722200007,51.427836111],[4.80493611100007,51.4284500000001],[4.80565833300005,51.4285861110001],[4.80591944400004,51.4283472220001],[4.80669722200003,51.428247222],[4.80605277800004,51.427794444],[4.80659444400004,51.4273666670001],[4.80744444400005,51.4274833330001],[4.80775000000006,51.427108333],[4.80810555600004,51.427005556],[4.80793333300005,51.426686111],[4.80836388900002,51.426419444],[4.80946388900003,51.4263250000001],[4.80961388900005,51.426038889],[4.81052500000004,51.426327778],[4.81162500000005,51.4259638890001],[4.81208333300003,51.4260305560001],[4.81221666700003,51.4263583330001],[4.81296666700007,51.4262861110001],[4.81368333300003,51.4256722220001],[4.81473333300005,51.4257111110001],[4.81446666700003,51.4255388890001],[4.81534166700004,51.4251722220001],[4.81627500000008,51.425655556],[4.81681666700007,51.4250305560001],[4.81960555600006,51.424211111],[4.81979722200003,51.4238500000001],[4.82049444400008,51.423763889],[4.82037222200006,51.4233833330001],[4.82064722200005,51.4229638890001],[4.82158888900005,51.422558333],[4.82201111100005,51.422652778],[4.82180555600007,51.422969444],[4.82235277800004,51.4231222220001],[4.82291944400004,51.422836111],[4.82455555600006,51.423102778],[4.82514444400005,51.4227638890001],[4.82561111100006,51.423141667],[4.82606944400004,51.4231222220001],[4.82578055600004,51.4226055560001],[4.82691944400005,51.4221972220001],[4.82647222200006,51.4211805560001],[4.83003611100003,51.4207888890001],[4.83346666700004,51.4198000000001],[4.83308055600003,51.419144444],[4.83470277800006,51.4184888890001],[4.83531111100007,51.4192472220001],[4.83674444400003,51.4188750000001],[4.83569722200002,51.4175111110001],[4.83645000000007,51.417291667],[4.83767777800006,51.4185694440001],[4.83922500000006,51.4197083330001],[4.83968333300004,51.4197361110001],[4.83935000000002,51.42015],[4.84042777800005,51.4209388890001],[4.84139444400006,51.422466667],[4.84058611100005,51.4225277780001],[4.83961944400005,51.4219000000001],[4.83879166700007,51.4218111110001],[4.83758888900007,51.4208722220001],[4.83653888900005,51.421208333],[4.83617500000003,51.421197222],[4.83588333300003,51.4209277780001],[4.83541388900005,51.4211861110001],[4.83486666700003,51.4209388890001],[4.83446111100005,51.4212027780001],[4.83420277800008,51.421036111],[4.83408611100003,51.420575],[4.83354722200005,51.420586111],[4.83328333300005,51.420363889],[4.83310833300004,51.420452778],[4.83321388900004,51.420747222],[4.83231944400006,51.420719444],[4.83205833300002,51.420930556],[4.83017222200004,51.421263889],[4.83013055600003,51.4216555560001],[4.82963055600004,51.4218805560001],[4.82941666700003,51.4223166670001],[4.82815833300003,51.422188889],[4.82855555600003,51.4238083330001],[4.82673911000006,51.429362514],[4.82492222200005,51.434916667],[4.82498888900005,51.43595],[4.82594444400007,51.436052778],[4.82464462300004,51.4423333410001],[4.82334444400004,51.4486138890001],[4.82584166700002,51.44985],[4.82858055600002,51.450908333],[4.82820000000004,51.451372222],[4.82902222200005,51.4516055560001],[4.82996944400003,51.4524027780001],[4.82988333300005,51.4530222220001],[4.83335277800006,51.456641667],[4.83340000000004,51.4573333330001],[4.83518055600007,51.458811111],[4.83734166700003,51.4564750000001],[4.83780555600003,51.4561194440001],[4.83846944400005,51.4560527780001],[4.83994722200003,51.456269444],[4.84135555600005,51.4567944440001],[4.84266111100004,51.457669444],[4.84394166700002,51.459061111],[4.84400277800006,51.459177778],[4.84116388900003,51.460438889],[4.83817777800004,51.461441667],[4.83606111100005,51.4612472220001],[4.83699444400003,51.467925],[4.83727222200002,51.4688944440001],[4.83785555600002,51.4697055560001],[4.83856666700007,51.471458333],[4.83964444400004,51.472688889],[4.84031666700002,51.47855],[4.84186111100007,51.4807750000001],[4.83970277800006,51.481183333],[4.83761388900007,51.4819416670001],[4.83510555600003,51.482147222],[4.83156388900005,51.481775],[4.82877222200005,51.4817555560001],[4.82483888900003,51.482133333],[4.82088611100005,51.483141667],[4.82094166700006,51.483366667],[4.82047777800005,51.4841305560001],[4.82016944400004,51.4859666670001],[4.81838055600002,51.487705556],[4.81737500000003,51.489133333],[4.81754722200003,51.489333333],[4.81767777800007,51.4905055560001],[4.81818333300004,51.4910972220001],[4.81750555600007,51.493022222],[4.81661111100004,51.494041667],[4.81566666700007,51.494613889],[4.81328888900003,51.495486111],[4.81183888900006,51.4955055560001],[4.81114444400004,51.4956194440001],[4.81110000000007,51.495894444],[4.80965277800004,51.495944444],[4.80811666700004,51.4968944440001],[4.80774166700007,51.4966166670001],[4.80717500000003,51.496636111],[4.80693888900004,51.4969944440001],[4.80664722200004,51.496888889],[4.80653888900002,51.497094444],[4.80554166700006,51.497308333],[4.80556388900004,51.497616667],[4.80459166700007,51.497588889],[4.80378333300007,51.4978444440001],[4.80361666700003,51.497680556],[4.80319166700002,51.4978472220001],[4.80292500000007,51.497480556],[4.80238611100003,51.497533333],[4.80200000000002,51.4976750000001],[4.80208611100005,51.497944444],[4.80177500000002,51.498341667],[4.79795000000007,51.499811111],[4.79646111100004,51.499425],[4.79538888900004,51.499561111],[4.79493333300007,51.4998138890001],[4.79396111100004,51.4997527780001],[4.79344722200005,51.499544444],[4.79332222200003,51.4990527780001],[4.79276388900007,51.4987166670001],[4.79256944400004,51.498366667],[4.79125833300003,51.4984555560001],[4.79082777800005,51.4981361110001],[4.79064722200008,51.498330556],[4.78990000000005,51.498369444],[4.78910555600004,51.4988555560001],[4.78854166700006,51.498780556],[4.78837777800004,51.499041667],[4.78768888900004,51.498988889],[4.78725000000003,51.498727778],[4.78607777800005,51.4988333330001],[4.78561111100004,51.499308333],[4.78522500000003,51.4993000000001],[4.78501944400006,51.4997333330001],[4.78443611100005,51.4994833330001],[4.78348333300005,51.4996444440001],[4.78300555600003,51.4995361110001],[4.78315555600005,51.499902778],[4.78264722200004,51.500233333],[4.78309722200004,51.500527778],[4.78235833300005,51.500580556],[4.78266666700006,51.501052778],[4.78228888900003,51.5012583330001],[4.78248333300007,51.50145],[4.78224166700005,51.501769444],[4.78160833300007,51.5018944440001],[4.78187777800002,51.502494444],[4.78077777800007,51.5025972220001],[4.78091944400006,51.503066667],[4.78146944400004,51.5031388890001],[4.78126388900006,51.503463889],[4.78069722200007,51.503683333],[4.78095555600004,51.5040666670001],[4.77383888900005,51.5051194440001],[4.76686228800003,51.503737707],[4.75988611100007,51.5023555560001],[4.75876388900002,51.500977778],[4.75835833300005,51.500138889],[4.75561666700003,51.5003472220001],[4.75296944400003,51.499558333],[4.75270555600002,51.499786111],[4.74893611100003,51.496686111],[4.74998888900006,51.495472222],[4.74975000000006,51.4943638890001],[4.74797777800006,51.4917194440001],[4.74699166700003,51.4907166670001],[4.74657777800007,51.4894583330001],[4.73802172500007,51.4868072560001],[4.72946666700005,51.4841555560001],[4.72510090500003,51.479095914],[4.72073611100006,51.474036111],[4.72016666700006,51.4736638890001],[4.72060833300003,51.4734388890001],[4.71832777800006,51.4725861110001],[4.71860277800005,51.472238889],[4.71594166700004,51.4711222220001],[4.71694444400003,51.4689194440001],[4.70325000000003,51.466986111],[4.70286111100006,51.466061111],[4.70405277800006,51.4655250000001],[4.70269722200004,51.4646222220001],[4.69933055600006,51.460925],[4.69912777800005,51.4598388890001],[4.69602750200005,51.4557708740001],[4.69292777800007,51.451702778],[4.68661111100005,51.451308333],[4.68243333300006,51.4496055560001],[4.68086111100007,51.449338889],[4.67373294900005,51.4468793830001],[4.66660555600004,51.4444194440001],[4.66805555600007,51.4367916670001],[4.66885286900003,51.431588892],[4.66965000000005,51.4263861110001],[4.66425833300002,51.4261527780001],[4.65950277800005,51.4252750000001],[4.65643611100006,51.4249888890001],[4.65364444400007,51.425852778],[4.65166944400005,51.4269],[4.65124444400004,51.426766667],[4.65103055600002,51.4263583330001],[4.65086111100004,51.4266416670001],[4.65058333300004,51.4265500000001],[4.65058333300004,51.4263250000001],[4.64971388900005,51.4265],[4.64942222200006,51.4263611110001],[4.64999722200002,51.426169444],[4.64956388900004,51.4258972220001],[4.64901666700007,51.4258833330001],[4.64947500000005,51.4254750000001],[4.64941111100006,51.4253305560001],[4.64786666700007,51.424833333],[4.64793055600006,51.4246583330001],[4.64832222200005,51.4247861110001],[4.64855000000006,51.4244555560001],[4.64831388900006,51.424280556],[4.64772222200003,51.424263889],[4.64765833300004,51.424527778],[4.64716944400004,51.424105556],[4.64657222200003,51.424],[4.64688611100007,51.4235166670001],[4.64680000000004,51.423355556],[4.64619166700004,51.423219444],[4.64621111100007,51.423458333],[4.64603333300005,51.4235416670001],[4.64591944400007,51.423125],[4.64419166700003,51.4230694440001],[4.64348888900003,51.422819444],[4.64195555600003,51.422702778],[4.64128333300005,51.4220361110001],[4.63978611100003,51.4222444440001],[4.63747500000005,51.423036111],[4.63394166700004,51.425108333],[4.63008611100003,51.4259500000001],[4.61615846800004,51.4276905390001],[4.60222976400007,51.429429428],[4.58830000000006,51.4311666670001],[4.58829444400004,51.4313333330001],[4.58253888900003,51.431355556],[4.58219166700007,51.431941667],[4.57471111100006,51.432836111],[4.56162127300007,51.4295644200001],[4.54853331000004,51.4262912720001],[4.53544722200007,51.4230166670001],[4.53393078600004,51.4299555650001],[4.53241388900005,51.4368944440001],[4.53115295200007,51.4432194510001],[4.52989166700007,51.449544444],[4.53596734100006,51.4574447590001],[4.54204511800003,51.4653447590001],[4.54812500000003,51.473244444],[4.54463055600007,51.4765472220001],[4.53822222200006,51.482388889],[4.52533713600008,51.4811417010001],[4.51245275500003,51.4798931010001],[4.51123263400007,51.4797747220001]]]},"properties":{"Name":"NIEUW MILLIGEN TMA D","Designator":"EHMCD1E","Type":"TMA_P","LocalType":"TMA","UpperLimit":65,"LowerLimit":1500,"UpperLimitUnit":"FL","LowerLimitUnit":"FT","Class":"E","name":"NIEUW MILLIGEN TMA D"}},{"type":"Feature","geometry":{"type":"Polygon","coordinates":[[[4.51123263400007,51.4797747220001],[4.51745335600003,51.4877996370001],[4.52367279900005,51.495860055],[4.52989444200006,51.5039201450001],[4.53611828700002,51.511979905],[4.54234433400006,51.5200393360001],[4.54857258500004,51.528098437],[4.55480304200006,51.5361572090001],[4.56103570500005,51.5442156500001],[4.56727057600006,51.552273761],[4.57350765600006,51.560331542],[4.57974694700005,51.5683889910001],[4.58598844900007,51.5764461100001],[4.59223216500004,51.584502898],[4.59847809600006,51.5925593540001],[4.60472624200003,51.6006154790001],[4.61097660600007,51.608671272],[4.61722918800007,51.6167267320001],[4.62348399000007,51.624781861],[4.62974101300006,51.632836657],[4.63600025900007,51.640891121],[4.64226172900004,51.648945252],[4.64852542400007,51.656999049],[4.65479134600002,51.665052513],[4.66105949600006,51.673105644],[4.66732987500006,51.681158441],[4.67360248500006,51.689210904],[4.67987732600005,51.6972630330001],[4.68615440200006,51.705314828],[4.69243371100004,51.713366288],[4.69871525700006,51.721417413],[4.70499904000008,51.7294682030001],[4.71128506200006,51.7375186580001],[4.71757332400006,51.7455687780001],[4.72386382800005,51.753618562],[4.73015657400003,51.7616680100001],[4.73645156400005,51.769717122],[4.74274880000007,51.7777658970001],[4.74904828300004,51.785814336],[4.75535001400004,51.7938624380001],[4.76165399500007,51.8019102040001],[4.76796022600007,51.8099576320001],[4.77426871000006,51.8180047220001],[4.78057944800003,51.826051475],[4.78689244000003,51.8340978910001],[4.79320768900004,51.8421439680001],[4.79952519600005,51.850189707],[4.80584496100005,51.858235107],[4.81216698800006,51.866280169],[4.81849127600003,51.8743248910001],[4.82481782700006,51.882369275],[4.83114664300007,51.8904133190001],[4.83747772500004,51.898457024],[4.84381107400003,51.906500388],[4.85014669200007,51.914543413],[4.85648458000003,51.9225860970001],[4.86282473900008,51.9306284410001],[4.86916717200006,51.9386704450001],[4.87551187800005,51.9467121070001],[4.88185886000002,51.9547534280001],[4.88820811900007,51.962794408],[4.89455965600007,51.970835046],[4.90091347300006,51.978875343],[4.90726957100003,51.9869152970001],[4.91362795200007,51.99495491],[4.91998861600007,52.002994179],[4.92635156600005,52.0110331060001],[4.93271680200007,52.0190716910001],[4.93908432700005,52.027109932],[4.94545414000004,52.035147829],[4.95182624500006,52.043185383],[4.95820064100008,52.0512225940001],[4.96457733200003,52.0592594600001],[4.97095631700006,52.0672959820001],[4.97733759800008,52.075332159],[4.98372117800005,52.083367992],[4.99010705600006,52.0914034800001],[4.99649523500005,52.099438623],[5.00288571600004,52.1074734200001],[5.00927850000005,52.1155078720001],[5.01567358900007,52.123541978],[5.02207098400004,52.131575738],[5.02847068700004,52.139609152],[5.03487269800007,52.147642219],[5.04127702000005,52.1556749390001],[5.04768365400002,52.163707313],[5.05409260000005,52.1717393390001],[5.06050386100003,52.1797710180001],[5.06691743900006,52.18780235],[5.07333333300005,52.1958333330001],[5.08656216900005,52.1933926200001],[5.09978955100007,52.1909504280001],[5.11301548100005,52.1885067580001],[5.12623995500007,52.186061608],[5.13946297600006,52.1836149810001],[5.15268454000005,52.181166875],[5.16590464900003,52.178717292],[5.17912330100006,52.176266232],[5.19234049600004,52.173813694],[5.20555623400003,52.1713596800001],[5.21877051300004,52.168904189],[5.23198333300007,52.166447222],[5.22691121100007,52.15859268],[5.22184088000006,52.15073792],[5.21677233600008,52.142882942],[5.21170558100005,52.135027748],[5.20664061200006,52.1271723360001],[5.20157742900005,52.119316708],[5.19651603000005,52.111460863],[5.19145641500006,52.1036048010001],[5.18639858100005,52.0957485230001],[5.18134252900006,52.0878920280001],[5.17628825700007,52.0800353170001],[5.17123576400007,52.0721783910001],[5.16618504900003,52.0643212480001],[5.16113611100008,52.056463889],[5.16835219900003,52.0492496460001],[5.17556595800005,52.042034963],[5.18277738800003,52.0348198400001],[5.18998649100007,52.027604276],[5.19719326800004,52.020388273],[5.20439772000003,52.01317183],[5.21159984800005,52.0059549480001],[5.21879965400007,51.9987376270001],[5.22599713900007,51.9915198670001],[5.23319230300007,51.9843016680001],[5.24038514900008,51.9770830310001],[5.24757567700004,51.969863957],[5.25476388900006,51.962644444],[5.26481966800003,51.9674707290001],[5.27487761200007,51.9722961580001],[5.28493772300004,51.9771207300001],[5.29500000000007,51.9819444440001],[5.30912625600007,51.9831550420001],[5.32325327500007,51.9843639490001],[5.33738105700007,51.985571167],[5.35150959900005,51.9867766940001],[5.36563890100007,51.9879805300001],[5.37976896300006,51.989182676],[5.39389978300005,51.990383131],[5.40803135900006,51.9915818950001],[5.42216369200003,51.992778968],[5.43629678000002,51.993974349],[5.45043062300005,51.9951680390001],[5.46456521800008,51.996360038],[5.47870056600004,51.997550344],[5.49283666400004,51.998738959],[5.50697351300005,51.9999258810001],[5.52111111100004,52.0011111110001],[5.53423935100005,51.998041619],[5.54736579000007,51.9949706690001],[5.56049042800004,51.991898259],[5.57361326500006,51.988824391],[5.58673430000005,51.985749065],[5.59985353300004,51.9826722810001],[5.61297096300007,51.9795940390001],[5.62608659000006,51.976514341],[5.63920041400007,51.9734331860001],[5.65231243400007,51.9703505740001],[5.66542265000004,51.967266507],[5.67853106100006,51.9641809840001],[5.69163766600008,51.9610940060001],[5.70474246700007,51.958005573],[5.71784546200007,51.954915686],[5.73094665000002,51.951824344],[5.74404603200003,51.9487315490001],[5.75714360600006,51.9456373],[5.77023937400003,51.942541598],[5.78333333300003,51.9394444440001],[5.79368100700003,51.933243675],[5.80402582000005,51.927041999],[5.81436777600004,51.920839416],[5.82470687300003,51.9146359270001],[5.83504311400003,51.9084315330001],[5.84537650000004,51.9022262340001],[5.85570703000008,51.89602003],[5.86603470800003,51.889812922],[5.87635953200004,51.88360491],[5.88668150500007,51.877395994],[5.89700062700007,51.871186176],[5.90731690000007,51.8649754560001],[5.91763032400007,51.8587638330001],[5.92794090100006,51.852551309],[5.93824863100002,51.846337884],[5.94855351600006,51.8401235590001],[5.95885441600007,51.8339090210001],[5.95423348900005,51.830582271],[5.94545277800006,51.824258333],[5.94578055600005,51.8240805560001],[5.94501944400002,51.8235361110001],[5.94681111100005,51.822552778],[5.95146111100007,51.8205722220001],[5.95810833300004,51.8168944440001],[5.95570555600005,51.815469444],[5.95477222200003,51.8159055560001],[5.95286111100006,51.8147666670001],[5.95066388900005,51.816238889],[5.94959722200002,51.8154361110001],[5.94808055600004,51.8164555560001],[5.94591944400003,51.8151111110001],[5.94700000000006,51.8143694440001],[5.94655555600002,51.8138416670001],[5.94653333300005,51.8134527780001],[5.94828611100007,51.812508333],[5.94874166700004,51.812797222],[5.94939166700004,51.8124388890001],[5.94848055600005,51.8114138890001],[5.94798333300002,51.8113805560001],[5.95032222200007,51.810669444],[5.95671388900007,51.8099527780001],[5.95777500000003,51.8090388890001],[5.95895277800003,51.8087583330001],[5.96307777800007,51.8070611110001],[5.96504444400006,51.8060055560001],[5.96576111100006,51.805605556],[5.96616388900003,51.8049750000001],[5.96691388900007,51.8043805560001],[5.96733611100007,51.8045388890001],[5.96790833300003,51.8037305560001],[5.97130555600006,51.8018361110001],[5.97174444400002,51.8013527780001],[5.97563611100003,51.7990444440001],[5.97719444400008,51.798630556],[5.97907500000002,51.7976583330001],[5.97439444400004,51.7956194440001],[5.97478888900002,51.795333333],[5.97459444400005,51.7952083330001],[5.97679166700004,51.794277778],[5.97262777800006,51.7895861110001],[5.97506944400004,51.7888],[5.97397500000005,51.7884666670001],[5.97455000000002,51.7860555560001],[5.97455277800003,51.7850527780001],[5.97953611100007,51.7859861110001],[5.98078611100004,51.785572222],[5.98170833300003,51.7841777780001],[5.98467777800005,51.7850583330001],[5.98479166700002,51.7844277780001],[5.98789444400006,51.782883333],[5.98976111100006,51.7837305560001],[5.99022222200006,51.783413889],[5.99043888900007,51.7832000000001],[5.98342222200006,51.7787416670001],[5.98433333300005,51.777766667],[5.98455000000007,51.7777888890001],[5.98368055600002,51.7755916670001],[5.98406666700004,51.775369444],[5.98234166700007,51.7736833330001],[5.98680833300006,51.7722277780001],[5.99075000000005,51.7696888890001],[5.99206111100006,51.7702472220001],[5.99056666700005,51.7663277780001],[5.98487877200006,51.7631931930001],[5.97919166700007,51.7600583330001],[5.97828333300004,51.759708333],[5.97657222200007,51.7597000000001],[5.97493888900004,51.759047222],[5.97408055600005,51.759258333],[5.96620626500004,51.7553613740001],[5.95833333300004,51.751463889],[5.95681388900005,51.751941667],[5.95196111100006,51.748938889],[5.95331944400004,51.747933333],[5.95281388900003,51.7469611110001],[5.95251388900004,51.7454805560001],[5.95238333300006,51.7422750000001],[5.95313055600008,51.741555556],[5.95313888900006,51.7409277780001],[5.95468055600003,51.739422222],[5.95514722200005,51.7381194440001],[5.95686388900003,51.7386500000001],[5.95915833300006,51.738286111],[5.96111388900005,51.7387833330001],[5.96578333300005,51.7387722220001],[5.96841388900003,51.7385],[5.97085555600006,51.7391111110001],[5.97336666700005,51.7393000000001],[5.97919722200004,51.7387444440001],[5.98147222200004,51.7388222220001],[5.98499722200006,51.7392861110001],[5.98732500000006,51.7389277780001],[5.99261388900004,51.7385944440001],[5.99420000000003,51.7383055560001],[5.99988333300007,51.735430556],[6.00229722200004,51.7345916670001],[6.00381111100006,51.7337027780001],[6.01343611100003,51.730761111],[6.01747777800006,51.729038889],[6.02250555600006,51.727927778],[6.02952500000004,51.7254888890001],[6.03226111100003,51.7238222220001],[6.03218611100004,51.7232333330001],[6.03300277800003,51.721416667],[6.03365833300006,51.721086111],[6.03462222200005,51.7214250000001],[6.03503888900002,51.7212250000001],[6.03474444400007,51.7203138890001],[6.03542777800004,51.7177694440001],[6.03839166700004,51.7181194440001],[6.03838888900003,51.7184250000001],[6.03771388900003,51.7195166670001],[6.03788055600006,51.7199277780001],[6.04494444400007,51.716908333],[6.04398888900005,51.7158305560001],[6.04368611100006,51.714975],[6.04202222200007,51.713336111],[6.03980000000007,51.7137333330001],[6.03785277800006,51.713702778],[6.03767222200003,51.7127472220001],[6.03552222200005,51.712858333],[6.03454444400006,51.712713889],[6.03340000000003,51.713336111],[6.03218333300003,51.713186111],[6.02847777800002,51.711866667],[6.02821666700004,51.711544444],[6.02804722200005,51.710677778],[6.02693333300004,51.7101277780001],[6.02613888900004,51.708863889],[6.02619444400005,51.708344444],[6.02698333300003,51.707338889],[6.02713888900007,51.7067888890001],[6.02716666700007,51.7051000000001],[6.02685000000002,51.7042083330001],[6.02780833300005,51.7032333330001],[6.02809444400003,51.7026000000001],[6.02775833300007,51.7005722220001],[6.02900833300004,51.6992277780001],[6.03054444400004,51.698505556],[6.03116944400006,51.6963000000001],[6.03104722200004,51.6949638890001],[6.03176666700006,51.692230556],[6.03020000000004,51.690061111],[6.02824444400005,51.689622222],[6.03009722200005,51.6874000000001],[6.03230000000002,51.6840083330001],[6.03036944400003,51.682944444],[6.03054166700002,51.6828],[6.03028888900008,51.6797583330001],[6.03006666700003,51.679597222],[6.03025833300006,51.6789388890001],[6.02981666700003,51.6780972220001],[6.03194444400003,51.6761638890001],[6.03664166700003,51.6727611110001],[6.04855619400007,51.6697873160001],[6.06046915700006,51.6668123160001],[6.07238055600004,51.6638361110001],[6.07567222200004,51.664805556],[6.07632500000005,51.6641527780001],[6.07840555600006,51.663413889],[6.07964444400005,51.6634222220001],[6.07898333300005,51.661947222],[6.07954166700006,51.661591667],[6.08084166700007,51.6615055560001],[6.08309444400004,51.6617166670001],[6.08319444400007,51.661958333],[6.08424444400003,51.662447222],[6.08467500000006,51.662844444],[6.08534444400004,51.662911111],[6.08653055600007,51.6625388890001],[6.08719722200004,51.6618361110001],[6.08746388900005,51.6612166670001],[6.08731666700004,51.6602638890001],[6.08788888900006,51.6598500000001],[6.09503611100007,51.659697222],[6.09965277800006,51.6581166670001],[6.10196388900005,51.660608333],[6.10283611100004,51.6605027780001],[6.10603611100004,51.6592388890001],[6.10838333300006,51.6589916670001],[6.11688333300003,51.656533333],[6.11808333300007,51.6559722220001],[6.11642222200004,51.654261111],[6.11576666700006,51.653227778],[6.11652500000002,51.651388889],[6.11725277800002,51.650741667],[6.10941388900005,51.646866667],[6.11168333300003,51.6447305560001],[6.10804166700007,51.6419333330001],[6.10539270100003,51.6358694740001],[6.10274444400005,51.6298055560001],[6.10001111100007,51.6240805560001],[6.09722777800005,51.6208861110001],[6.09392500000007,51.62215],[6.09437500000007,51.6175500000001],[6.09435000000008,51.6151972220001],[6.09288457100007,51.6105277870001],[6.09141944400005,51.6058583330001],[6.09997650900004,51.6018552520001],[6.10853206400003,51.5978515480001],[6.11708611100005,51.5938472220001],[6.11928333300006,51.593666667],[6.12148611100002,51.5927472220001],[6.12601585800007,51.586926476],[6.13054444400007,51.5811055560001],[6.13567261500003,51.577627889],[6.14080000000007,51.57415],[6.14703333300002,51.570566667],[6.15700833300002,51.566583333],[6.16198493800005,51.5595760100001],[6.16696001000003,51.552568476],[6.17193354800003,51.5455607320001],[6.17690555600007,51.5385527780001],[6.18867777800006,51.5334777780001],[6.19430454300004,51.530429301],[6.19993055600003,51.527380556],[6.20381979800004,51.523238953],[6.20770833300003,51.519097222],[6.21202222200003,51.5133916670001],[6.21307222200005,51.509786111],[6.21380555600007,51.504480556],[6.21419444400004,51.5029138890001],[6.21370277800003,51.4993027780001],[6.21382222200003,51.4992194440001],[6.21278611100007,51.4932555560001],[6.21276388900003,51.4913083330001],[6.21851388900006,51.4843416670001],[6.21903055600006,51.4849833330001],[6.22129330400003,51.4799750220001],[6.22355555600006,51.474966667],[6.22310555600006,51.4701805560001],[6.22284444400003,51.469469444],[6.22367500000007,51.4687166670001],[6.22229444400006,51.466163889],[6.22210000000007,51.4610944440001],[6.22000277800004,51.4553472220001],[6.22059444400003,51.4466472220001],[6.21424166700007,51.4467361110001],[6.21391111100007,51.446227778],[6.21433894700004,51.4400555560001],[6.21476666700005,51.433883333],[6.21238754800004,51.425292433],[6.21000932400005,51.416701485],[6.20763199300006,51.4081104890001],[6.20525555600005,51.3995194440001],[6.21136111100003,51.400925],[6.21901394400004,51.400597471],[6.22666666700007,51.4002694440001],[6.22603333300003,51.3995333330001],[6.22676944400007,51.3993750000001],[6.22370277800007,51.3965527780001],[6.21764166700007,51.391602778],[6.21442500000006,51.3896361110001],[6.21636666700005,51.388833333],[6.21474166700006,51.3875166670001],[6.21765476900003,51.380721636],[6.22056700700006,51.373926533],[6.22347838000007,51.3671313580001],[6.22638888900002,51.360336111],[6.21725868700003,51.3551191190001],[6.20813056500003,51.3499014180001],[6.19900452100006,51.3446830080001],[6.18988055600005,51.3394638890001],[6.19423611100007,51.334880556],[6.19235555600005,51.3346722220001],[6.19091111100005,51.334944444],[6.18830277800004,51.3350694440001],[6.18309722200007,51.334138889],[6.18022222200005,51.3338722220001],[6.17890277800007,51.333572222],[6.17897777800005,51.333463889],[6.17823888900006,51.333227778],[6.17808611100003,51.333411111],[6.17413333300004,51.3330583330001],[6.17136388900008,51.3332083330001],[6.16855833300002,51.332988889],[6.16819722200006,51.331905556],[6.16825277800007,51.331455556],[6.16913055600003,51.3301111110001],[6.16937777800007,51.329375],[6.16708055600003,51.3275166670001],[6.16418611100005,51.325552778],[6.16208888900007,51.3230222220001],[6.16160000000002,51.3216027780001],[6.15958888900008,51.319691667],[6.15941944400004,51.315644444],[6.15553055600003,51.3124194440001],[6.15423888900006,51.3111166670001],[6.15419444400004,51.309608333],[6.15382500000004,51.3074500000001],[6.14948428100007,51.302783414],[6.14514444400004,51.298116667],[6.13707807600002,51.291909999],[6.12901388900002,51.285702778],[6.12475833300005,51.277552778],[6.12450000000007,51.2747305560001],[6.11671966400007,51.269311031],[6.10894116400004,51.26389099],[6.10116449800006,51.2584704340001],[6.09338966600006,51.253049364],[6.08561666700007,51.247627778],[6.08166758400006,51.2460825320001],[6.06873427900007,51.2463464160001],[6.05579896400008,51.246613628],[6.04286349900002,51.246879414],[6.02992788400007,51.247143775],[6.01699212100004,51.2474067100001],[6.00405621100003,51.24766822],[5.99112015400004,51.247928303],[5.97818395100006,51.248186961],[5.96524760300002,51.2484441940001],[5.95231111100003,51.2487],[5.95498317500005,51.240538407],[5.95765429100004,51.232376753],[5.96032445900005,51.2242150390001],[5.96299368100006,51.216053264],[5.96566195600008,51.207891428],[5.96832928600003,51.1997295310001],[5.97099567100003,51.191567574],[5.97366111100007,51.1834055560001],[5.95993703200003,51.183412165],[5.94621295000007,51.1834171690001],[5.93248886500004,51.183420567],[5.91876477900007,51.1834223590001],[5.90504069200006,51.183422546],[5.89131660500004,51.183421127],[5.87759252000006,51.1834181030001],[5.86386843700006,51.183413473],[5.85014435700003,51.183407238],[5.83642028100007,51.1833993980001],[5.82269621100005,51.183389951],[5.80897214700002,51.183378899],[5.79524809000003,51.183366242],[5.78152404000002,51.1833519790001],[5.76780000000002,51.1833361110001],[5.76713611100007,51.1836944440001],[5.75598888900004,51.1844472220001],[5.75685000000004,51.1853888890001],[5.75312222200006,51.1860972220001],[5.75336388900007,51.186344444],[5.74913888900005,51.1887194440001],[5.74571666700007,51.189558333],[5.74329166700005,51.18825],[5.74316111100006,51.1875416670001],[5.74221666700004,51.1877250000001],[5.74005000000005,51.1864861110001],[5.73975833300005,51.184819444],[5.73952222200006,51.1847000000001],[5.73817222200006,51.186611111],[5.73805833300003,51.1864],[5.73642222200004,51.186238889],[5.73376388900004,51.186227778],[5.73341111100007,51.1853305560001],[5.73000277800003,51.1849472220001],[5.72950555600005,51.1856194440001],[5.72850555600007,51.1857416670001],[5.72840555600004,51.1855972220001],[5.72691944400003,51.185561111],[5.72661111100007,51.1853944440001],[5.72681388900003,51.1848944440001],[5.72546944400005,51.1846861110001],[5.72530000000006,51.1847250000001],[5.72519444400007,51.185180556],[5.72204166700004,51.184941667],[5.72174444400002,51.1845083330001],[5.71976666700004,51.1847138890001],[5.71770000000004,51.184413889],[5.71775555600004,51.1842472220001],[5.71747500000004,51.1841000000001],[5.71480277800003,51.1836500000001],[5.70942777800008,51.180469444],[5.70864444400007,51.1809166670001],[5.70926944400003,51.181752778],[5.70854166700002,51.181955556],[5.70125833300006,51.1823694440001],[5.70162222200003,51.183780556],[5.69804722200007,51.1838416670001],[5.69743333300005,51.183605556],[5.69645555600005,51.1838750000001],[5.69542500000006,51.182558333],[5.69420000000002,51.1827805560001],[5.69151388900002,51.183722222],[5.69179722200005,51.1839305560001],[5.69027500000004,51.1846611110001],[5.69049166700006,51.185088889],[5.68963055600005,51.1854083330001],[5.68796111100005,51.185380556],[5.68724166700002,51.1845805560001],[5.68395555600006,51.1840916670001],[5.68276944400003,51.183977778],[5.68085555600004,51.1844944440001],[5.68048055600002,51.183525],[5.67645833300003,51.182627778],[5.67645555600006,51.1842611110001],[5.67610277800003,51.1847111110001],[5.67311111100003,51.185472222],[5.67081944400007,51.1857833330001],[5.66894444400003,51.185563889],[5.66804166700007,51.185816667],[5.66617777800008,51.1858750000001],[5.66480555600003,51.1862472220001],[5.66404722200002,51.186238889],[5.66227222200007,51.185722222],[5.66075833300005,51.1856888890001],[5.65807777800006,51.184741667],[5.65391429000005,51.1891847960001],[5.64975000000004,51.1936277780001],[5.65403888900005,51.194241667],[5.65274166700004,51.1976611110001],[5.64486666700003,51.200475],[5.63683055600006,51.202775],[5.62410496800004,51.206037248],[5.61137757800003,51.2092981160001],[5.59864838600004,51.212557604],[5.58591739200006,51.2158157100001],[5.57318459700002,51.219072435],[5.56045000000006,51.2223277780001],[5.55870518800003,51.229686137],[5.55695981800005,51.2370444700001],[5.55521388900007,51.2444027780001],[5.55488611100003,51.2445777780001],[5.55537500000003,51.245469444],[5.55530000000005,51.2474888890001],[5.55661388900006,51.2504388890001],[5.55652500000002,51.2527277780001],[5.55611666700003,51.254827778],[5.55636111100006,51.2553833330001],[5.55690000000004,51.255816667],[5.55646111100003,51.256294444],[5.55751111100005,51.2573583330001],[5.55643611100004,51.2575277780001],[5.55674444400006,51.2587861110001],[5.55677222200006,51.2601333330001],[5.55753055600007,51.2600194440001],[5.55789166700004,51.2624250000001],[5.55785833300007,51.262788889],[5.55677500000007,51.262747222],[5.55661666700007,51.2633027780001],[5.55703055600003,51.264294444],[5.55646388900004,51.2662916670001],[5.55585277800003,51.2667777780001],[5.55465555600006,51.267077778],[5.54447500000003,51.271180556],[5.54465000000005,51.271944444],[5.54351111100004,51.2717277780001],[5.53594529100008,51.276865522],[5.52837777800005,51.282002778],[5.52369204800004,51.2857389820001],[5.51900555600002,51.289475],[5.51577777800003,51.295255556],[5.50635617400008,51.296761867],[5.49693395100007,51.298267423],[5.48751111100006,51.2997722220001],[5.48299444400004,51.300155556],[5.48327777800006,51.2987055560001],[5.47890833300005,51.2963722220001],[5.47763611100004,51.2949888890001],[5.47710000000006,51.2936611110001],[5.47679444400006,51.2912277780001],[5.46997500000003,51.2880166670001],[5.46591944400006,51.285441667],[5.46489166700007,51.2845750000001],[5.45336496900006,51.2833450100001],[5.44183888900005,51.2821138890001],[5.44136111100005,51.2809472220001],[5.44120555600006,51.279766667],[5.44063611100006,51.278691667],[5.43968055600004,51.2778027780001],[5.43831944400006,51.2760361110001],[5.43610000000007,51.276455556],[5.43350000000004,51.2763277780001],[5.42545571600004,51.26930722],[5.41741388900004,51.262286111],[5.40676443100006,51.264628261],[5.39611388900005,51.266969444],[5.38361154000006,51.269197831],[5.37110797900004,51.271424886],[5.35860320600005,51.2736506090001],[5.34609722200003,51.275875],[5.34593611100007,51.2752972220001],[5.34605000000005,51.275119444],[5.34551388900007,51.2748194440001],[5.34579444400003,51.2748250000001],[5.34583888900005,51.2746277780001],[5.34564166700005,51.27455],[5.34578888900006,51.2744750000001],[5.34552777800008,51.2740000000001],[5.34634166700005,51.2730500000001],[5.34611666700005,51.2728472220001],[5.34596666700003,51.2721861110001],[5.34557500000005,51.272036111],[5.34501944400006,51.2710138890001],[5.34425000000005,51.2702972220001],[5.34405555600006,51.2698333330001],[5.34344722200007,51.2693555560001],[5.34296111100002,51.2694611110001],[5.34313888900004,51.2685416670001],[5.34273611100002,51.2672972220001],[5.34279722200006,51.2665500000001],[5.34258611100006,51.265713889],[5.34153888900005,51.2658277780001],[5.34042222200003,51.2646111110001],[5.33647777800007,51.2630694440001],[5.32620144100002,51.263304616],[5.31592500000005,51.2635388890001],[5.30598172800006,51.2625393100001],[5.29603888900004,51.2615388890001],[5.28508324400002,51.263295467],[5.27412676300003,51.2650510230001],[5.26316944400003,51.2668055560001],[5.25054091800007,51.2640798460001],[5.23791388900003,51.2613527780001],[5.23194350500006,51.264809874],[5.22597222200005,51.268266667],[5.22918285200006,51.2751514330001],[5.23239444400002,51.2820361110001],[5.23565167700002,51.289792683],[5.23891001000004,51.2975491650001],[5.24216944400007,51.3053055560001],[5.23535000000004,51.3079500000001],[5.22363768800005,51.3128511690001],[5.21192287300005,51.3177511690001],[5.20020555600007,51.3226500000001],[5.19653888900007,51.320394444],[5.19078055600005,51.320061111],[5.18117500000005,51.3178888890001],[5.17307500000004,51.3157833330001],[5.16266666700005,51.3103222220001],[5.15322755900007,51.3120424250001],[5.14378774500005,51.3137618700001],[5.13434722200003,51.3154805560001],[5.13368298200004,51.323368756],[5.13301851300002,51.331256952],[5.13235381500004,51.339145145],[5.13168888900003,51.3470333330001],[5.12478888900006,51.3512027780001],[5.11952222200006,51.355602778],[5.11653611100007,51.3611361110001],[5.10747068300003,51.367608067],[5.09840269200004,51.374079323],[5.08933213800003,51.3805498790001],[5.08025901900004,51.387019734],[5.07118333300002,51.3934888890001],[5.07717564800004,51.400670598],[5.08316984500004,51.407852001],[5.08916592500003,51.415033098],[5.09516388900005,51.422213889],[5.09988702700002,51.4267917620001],[5.10461111100005,51.431369444],[5.09953574700006,51.439293772],[5.09445862200005,51.44721788],[5.08937973400003,51.4551417690001],[5.08429908300008,51.463065439],[5.07921666700003,51.4709888890001],[5.07925277800007,51.471416667],[5.07210000000003,51.471116667],[5.05893471900004,51.4711076820001],[5.04576944400003,51.471097222],[5.04601666700006,51.4716666670001],[5.04520000000002,51.473044444],[5.04335000000003,51.474763889],[5.04271944400006,51.4745472220001],[5.04243888900004,51.4748361110001],[5.04325555600008,51.475108333],[5.04315833300006,51.4752750000001],[5.04097777800007,51.476644444],[5.04050000000007,51.477488889],[5.03963055600002,51.4774166670001],[5.03771666700004,51.479330556],[5.03911111100007,51.479805556],[5.03872500000006,51.481802778],[5.04006111100006,51.485005556],[5.04017777800004,51.486488889],[5.03865555600004,51.486530556],[5.03883055600005,51.4870861110001],[5.03544444400006,51.4873805560001],[5.03318055600005,51.4873027780001],[5.03303611100006,51.4864250000001],[5.03226388900003,51.4857777780001],[5.03053055600003,51.4854500000001],[5.02892222200006,51.4843472220001],[5.02765833300003,51.483791667],[5.02617777800003,51.483483333],[5.02596388900002,51.4832416670001],[5.02549166700004,51.4832027780001],[5.02410277800004,51.4825361110001],[5.02357777800006,51.482055556],[5.02238888900007,51.481722222],[5.02142777800003,51.481052778],[5.02090277800005,51.479938889],[5.01998055600006,51.4790444440001],[5.01998611100004,51.478841667],[5.01943333300005,51.478525],[5.01929166700006,51.4781222220001],[5.01884722200003,51.477886111],[5.01893055600004,51.4776444440001],[5.01835000000005,51.476908333],[5.01695833300005,51.4755527780001],[5.01643611100008,51.475505556],[5.01662500000003,51.4752111110001],[5.01082777800002,51.472263889],[5.00815833300004,51.467169444],[5.00727777800006,51.464341667],[5.00781944400006,51.462252778],[5.00879444400005,51.4622277780001],[5.01005277800004,51.459975],[5.01077222200007,51.4592555560001],[5.01040833300004,51.4586416670001],[5.01052500000003,51.457844444],[5.00981111100003,51.4571083330001],[5.01018888900006,51.456586111],[5.01098611100002,51.4560111110001],[5.01094444400007,51.4552055560001],[5.01025555600006,51.453477778],[5.00946944400005,51.4527138890001],[5.00814444400004,51.4524250000001],[5.00781944400006,51.4517138890001],[5.00748055600008,51.4514638890001],[5.00633333300004,51.451558333],[5.00550555600006,51.4509833330001],[5.00506388900004,51.4499388890001],[5.00502500000005,51.4493722220001],[5.00537500000007,51.4489972220001],[5.00479166700006,51.4470055560001],[5.00468333300006,51.4458138890001],[5.00467222200007,51.444536111],[5.00530000000003,51.4444472220001],[5.00380000000007,51.4434833330001],[5.00103611100008,51.442708333],[4.99798888900006,51.4403611110001],[4.98930506900007,51.4358544340001],[4.98062296300003,51.431347116],[4.97194257000007,51.426839156],[4.96326388900007,51.4223305560001],[4.95465947700006,51.4157453890001],[4.94605754500003,51.409159592],[4.93745809000006,51.4025731660001],[4.92886111100006,51.3959861110001],[4.92865555600002,51.3958666670001],[4.92776944400003,51.3997694440001],[4.92443055600006,51.398758333],[4.92455833300005,51.397791667],[4.92522777800002,51.3966750000001],[4.92786666700005,51.3954583330001],[4.92088333300006,51.393666667],[4.91380000000004,51.3950694440001],[4.91541388900004,51.3953527780001],[4.91774444400005,51.396813889],[4.92351111100004,51.3967388890001],[4.92468055600006,51.3969138890001],[4.92431388900008,51.397697222],[4.92332222200002,51.3985166670001],[4.91865000000007,51.3982333330001],[4.91799722200005,51.3978916670001],[4.91805277800006,51.398158333],[4.91790000000003,51.398252778],[4.91605555600006,51.3986694440001],[4.91778055600003,51.40045],[4.91012777800006,51.402222222],[4.91051111100006,51.4029027780001],[4.90851388900006,51.404513889],[4.90975555600005,51.407422222],[4.90649444400003,51.4089777780001],[4.90593333300006,51.4085805560001],[4.90601944400004,51.4091750000001],[4.90560277800006,51.409872222],[4.90529722200006,51.409991667],[4.90499444400007,51.409722222],[4.90370833300005,51.4099694440001],[4.90485277800002,51.411894444],[4.90384166700005,51.4124166670001],[4.90325277800002,51.4116277780001],[4.90269166700006,51.4102611110001],[4.89985277800002,51.4105750000001],[4.90017777800006,51.4109611110001],[4.90042222200003,51.4117305560001],[4.90026944400006,51.412502778],[4.90246666700006,51.412491667],[4.90316388900004,51.4135666670001],[4.90184444400006,51.413919444],[4.90071666700004,51.4133444440001],[4.90121944400005,51.41425],[4.90074166700003,51.4142277780001],[4.89997500000004,51.414669444],[4.89878888900006,51.4141472220001],[4.89910277800004,51.413816667],[4.89745000000005,51.413413889],[4.89848333300006,51.412819444],[4.89847500000008,51.4119388890001],[4.89694722200005,51.411711111],[4.89647222200006,51.4128944440001],[4.89449444400003,51.412941667],[4.89087500000005,51.4151138890001],[4.89037500000006,51.414805556],[4.88941944400005,51.4155305560001],[4.88791388900006,51.4151305560001],[4.88583611100006,51.4153277780001],[4.88605000000007,51.4166555560001],[4.88296666700006,51.4165027780001],[4.88305277800004,51.415308333],[4.88131666700002,51.4155166670001],[4.87981388900005,51.4144527780001],[4.87843611100004,51.4141388890001],[4.87780555600006,51.415375],[4.87551111100004,51.4151666670001],[4.87361666700002,51.4147972220001],[4.87395833300008,51.414013889],[4.87283888900004,51.4138694440001],[4.87289722200006,51.4136638890001],[4.87220555600004,51.4135666670001],[4.87210277800006,51.413797222],[4.87124722200002,51.4137777780001],[4.87053055600006,51.412994444],[4.86805833300002,51.4128250000001],[4.86789722200007,51.4123888890001],[4.86661666700007,51.4116472220001],[4.86629444400006,51.4112277780001],[4.86628333300007,51.4109638890001],[4.86654166700004,51.4107277780001],[4.86786111100002,51.4106583330001],[4.86816666700003,51.4104944440001],[4.86809444400006,51.4102194440001],[4.86839722200006,51.410094444],[4.86816666700003,51.4096916670001],[4.86743611100007,51.409144444],[4.86606388900003,51.410041667],[4.86046388900007,51.4105805560001],[4.85972222200007,51.411194444],[4.85995000000003,51.4130416670001],[4.85971111100002,51.4129583330001],[4.85968333300002,51.4131444440001],[4.85983333300004,51.413352778],[4.85899444400007,51.413152778],[4.85894444400003,51.412916667],[4.85848611100005,51.4130138890001],[4.85829166700006,51.4128388890001],[4.85783611100004,51.4129722220001],[4.85770555600004,51.413216667],[4.85744444400007,51.4130361110001],[4.85756388900006,51.4127861110001],[4.85707500000007,51.412872222],[4.85668611100004,51.412716667],[4.85656111100008,51.4129472220001],[4.85551111100006,51.412844444],[4.85539722200002,51.4129833330001],[4.85559722200003,51.4131583330001],[4.85510555600007,51.413297222],[4.85516944400007,51.413469444],[4.85472777800004,51.413258333],[4.85441388900006,51.4136972220001],[4.85349444400003,51.4134500000001],[4.85255555600003,51.4135055560001],[4.85242500000004,51.4138472220001],[4.85197500000004,51.4141250000001],[4.85075277800007,51.414288889],[4.85027500000007,51.4138694440001],[4.85000000000002,51.414102778],[4.85026666700003,51.4142583330001],[4.84978611100007,51.4143250000001],[4.84858611100003,51.4127722220001],[4.84700555600006,51.413427778],[4.84632777800005,51.4129194440001],[4.83924444400003,51.4146305560001],[4.82999290500004,51.4138878640001],[4.82074166700005,51.4131444440001],[4.80847881800003,51.411846473],[4.79621666700007,51.410547222],[4.79304722200004,51.409502778],[4.79220277800005,51.4105500000001],[4.78935277800002,51.4090194440001],[4.78726666700004,51.4094027780001],[4.78614722200007,51.410625],[4.78485000000006,51.410397222],[4.78469722200003,51.410716667],[4.78266944400002,51.41105],[4.78165277800002,51.4116194440001],[4.78018888900004,51.4121111110001],[4.77768055600006,51.413863889],[4.77529722200006,51.4141527780001],[4.77462500000007,51.4136],[4.77420555600003,51.4137805560001],[4.77336666700006,51.4134527780001],[4.77300833300006,51.4136972220001],[4.77315277800005,51.4141111110001],[4.77256111100007,51.4140972220001],[4.77218611100005,51.414647222],[4.77123333300005,51.4148805560001],[4.77121944400005,51.4150472220001],[4.77206111100003,51.4151444440001],[4.77215555600003,51.4153305560001],[4.77180277800005,51.4156583330001],[4.77171111100006,51.4167555560001],[4.77146666700003,51.416911111],[4.77094722200007,51.416602778],[4.77063055600007,51.4166805560001],[4.77048888900003,51.417277778],[4.76999444400008,51.417436111],[4.76971111100005,51.4179500000001],[4.77032500000007,51.418366667],[4.76973333300003,51.419025],[4.76957500000003,51.418988889],[4.76967500000006,51.4186861110001],[4.76891666700004,51.418630556],[4.76924166700007,51.419186111],[4.76868055600005,51.4195],[4.76855277800007,51.419794444],[4.76874722200006,51.420188889],[4.76908333300003,51.420244444],[4.76893333300006,51.4205527780001],[4.76922222200005,51.4208444440001],[4.76890000000003,51.4214527780001],[4.76945277800007,51.4221555560001],[4.77006111100008,51.422161111],[4.77010277800002,51.422480556],[4.77046388900004,51.422586111],[4.77054444400005,51.4228944440001],[4.77095833300007,51.423191667],[4.77011944400004,51.423180556],[4.77028333300007,51.423719444],[4.76953055600006,51.4236194440001],[4.76999166700006,51.4244305560001],[4.76970833300004,51.424677778],[4.77015555600002,51.4248833330001],[4.76961111100007,51.4251944440001],[4.76971111100005,51.4257111110001],[4.76946388900006,51.4260722220001],[4.76989444400004,51.4262000000001],[4.77012777800007,51.426644444],[4.76941944400005,51.4267944440001],[4.76947777800007,51.427505556],[4.76889444400007,51.4274194440001],[4.76851944400005,51.4276305560001],[4.76892777800003,51.4282277780001],[4.76835277800006,51.428258333],[4.76821111100003,51.428525],[4.76867222200002,51.429119444],[4.76792500000005,51.4295083330001],[4.76746666700006,51.430022222],[4.76685000000003,51.4301305560001],[4.76658055600006,51.4304888890001],[4.76766111100005,51.430827778],[4.76869722200007,51.4303833330001],[4.76894166700004,51.4299638890001],[4.76936388900003,51.4299861110001],[4.77018611100004,51.4301583330001],[4.77020000000005,51.4305583330001],[4.77230555600005,51.4307833330001],[4.77436666700004,51.4315916670001],[4.77712777800002,51.4317194440001],[4.78079444400004,51.432308333],[4.78635555600005,51.4324972220001],[4.78642500000007,51.4320916670001],[4.78773055600004,51.4320500000001],[4.78937222200005,51.4296166670001],[4.79010000000005,51.4297583330001],[4.79071666700003,51.429583333],[4.79090555600004,51.429794444],[4.79152222200003,51.429808333],[4.79136666700003,51.4295250000001],[4.79154722200008,51.4292],[4.79195555600006,51.429305556],[4.79238333300003,51.429161111],[4.79285277800005,51.4288611110001],[4.79275555600003,51.428669444],[4.79289444400007,51.428552778],[4.79357777800004,51.428975],[4.79413888900007,51.4285083330001],[4.79542222200007,51.4288083330001],[4.79568888900008,51.428711111],[4.79555277800006,51.4283750000001],[4.79636666700003,51.4283],[4.79725277800003,51.4290972220001],[4.79781388900005,51.428616667],[4.79828333300003,51.4289444440001],[4.79863333300005,51.428925],[4.79858611100002,51.4285972220001],[4.79872777800006,51.428580556],[4.80031666700006,51.4291027780001],[4.80128333300007,51.4289416670001],[4.80118333300004,51.4286361110001],[4.80149722200002,51.428341667],[4.80190833300003,51.428483333],[4.80424722200007,51.427836111],[4.80493611100007,51.4284500000001],[4.80565833300005,51.4285861110001],[4.80591944400004,51.4283472220001],[4.80669722200003,51.428247222],[4.80605277800004,51.427794444],[4.80659444400004,51.4273666670001],[4.80744444400005,51.4274833330001],[4.80775000000006,51.427108333],[4.80810555600004,51.427005556],[4.80793333300005,51.426686111],[4.80836388900002,51.426419444],[4.80946388900003,51.4263250000001],[4.80961388900005,51.426038889],[4.81052500000004,51.426327778],[4.81162500000005,51.4259638890001],[4.81208333300003,51.4260305560001],[4.81221666700003,51.4263583330001],[4.81296666700007,51.4262861110001],[4.81368333300003,51.4256722220001],[4.81473333300005,51.4257111110001],[4.81446666700003,51.4255388890001],[4.81534166700004,51.4251722220001],[4.81627500000008,51.425655556],[4.81681666700007,51.4250305560001],[4.81960555600006,51.424211111],[4.81979722200003,51.4238500000001],[4.82049444400008,51.423763889],[4.82037222200006,51.4233833330001],[4.82064722200005,51.4229638890001],[4.82158888900005,51.422558333],[4.82201111100005,51.422652778],[4.82180555600007,51.422969444],[4.82235277800004,51.4231222220001],[4.82291944400004,51.422836111],[4.82455555600006,51.423102778],[4.82514444400005,51.4227638890001],[4.82561111100006,51.423141667],[4.82606944400004,51.4231222220001],[4.82578055600004,51.4226055560001],[4.82691944400005,51.4221972220001],[4.82647222200006,51.4211805560001],[4.83003611100003,51.4207888890001],[4.83346666700004,51.4198000000001],[4.83308055600003,51.419144444],[4.83470277800006,51.4184888890001],[4.83531111100007,51.4192472220001],[4.83674444400003,51.4188750000001],[4.83569722200002,51.4175111110001],[4.83645000000007,51.417291667],[4.83767777800006,51.4185694440001],[4.83922500000006,51.4197083330001],[4.83968333300004,51.4197361110001],[4.83935000000002,51.42015],[4.84042777800005,51.4209388890001],[4.84139444400006,51.422466667],[4.84058611100005,51.4225277780001],[4.83961944400005,51.4219000000001],[4.83879166700007,51.4218111110001],[4.83758888900007,51.4208722220001],[4.83653888900005,51.421208333],[4.83617500000003,51.421197222],[4.83588333300003,51.4209277780001],[4.83541388900005,51.4211861110001],[4.83486666700003,51.4209388890001],[4.83446111100005,51.4212027780001],[4.83420277800008,51.421036111],[4.83408611100003,51.420575],[4.83354722200005,51.420586111],[4.83328333300005,51.420363889],[4.83310833300004,51.420452778],[4.83321388900004,51.420747222],[4.83231944400006,51.420719444],[4.83205833300002,51.420930556],[4.83017222200004,51.421263889],[4.83013055600003,51.4216555560001],[4.82963055600004,51.4218805560001],[4.82941666700003,51.4223166670001],[4.82815833300003,51.422188889],[4.82855555600003,51.4238083330001],[4.82673911000006,51.429362514],[4.82492222200005,51.434916667],[4.82498888900005,51.43595],[4.82594444400007,51.436052778],[4.82464462300004,51.4423333410001],[4.82334444400004,51.4486138890001],[4.82584166700002,51.44985],[4.82858055600002,51.450908333],[4.82820000000004,51.451372222],[4.82902222200005,51.4516055560001],[4.82996944400003,51.4524027780001],[4.82988333300005,51.4530222220001],[4.83335277800006,51.456641667],[4.83340000000004,51.4573333330001],[4.83518055600007,51.458811111],[4.83734166700003,51.4564750000001],[4.83780555600003,51.4561194440001],[4.83846944400005,51.4560527780001],[4.83994722200003,51.456269444],[4.84135555600005,51.4567944440001],[4.84266111100004,51.457669444],[4.84394166700002,51.459061111],[4.84400277800006,51.459177778],[4.84116388900003,51.460438889],[4.83817777800004,51.461441667],[4.83606111100005,51.4612472220001],[4.83699444400003,51.467925],[4.83727222200002,51.4688944440001],[4.83785555600002,51.4697055560001],[4.83856666700007,51.471458333],[4.83964444400004,51.472688889],[4.84031666700002,51.47855],[4.84186111100007,51.4807750000001],[4.83970277800006,51.481183333],[4.83761388900007,51.4819416670001],[4.83510555600003,51.482147222],[4.83156388900005,51.481775],[4.82877222200005,51.4817555560001],[4.82483888900003,51.482133333],[4.82088611100005,51.483141667],[4.82094166700006,51.483366667],[4.82047777800005,51.4841305560001],[4.82016944400004,51.4859666670001],[4.81838055600002,51.487705556],[4.81737500000003,51.489133333],[4.81754722200003,51.489333333],[4.81767777800007,51.4905055560001],[4.81818333300004,51.4910972220001],[4.81750555600007,51.493022222],[4.81661111100004,51.494041667],[4.81566666700007,51.494613889],[4.81328888900003,51.495486111],[4.81183888900006,51.4955055560001],[4.81114444400004,51.4956194440001],[4.81110000000007,51.495894444],[4.80965277800004,51.495944444],[4.80811666700004,51.4968944440001],[4.80774166700007,51.4966166670001],[4.80717500000003,51.496636111],[4.80693888900004,51.4969944440001],[4.80664722200004,51.496888889],[4.80653888900002,51.497094444],[4.80554166700006,51.497308333],[4.80556388900004,51.497616667],[4.80459166700007,51.497588889],[4.80378333300007,51.4978444440001],[4.80361666700003,51.497680556],[4.80319166700002,51.4978472220001],[4.80292500000007,51.497480556],[4.80238611100003,51.497533333],[4.80200000000002,51.4976750000001],[4.80208611100005,51.497944444],[4.80177500000002,51.498341667],[4.79795000000007,51.499811111],[4.79646111100004,51.499425],[4.79538888900004,51.499561111],[4.79493333300007,51.4998138890001],[4.79396111100004,51.4997527780001],[4.79344722200005,51.499544444],[4.79332222200003,51.4990527780001],[4.79276388900007,51.4987166670001],[4.79256944400004,51.498366667],[4.79125833300003,51.4984555560001],[4.79082777800005,51.4981361110001],[4.79064722200008,51.498330556],[4.78990000000005,51.498369444],[4.78910555600004,51.4988555560001],[4.78854166700006,51.498780556],[4.78837777800004,51.499041667],[4.78768888900004,51.498988889],[4.78725000000003,51.498727778],[4.78607777800005,51.4988333330001],[4.78561111100004,51.499308333],[4.78522500000003,51.4993000000001],[4.78501944400006,51.4997333330001],[4.78443611100005,51.4994833330001],[4.78348333300005,51.4996444440001],[4.78300555600003,51.4995361110001],[4.78315555600005,51.499902778],[4.78264722200004,51.500233333],[4.78309722200004,51.500527778],[4.78235833300005,51.500580556],[4.78266666700006,51.501052778],[4.78228888900003,51.5012583330001],[4.78248333300007,51.50145],[4.78224166700005,51.501769444],[4.78160833300007,51.5018944440001],[4.78187777800002,51.502494444],[4.78077777800007,51.5025972220001],[4.78091944400006,51.503066667],[4.78146944400004,51.5031388890001],[4.78126388900006,51.503463889],[4.78069722200007,51.503683333],[4.78095555600004,51.5040666670001],[4.77383888900005,51.5051194440001],[4.76686228800003,51.503737707],[4.75988611100007,51.5023555560001],[4.75876388900002,51.500977778],[4.75835833300005,51.500138889],[4.75561666700003,51.5003472220001],[4.75296944400003,51.499558333],[4.75270555600002,51.499786111],[4.74893611100003,51.496686111],[4.74998888900006,51.495472222],[4.74975000000006,51.4943638890001],[4.74797777800006,51.4917194440001],[4.74699166700003,51.4907166670001],[4.74657777800007,51.4894583330001],[4.73802172500007,51.4868072560001],[4.72946666700005,51.4841555560001],[4.72510090500003,51.479095914],[4.72073611100006,51.474036111],[4.72016666700006,51.4736638890001],[4.72060833300003,51.4734388890001],[4.71832777800006,51.4725861110001],[4.71860277800005,51.472238889],[4.71594166700004,51.4711222220001],[4.71694444400003,51.4689194440001],[4.70325000000003,51.466986111],[4.70286111100006,51.466061111],[4.70405277800006,51.4655250000001],[4.70269722200004,51.4646222220001],[4.69933055600006,51.460925],[4.69912777800005,51.4598388890001],[4.69602750200005,51.4557708740001],[4.69292777800007,51.451702778],[4.68661111100005,51.451308333],[4.68243333300006,51.4496055560001],[4.68086111100007,51.449338889],[4.67373294900005,51.4468793830001],[4.66660555600004,51.4444194440001],[4.66805555600007,51.4367916670001],[4.66885286900003,51.431588892],[4.66965000000005,51.4263861110001],[4.66425833300002,51.4261527780001],[4.65950277800005,51.4252750000001],[4.65643611100006,51.4249888890001],[4.65364444400007,51.425852778],[4.65166944400005,51.4269],[4.65124444400004,51.426766667],[4.65103055600002,51.4263583330001],[4.65086111100004,51.4266416670001],[4.65058333300004,51.4265500000001],[4.65058333300004,51.4263250000001],[4.64971388900005,51.4265],[4.64942222200006,51.4263611110001],[4.64999722200002,51.426169444],[4.64956388900004,51.4258972220001],[4.64901666700007,51.4258833330001],[4.64947500000005,51.4254750000001],[4.64941111100006,51.4253305560001],[4.64786666700007,51.424833333],[4.64793055600006,51.4246583330001],[4.64832222200005,51.4247861110001],[4.64855000000006,51.4244555560001],[4.64831388900006,51.424280556],[4.64772222200003,51.424263889],[4.64765833300004,51.424527778],[4.64716944400004,51.424105556],[4.64657222200003,51.424],[4.64688611100007,51.4235166670001],[4.64680000000004,51.423355556],[4.64619166700004,51.423219444],[4.64621111100007,51.423458333],[4.64603333300005,51.4235416670001],[4.64591944400007,51.423125],[4.64419166700003,51.4230694440001],[4.64348888900003,51.422819444],[4.64195555600003,51.422702778],[4.64128333300005,51.4220361110001],[4.63978611100003,51.4222444440001],[4.63747500000005,51.423036111],[4.63394166700004,51.425108333],[4.63008611100003,51.4259500000001],[4.61615846800004,51.4276905390001],[4.60222976400007,51.429429428],[4.58830000000006,51.4311666670001],[4.58829444400004,51.4313333330001],[4.58253888900003,51.431355556],[4.58219166700007,51.431941667],[4.57471111100006,51.432836111],[4.56162127300007,51.4295644200001],[4.54853331000004,51.4262912720001],[4.53544722200007,51.4230166670001],[4.53393078600004,51.4299555650001],[4.53241388900005,51.4368944440001],[4.53115295200007,51.4432194510001],[4.52989166700007,51.449544444],[4.53596734100006,51.4574447590001],[4.54204511800003,51.4653447590001],[4.54812500000003,51.473244444],[4.54463055600007,51.4765472220001],[4.53822222200006,51.482388889],[4.52533713600008,51.4811417010001],[4.51245275500003,51.4798931010001],[4.51123263400007,51.4797747220001]]]},"properties":{"Name":"NIEUW MILLIGEN TMA D","Designator":"EHMCD1B","Type":"TMA_P","LocalType":"TMA","UpperLimit":195,"LowerLimit":65,"UpperLimitUnit":"FL","LowerLimitUnit":"FL","Class":"B","name":"NIEUW MILLIGEN TMA D"}},{"type":"Feature","geometry":{"type":"Polygon","coordinates":[[[5.33333333300004,52.8055555560001],[5.34045917500003,52.7979180730001],[5.34758251500006,52.790280163],[5.35470335300005,52.7826418270001],[5.36182169300002,52.7750030650001],[5.36893753400005,52.767363877],[5.37605087900005,52.7597242640001],[5.38316172900005,52.752084225],[5.39027008500005,52.7444437610001],[5.39737594900004,52.7368028720001],[5.40447932200004,52.729161559],[5.41158020600005,52.7215198210001],[5.41867860100007,52.71387766],[5.42577451000005,52.7062350750001],[5.43286793400006,52.6985920660001],[5.43995887500006,52.6909486340001],[5.44704733300006,52.6833047790001],[5.45413331000003,52.675660502],[5.46121680700003,52.6680158020001],[5.46829782700007,52.66037068],[5.47537637000005,52.6527251360001],[5.48245243700006,52.6450791710001],[5.48952603100003,52.6374327840001],[5.49659715300004,52.6297859760001],[5.50366580300005,52.6221387480001],[5.51073198400007,52.6144910990001],[5.51779569700005,52.6068430290001],[5.52485694300003,52.59919454],[5.53191572400004,52.59154563],[5.53897204000003,52.583896302],[5.54602589400002,52.5762465540001],[5.55307728800005,52.5685963870001],[5.56012622100008,52.5609458010001],[5.56717269600006,52.553294797],[5.57421671400004,52.5456433750001],[5.58125827700007,52.5379915350001],[5.58829738500003,52.5303392770001],[5.59533404100006,52.5226866020001],[5.60236824500004,52.515033509],[5.60940000000005,52.5073800000001],[5.60939927200008,52.498501763],[5.60939854500003,52.489623527],[5.60939781700006,52.4807452900001],[5.60939709000007,52.471867053],[5.60939636400008,52.4629888170001],[5.60939563700003,52.4541105800001],[5.60939491100004,52.445232343],[5.60939418500004,52.4363541060001],[5.60939346000004,52.4274758700001],[5.60939273500003,52.418597633],[5.60939201000002,52.4097193960001],[5.60939128500007,52.40084116],[5.60939056100005,52.3919629230001],[5.60938983700004,52.3830846860001],[5.60938911300002,52.37420645],[5.60938838900006,52.3653282130001],[5.60938766600003,52.3564499760001],[5.60938694300006,52.347571739],[5.60938622100002,52.3386935030001],[5.60938549800005,52.329815266],[5.60938477600007,52.320937029],[5.60938405400003,52.3120587930001],[5.60938333300004,52.303180556],[5.59582264800002,52.3005011560001],[5.58226360500004,52.2978202030001],[5.56870620400002,52.2951376980001],[5.55515044600003,52.2924536410001],[5.54159633000006,52.2897680310001],[5.52804385900004,52.2870808710001],[5.51449303200008,52.28439216],[5.50094384900007,52.2817018970001],[5.48739631300003,52.279010085],[5.47385042200006,52.276316722],[5.46030617800005,52.2736218100001],[5.44676358200007,52.270925348],[5.43322263300007,52.268227337],[5.41968333300002,52.265527778],[5.40601804200003,52.262801386],[5.39235443200005,52.2600734170001],[5.37869250300002,52.257343871],[5.36503225600006,52.2546127480001],[5.35137369200004,52.2518800490001],[5.33771681100006,52.2491457740001],[5.32406161300003,52.246409924],[5.31040810000007,52.2436724980001],[5.29675627200004,52.2409334970001],[5.28310613000002,52.2381929220001],[5.26945767400002,52.235450772],[5.25581090400004,52.2327070490001],[5.24216582200006,52.2299617530001],[5.22852242800008,52.227214883],[5.21488072200003,52.2244664400001],[5.20124070600002,52.2217164250001],[5.18760237900005,52.218964838],[5.17396574200006,52.2162116790001],[5.16033079700003,52.213456949],[5.14669754300007,52.2107006470001],[5.13306598000003,52.207942775],[5.11943611100003,52.205183333],[5.10790859800005,52.2028475170001],[5.09638229700005,52.2005105790001],[5.08485720900006,52.198172517],[5.07333333300005,52.1958333330001],[5.06699957100005,52.18790525],[5.06066806700005,52.1799768290001],[5.05433882000005,52.172048069],[5.04801182900007,52.1641189700001],[5.04168709200007,52.156189532],[5.03536460900006,52.1482597570001],[5.02904437600006,52.1403296440001],[5.02272639500006,52.132399193],[5.01641066200006,52.124468404],[5.01009717600004,52.1165372780001],[5.00378593700003,52.1086058160001],[4.99747694300004,52.100674016],[4.99117019200003,52.0927418800001],[4.98486568400006,52.0848094070001],[4.97856341600004,52.0768765980001],[4.97226338800004,52.0689434540001],[4.96596559800003,52.0610099730001],[4.95967004500005,52.0530761570001],[4.95337672700003,52.0451420050001],[4.94708564400003,52.037207519],[4.94079679300006,52.0292726980001],[4.93451017400002,52.021337541],[4.92822578500005,52.0134020510001],[4.92194362500004,52.0054662260001],[4.91566369200007,51.9975300670001],[4.90938598600007,51.9895935750001],[4.90311050400004,51.981656748],[4.89683724600008,51.973719589],[4.89056621000003,51.9657820960001],[4.88429739500003,51.9578442700001],[4.87803079900004,51.9499061110001],[4.87176642200006,51.9419676200001],[4.86550426100007,51.9340287970001],[4.85924431600006,51.926089641],[4.85298658500005,51.918150154],[4.84673106800005,51.910210335],[4.84047776100005,51.902270184],[4.83422666500007,51.8943297020001],[4.82797777800005,51.886388889],[4.81363536400005,51.887923556],[4.79929197000007,51.889456479],[4.78494759900002,51.890987658],[4.77060225100007,51.892517094],[4.75625592700004,51.8940447850001],[4.74190862800003,51.8955707320001],[4.72756035500004,51.8970949340001],[4.71321110900004,51.8986173910001],[4.69886089100004,51.9001381030001],[4.68450970200007,51.9016570700001],[4.67015754400006,51.903174291],[4.65580441600002,51.904689766],[4.64145032000005,51.906203496],[4.62709525700006,51.907715479],[4.61273922800007,51.909225716],[4.59838223400004,51.9107342070001],[4.58402427700003,51.9122409500001],[4.56966535600003,51.9137459470001],[4.55530547300003,51.915249196],[4.54094462900002,51.916750698],[4.52658282600004,51.9182504520001],[4.51222006300003,51.9197484590001],[4.49785634200003,51.921244717],[4.48349166400004,51.9227392270001],[4.46912603100003,51.9242319890001],[4.45475944200007,51.925723002],[4.44039190000007,51.927212266],[4.42602340400003,51.928699781],[4.41165395600007,51.9301855460001],[4.39728355800003,51.9316695620001],[4.38291221000003,51.9331518290001],[4.36853991200007,51.9346323450001],[4.35416666700007,51.9361111110001],[4.34067860800008,51.939056329],[4.32718877800005,51.9420000050001],[4.31369717800004,51.9449421400001],[4.30020380800005,51.947882732],[4.28670867000005,51.950821782],[4.27321176200007,51.9537592890001],[4.25971308700002,51.956695252],[4.24621264400002,51.9596296720001],[4.23271043400007,51.9625625480001],[4.21920645700004,51.9654938800001],[4.20570071500003,51.968423666],[4.19219320700006,51.971351908],[4.17868393400005,51.9742786040001],[4.16517289600006,51.9772037540001],[4.15166009400002,51.9801273580001],[4.13814552900004,51.983049415],[4.12462920100006,51.9859699260001],[4.11111111100007,51.9888888890001],[4.10756668200003,51.9973511090001],[4.10402091400005,52.005813222],[4.10047380400005,52.0142752290001],[4.09692535200003,52.0227371290001],[4.09337555700006,52.031198922],[4.08982441800003,52.0396606090001],[4.08627193500007,52.048122189],[4.08271810600007,52.056583662],[4.07916293100004,52.065045028],[4.07560640800006,52.073506288],[4.07204853700006,52.08196744],[4.06848931700006,52.0904284850001],[4.06492874700007,52.0988894230001],[4.06136682500005,52.107350253],[4.05780355200005,52.115810976],[4.05423892600004,52.1242715920001],[4.05067294600002,52.1327321000001],[4.04710561200005,52.141192501],[4.04353692200004,52.1496527940001],[4.03996687500006,52.1581129790001],[4.03639547100005,52.1665730560001],[4.03282270900007,52.1750330260001],[4.02924858700004,52.1834928870001],[4.02567310600006,52.1919526410001],[4.02209626300004,52.2004122860001],[4.01851805900003,52.208871823],[4.01493849100007,52.2173312520001],[4.01135756000002,52.225790573],[4.00777526400003,52.234249785],[4.00419160200005,52.242708889],[4.00060657400007,52.251167884],[3.99702017900006,52.2596267710001],[3.99343241500003,52.268085549],[3.98984328200004,52.276544218],[3.98625277800005,52.285002778],[3.99189468000003,52.2931763820001],[3.99753866400005,52.3013497170001],[4.00318473300007,52.309522782],[4.00883288600005,52.317695579],[4.01448312600007,52.325868106],[4.02013545400007,52.334040363],[4.02578987100003,52.3422123510001],[4.03144637800006,52.350384068],[4.03710497800006,52.3585555160001],[4.04276567000005,52.366726693],[4.04842845700006,52.3748975990001],[4.05409333900008,52.3830682350001],[4.05976031900002,52.3912386000001],[4.06542939700006,52.399408694],[4.07110057400007,52.4075785160001],[4.07677385300002,52.415748067],[4.08244923400002,52.423917347],[4.08812671900006,52.4320863550001],[4.09380630900006,52.4402550900001],[4.09948800500007,52.448423554],[4.10517180900007,52.456591745],[4.11085772200005,52.464759664],[4.11654574500005,52.47292731],[4.12223588000006,52.481094683],[4.12792812800006,52.4892617830001],[4.13362249000005,52.49742861],[4.13931896800005,52.5055951630001],[4.14501756400006,52.5137614430001],[4.15071827700007,52.521927448],[4.15642111100004,52.5300931800001],[4.16212606500005,52.5382586380001],[4.16783314200006,52.5464238220001],[4.17354234300007,52.55458873],[4.17925366800006,52.562753365],[4.18496712100006,52.570917724],[4.19068270100007,52.5790818080001],[4.19640041000002,52.5872456170001],[4.20212025000006,52.5954091500001],[4.20784222100002,52.603572408],[4.21356632600003,52.61173539],[4.21929256600004,52.619898096],[4.22502094100003,52.6280605260001],[4.23075145400003,52.6362226800001],[4.23648410500005,52.6443845570001],[4.24221889600005,52.6525461570001],[4.24795582900003,52.66070748],[4.25369490400004,52.668868526],[4.25943612300006,52.6770292950001],[4.26517948800006,52.6851897860001],[4.27092500000003,52.6933500000001],[4.28542427800005,52.6949493180001],[4.29992461700004,52.6965468670001],[4.31442601700007,52.6981426470001],[4.32892847700003,52.6997366580001],[4.34343199600005,52.701328899],[4.35793657200003,52.7029193700001],[4.37244220500003,52.7045080710001],[4.38694889300007,52.7060950010001],[4.40145663600003,52.707680162],[4.41596543300005,52.709263551],[4.43047528200003,52.710845169],[4.44498618200004,52.7124250160001],[4.45949813300007,52.714003092],[4.47401113300003,52.7155793960001],[4.48852518100006,52.717153927],[4.50304027700003,52.7187266870001],[4.51755641900007,52.720297675],[4.53207360600004,52.7218668890001],[4.54659183700005,52.7234343310001],[4.56111111100006,52.7250000000001],[4.57565466000005,52.726566275],[4.59019925400003,52.728130772],[4.60474489100005,52.7296934890001],[4.61929157000003,52.7312544260001],[4.63383929000003,52.7328135830001],[4.64838805000005,52.73437096],[4.66293784900006,52.735926557],[4.67748868500007,52.737480373],[4.69204055900002,52.7390324080001],[4.70659346900004,52.7405826630001],[4.72114741300004,52.7421311360001],[4.73570239100007,52.743677828],[4.75025840100005,52.7452227370001],[4.76481544300003,52.746765865],[4.77937351600002,52.7483072110001],[4.79393261800004,52.749846774],[4.80849274800005,52.7513845550001],[4.82305390600004,52.7529205530001],[4.83761608900005,52.7544547680001],[4.85217929800007,52.7559872],[4.86674353200004,52.7575178480001],[4.88130878800007,52.759046712],[4.89587506600003,52.7605737920001],[4.91044236500005,52.7620990880001],[4.92501068400003,52.7636226000001],[4.93958002200003,52.765144327],[4.95415037700008,52.766664269],[4.96872175000004,52.7681824270001],[4.98329413700003,52.769698798],[4.99786754000007,52.7712133850001],[5.01244195500004,52.7727261850001],[5.02701738300004,52.7742372000001],[5.04159382300003,52.775746428],[5.05617127300007,52.77725387],[5.07074973100003,52.778759526],[5.08532919800007,52.780263394],[5.09990967200002,52.781765476],[5.11449115200003,52.7832657700001],[5.12907363700003,52.784764276],[5.14365712500006,52.7862609950001],[5.15824161700004,52.787755926],[5.17282711000007,52.789249069],[5.18741360300004,52.790740423],[5.20200109600006,52.7922299890001],[5.21658958800003,52.793717766],[5.23117907600005,52.7952037530001],[5.24576956200002,52.7966879520001],[5.26036104200006,52.7981703610001],[5.27495351600004,52.7996509800001],[5.28954698400003,52.8011298100001],[5.30414144300005,52.802606849],[5.31873689300005,52.804082098],[5.33333333300004,52.8055555560001]]]},"properties":{"Name":"SCHIPHOL TMA 1","Designator":"EHAM1A","Type":"TMA","LocalType":"TMA","UpperLimit":95,"LowerLimit":1500,"UpperLimitUnit":"FL","LowerLimitUnit":"FT","Class":"A","name":"SCHIPHOL TMA 1"}},{"type":"Feature","geometry":{"type":"Polygon","coordinates":[[[4.87257884200005,53.374767831],[4.88634723200005,53.3778656010001],[4.90034373900005,53.3809878980001],[4.91434229800007,53.384108559],[4.92834290800005,53.387227581],[4.94234557000004,53.390344966],[4.95635028300006,53.393460712],[4.97035704500007,53.3965748190001],[4.98436585700006,53.3996872870001],[4.99837671800003,53.4027981150001],[5.01238962700006,53.405907303],[5.02640458400003,53.4090148510001],[5.04042158900006,53.4121207570001],[5.05444064000005,53.4152250220001],[5.06846173800005,53.418327645],[5.08248488100003,53.4214286260001],[5.09651006900003,53.424527965],[5.11053730200007,53.42762566],[5.12456657800004,53.430721711],[5.13859789900005,53.433816119],[5.15263126200006,53.4369088820001],[5.16666666700007,53.4400000000001],[5.18093285600003,53.442165839],[5.19520049800008,53.444329978],[5.20946959400004,53.4464924170001],[5.22374014200005,53.448653156],[5.23801214100007,53.450812194],[5.25228559100003,53.4529695320001],[5.26656049000007,53.4551251680001],[5.28083683800003,53.457279102],[5.29511463400007,53.459431335],[5.30939387700005,53.4615818660001],[5.32367456600002,53.463730694],[5.33795670000006,53.4658778190001],[5.35224027900006,53.468023241],[5.36652530100002,53.47016696],[5.38081176500003,53.472308975],[5.39509967100003,53.474449287],[5.40938901800007,53.476587894],[5.42367980500006,53.4787247960001],[5.43797203000003,53.4808599930001],[5.45226569400006,53.4829934860001],[5.46656079500002,53.4851252720001],[5.48085733200003,53.4872553530001],[5.49515530500003,53.4893837280001],[5.50945471200004,53.4915103970001],[5.52375555200007,53.4936353580001],[5.53805782600006,53.4957586130001],[5.55236153100003,53.4978801600001],[5.56666666700005,53.5000000000001],[5.58096962800005,53.502618989],[5.59527435600006,53.505236272],[5.60958084900005,53.5078518460001],[5.62388910800007,53.510465712],[5.63819913200007,53.5130778700001],[5.65251091900006,53.5156883180001],[5.66682446900006,53.518297058],[5.68113978100007,53.5209040870001],[5.69545685500003,53.5235094070001],[5.70977569000007,53.5261130170001],[5.72409628400004,53.5287149150001],[5.73841863700005,53.5313151030001],[5.75274274900005,53.5339135780001],[5.76706861800005,53.536510342],[5.78139624400006,53.539105394],[5.79572562600003,53.541698733],[5.81005676300003,53.54429036],[5.82438965500006,53.5468802720001],[5.83872430000002,53.5494684710001],[5.85306069800004,53.5520549560001],[5.86739884800005,53.5546397270001],[5.88173875000007,53.5572227820001],[5.89608040200005,53.559804123],[5.91042380400006,53.5623837470001],[5.92476895500005,53.564961656],[5.93911585300003,53.567537848],[5.95346450000005,53.570112324],[5.96781489300002,53.5726850830001],[5.98216703100007,53.5752561240001],[5.99652091500008,53.5778254470001],[6.01087654300005,53.580393052],[6.02523391400007,53.582958939],[6.03959302800007,53.585523107],[6.05395388400007,53.5880855550001],[6.06831648100007,53.5906462840001],[6.08268081800003,53.5932052920001],[6.09704689500006,53.59576258],[6.11141471000008,53.598318148],[6.12578426300007,53.600871994],[6.14015555300006,53.6034241190001],[6.15452858000003,53.6059745220001],[6.16890334200002,53.6085232020001],[6.18327983900002,53.6110701600001],[6.19765806900006,53.6136153950001],[6.21203803200007,53.6161589070001],[6.22641972800005,53.618700694],[6.24080315500004,53.6212407580001],[6.25518831300008,53.6237790980001],[6.26957520100007,53.6263157120001],[6.28396381800007,53.6288506010001],[6.29835416300006,53.6313837650001],[6.31274623500002,53.6339152030001],[6.32714003400002,53.636444914],[6.34153555900002,53.6389728990001],[6.35593280900002,53.6414991570001],[6.37033178200005,53.6440236870001],[6.38473248000003,53.64654649],[6.39913489900005,53.6490675640001],[6.41353904100004,53.65158691],[6.42794490300003,53.6541045270001],[6.44235248600006,53.6566204150001],[6.45676178700006,53.6591345730001],[6.47117280800006,53.6616470020001],[6.48558554500005,53.6641577],[6.50000000000006,53.6666666670001],[6.50763684900005,53.6590904510001],[6.51527095200004,53.6515137490001],[6.52290231300003,53.6439365620001],[6.53053093200003,53.6363588900001],[6.53815681000003,53.628780733],[6.54577995000005,53.621202092],[6.55340035300003,53.613622966],[6.56101802000006,53.606043356],[6.56863295400007,53.598463263],[6.57624515500004,53.590882687],[6.58385462500007,53.5833016280001],[6.59146136600003,53.575720086],[6.59906538000007,53.5681380620001],[6.60666666700007,53.5605555560001],[6.61603891200002,53.555160926],[6.62540876700007,53.549765564],[6.63477623300003,53.54436947],[6.64414131100006,53.5389726440001],[6.65350400100004,53.533575086],[6.66286430400004,53.5281767970001],[6.67222222200007,53.522777778],[6.68380053200002,53.519678721],[6.69537714800003,53.5165785460001],[6.70695206900007,53.513477252],[6.71852529700004,53.510374841],[6.73009682900005,53.507271313],[6.74166666700006,53.504166667],[6.73212328600005,53.497465246],[6.72258292200007,53.4907630650001],[6.71304557200006,53.4840601240001],[6.70351123600005,53.477356424],[6.69397991300002,53.470651966],[6.68445160000005,53.46394675],[6.67492629700007,53.457240776],[6.66540400300005,53.450534045],[6.65588471500007,53.4438265570001],[6.64636843300002,53.4371183120001],[6.63685515500003,53.4304093120001],[6.62734488000007,53.423699555],[6.61783760600002,53.416989044],[6.60833333300008,53.4102777780001],[6.59636322100005,53.4049013690001],[6.58439613400003,53.399523764],[6.57243207100004,53.394144962],[6.56047103300006,53.3887649650001],[6.54851301800005,53.383383773],[6.53655802500003,53.3780013860001],[6.52460605400006,53.3726178050001],[6.51265710500007,53.3672330310001],[6.50071117600004,53.3618470640001],[6.48876826700007,53.3564599050001],[6.47682837700006,53.351071554],[6.46489150600007,53.3456820110001],[6.45295765300006,53.3402912780001],[6.44102681600003,53.3348993540001],[6.42909899600005,53.329506241],[6.41717419200006,53.324111939],[6.40525240300008,53.318716448],[6.39333362800005,53.313319769],[6.38141786700004,53.307921902],[6.36950511800006,53.3025228490001],[6.35759538200006,53.297122609],[6.34568865800003,53.291721183],[6.33378494400006,53.286318571],[6.32188424100002,53.280914775],[6.30998654700005,53.2755097940001],[6.29809186200004,53.2701036300001],[6.28620018500004,53.264696282],[6.27431151600007,53.259287751],[6.26242585300002,53.253878039],[6.25054319600002,53.2484671440001],[6.23866354500007,53.243055069],[6.22678689800006,53.237641812],[6.21491325500006,53.232227376],[6.20304261500007,53.22681176],[6.19117497800005,53.2213949650001],[6.17931034300005,53.215976992],[6.16744870800005,53.21055784],[6.15559007500002,53.2051375120001],[6.14373444100005,53.1997160060001],[6.13188180600002,53.1942933240001],[6.12003216900007,53.188869466],[6.10818553000007,53.183444432],[6.09634188800004,53.178018224],[6.08450124300003,53.172590842],[6.07266359200003,53.1671622860001],[6.06082893700005,53.1617325560001],[6.04899727600002,53.1563016540001],[6.03716860800006,53.1508695800001],[6.02534293300005,53.1454363340001],[6.01352025000006,53.1400019170001],[6.00170055800004,53.13456633],[5.98988385700005,53.1291295720001],[5.97807014600005,53.1236916450001],[5.96625942400004,53.118252549],[5.95445169000004,53.1128122850001],[5.94264694400005,53.107370852],[5.93084518600006,53.101928253],[5.91904641400004,53.0964844860001],[5.90725062700005,53.091039553],[5.89545782500005,53.085593454],[5.88366800800003,53.0801461900001],[5.87188117400007,53.074697761],[5.86009732300005,53.0692481680001],[5.84831645500003,53.0637974110001],[5.83653856700005,53.0583454910001],[5.82476366100002,53.052892408],[5.81299173400004,53.047438163],[5.80122278700003,53.041982756],[5.78945681800008,53.036526189],[5.77769382700006,53.03106846],[5.76593381400005,53.0256095720001],[5.75417677700005,53.020149524],[5.74242271500003,53.014688317],[5.73067162900003,53.0092259520001],[5.71892351700006,53.0037624280001],[5.70717837800004,52.998297748],[5.69543621300005,52.9928319100001],[5.68369701900002,52.987364916],[5.67196079700005,52.981896766],[5.66022754600004,52.9764274610001],[5.64849726500006,52.9709570000001],[5.63676995300006,52.9654853860001],[5.62504561000003,52.9600126180001],[5.61332423500005,52.954538696],[5.60160582700007,52.949063622],[5.58989038500005,52.9435873960001],[5.57817790900003,52.938110017],[5.56646839900003,52.932631488],[5.55476185200007,52.9271518080001],[5.54305826900003,52.9216709780001],[5.53135764900003,52.9161889980001],[5.51965999100003,52.910705869],[5.50796529500008,52.905221592],[5.49627355900003,52.8997361660001],[5.48458478300006,52.894249593],[5.47289896700005,52.8887618730001],[5.46121610900002,52.8832730060001],[5.44953620900003,52.877782994],[5.43785926600003,52.872291836],[5.42618527900004,52.8667995330001],[5.41451424900004,52.8613060850001],[5.40284617300006,52.8558114940001],[5.39118105100005,52.8503157590001],[5.37951888300006,52.844818881],[5.36785966800005,52.839320861],[5.35620340500003,52.8338216990001],[5.34455009300007,52.828321396],[5.33289973100005,52.822819952],[5.32125232000004,52.817317368],[5.30960785800005,52.811813644],[5.29796634400003,52.8063087800001],[5.28632777800004,52.800802778],[5.27179890900004,52.799330103],[5.25727102500002,52.797855654],[5.24274412600005,52.796379431],[5.22821821400004,52.794901435],[5.21369328900005,52.793421665],[5.19916935400005,52.791940121],[5.18464640800005,52.7904568050001],[5.17012445300003,52.788971716],[5.15560349000003,52.7874848540001],[5.14108352000005,52.7859962200001],[5.12656454400008,52.7845058130001],[5.11204656300004,52.783013635],[5.09752957900002,52.781519685],[5.08301359100005,52.7800239630001],[5.06849860200003,52.77852647],[5.05398461300007,52.7770272060001],[5.03947162300005,52.7755261710001],[5.02495963600006,52.7740233660001],[5.01044865000006,52.77251879],[4.99593866900005,52.7710124430001],[4.98142969200006,52.769504327],[4.96692172100006,52.767994441],[4.95241475600005,52.766482786],[4.93790880000006,52.7649693610001],[4.92340385200004,52.7634541670001],[4.90889991400007,52.761937204],[4.89439698700005,52.760418472],[4.87989507200007,52.7588979720001],[4.86539417100005,52.757375704],[4.85089428300006,52.755851668],[4.83639541000002,52.7543258630001],[4.82189755400003,52.7527982920001],[4.80740071500003,52.7512689530001],[4.79290489500005,52.7497378470001],[4.77841009400004,52.748204973],[4.76391631300004,52.746670334],[4.74942355300004,52.745133927],[4.73493181700007,52.7435957550001],[4.72044110300004,52.7420558170001],[4.70595141500007,52.740514112],[4.69146275200006,52.738970642],[4.67697511500006,52.737425407],[4.66248850700003,52.735878407],[4.64800292700005,52.734329642],[4.63351837700003,52.7327791120001],[4.61903485800002,52.731226817],[4.60455237100007,52.729672759],[4.59007091700005,52.728116936],[4.57559049600007,52.7265593500001],[4.56111111100006,52.7250000000001],[4.54941722600006,52.7289970840001],[4.53772119800004,52.732993019],[4.52602302500003,52.736987802],[4.51432270900006,52.740981434],[4.50262024800003,52.7449739150001],[4.49091564300005,52.748965244],[4.47920889400007,52.75295542],[4.46750000000003,52.7569444440001],[4.45576175200006,52.7617871640001],[4.44402089400006,52.7666287260001],[4.43227742500005,52.771469128],[4.42053134500003,52.77630837],[4.40878265200007,52.781146452],[4.39703134800004,52.7859833740001],[4.38527743100002,52.7908191340001],[4.37352090100006,52.7956537330001],[4.36176175700007,52.8004871700001],[4.35000000000002,52.8053194440001],[4.35000000000002,53.083333333],[4.36379057300007,53.0849624750001],[4.37758219000006,53.086590023],[4.39137485000003,53.0882159760001],[4.40516855100003,53.0898403350001],[4.41896329300005,53.0914630990001],[4.43275907500004,53.093084269],[4.44655589600006,53.094703843],[4.46035375500003,53.0963218210001],[4.47415265200004,53.0979382040001],[4.48795258500007,53.099552992],[4.50175355300007,53.101166183],[4.51555555600004,53.1027777780001],[4.52776414200002,53.106781009],[4.53997500000003,53.1107829900001],[4.55218813000005,53.114783722],[4.56440353400006,53.1187832040001],[4.57662121000004,53.1227814360001],[4.58884115900003,53.126778416],[4.60106338100007,53.1307741460001],[4.61328787600007,53.1347686230001],[4.62551464300003,53.138761849],[4.63774368400004,53.142753822],[4.64997499800006,53.1467445420001],[4.66220858400004,53.1507340090001],[4.67444444400007,53.154722222],[4.66664384900002,53.1607787980001],[4.65884105200007,53.1668348630001],[4.65103605300004,53.1728904190001],[4.64322885100006,53.178945465],[4.63541944400004,53.1850000000001],[4.63494652600002,53.1854158130001],[4.63442259600004,53.186338248],[4.63390863900003,53.1872621740001],[4.63340220200007,53.1881875920001],[4.63290329700004,53.189114481],[4.63241193500005,53.190042819],[4.63192812800003,53.1909725830001],[4.63145188900006,53.191903751],[4.63098322700006,53.1928363010001],[4.63052215500005,53.1937702110001],[4.63006868300005,53.194705458],[4.62962282200004,53.1956420220001],[4.62918458200005,53.1965798780001],[4.62875397500005,53.1975190050001],[4.62833101000007,53.1984593810001],[4.62791569700005,53.199400982],[4.62750804600006,53.2003437880001],[4.62710806800004,53.201287775],[4.62671577100002,53.20223292],[4.62633116400002,53.2031792020001],[4.62595425800004,53.2041265980001],[4.62558506000005,53.205075085],[4.62522358100006,53.2060246410001],[4.62486982700005,53.206975243],[4.62452380800005,53.2079268680001],[4.62418553200007,53.2088794950001],[4.62385500700003,53.2098331],[4.62353224100002,53.2107876600001],[4.62321724200007,53.211743153],[4.62291001600005,53.2126995560001],[4.62261057200004,53.213656847],[4.62231891600004,53.2146150020001],[4.62203505600007,53.2155739990001],[4.62175899700003,53.216533815],[4.62149074800004,53.2174944270001],[4.62123031300007,53.2184558120001],[4.62097770000003,53.2194179480001],[4.62073291400003,53.220380811],[4.62049596200006,53.2213443790001],[4.62026684700004,53.2223086290001],[4.62004557800003,53.2232735370001],[4.61983215700008,53.2242390810001],[4.61962659100004,53.2252052380001],[4.61942888500005,53.2261719850001],[4.61923904300005,53.227139299],[4.61905706900006,53.2281071570001],[4.61888296900003,53.229075535],[4.61871674500003,53.2300444110001],[4.61855840300007,53.231013762],[4.61840794500006,53.2319835650001],[4.61826537600007,53.2329537960001],[4.61813069900006,53.233924433],[4.61800391600002,53.234895452],[4.61788503200006,53.2358668310001],[4.61777404900005,53.2368385450001],[4.61767096900007,53.237810573],[4.61757579500005,53.238782891],[4.61748852900007,53.239755476],[4.61740917400004,53.2407283040001],[4.61733773000003,53.2417013530001],[4.61727420100004,53.2426745990001],[4.61721858700002,53.2436480200001],[4.61717089000007,53.244621592],[4.61713111000006,53.2455952920001],[4.61709925000002,53.246569096],[4.61707530900003,53.247542982],[4.61705928800006,53.2485169270001],[4.61705118700007,53.2494909070001],[4.61705109300004,53.2500000000001],[4.63092291300006,53.250005636],[4.64479582900003,53.2500096620001],[4.65866874700004,53.2500120780001],[4.67254166700008,53.2500128830001],[4.68641458600007,53.2500120780001],[4.70028750400007,53.2500096620001],[4.71416042000004,53.250005636],[4.72803333300004,53.2500000000001],[4.72803540800004,53.2502066220001],[4.72803969200004,53.2510020770001],[4.72805363700007,53.251797497],[4.72807550700003,53.2525928530001],[4.72810529900005,53.2533881160001],[4.72814301400007,53.2541832580001],[4.72818865000005,53.2549782500001],[4.72824220500007,53.255773065],[4.72830367700004,53.2565676740001],[4.72837306400004,53.2573620490001],[4.72845036400003,53.2581561600001],[4.72853557400003,53.2589499810001],[4.72862869100004,53.259743481],[4.72872971100003,53.2605366340001],[4.72883863100003,53.2613294110001],[4.72895544700003,53.2621217830001],[4.72908015500008,53.2629137230001],[4.72921275100003,53.2637052010001],[4.72935322900003,53.26449619],[4.72950158500004,53.2652866620001],[4.72965781300007,53.266076588],[4.72982190700003,53.2668659400001],[4.72999386300006,53.267654689],[4.73017367400007,53.2684428090001],[4.73036133200003,53.26923027],[4.73055683300004,53.270017044],[4.73076016800007,53.270803104],[4.73097133100003,53.271588421],[4.73119031300007,53.2723729670001],[4.73141710700003,53.273156714],[4.73165170600004,53.273939635],[4.73189410000003,53.274721701],[4.73214428100005,53.275502884],[4.73240224000006,53.2762831570001],[4.73266796800004,53.277062492],[4.73294145500006,53.27784086],[4.73322269100004,53.2786182340001],[4.73351166700007,53.2793945870001],[4.73380837300004,53.2801698900001],[4.73411279600003,53.2809441160001],[4.73442492800007,53.2817172370001],[4.73474475600005,53.2824892260001],[4.73507226900006,53.283260054],[4.73540745600008,53.2840296960001],[4.73575030400002,53.284798122],[4.73610080200007,53.2855653060001],[4.73645893600008,53.2863312200001],[4.73682469400006,53.287095837],[4.73719806300005,53.2878591300001],[4.73757903000006,53.2886210710001],[4.73796758000003,53.2893816330001],[4.73836370100003,53.2901407900001],[4.73876737700004,53.2908985130001],[4.73917859600004,53.291654775],[4.73959734100004,53.292409551],[4.74002359800005,53.293162813],[4.74045735100003,53.2939145330001],[4.74089858600007,53.294664686],[4.74134728600006,53.295413244],[4.74180343600005,53.2961601810001],[4.74226701900005,53.2969054690001],[4.74273801800007,53.2976490830001],[4.74321641700004,53.2983909960001],[4.74370219900004,53.2991311810001],[4.74419534600003,53.2998696120001],[4.74469584100007,53.3006062630001],[4.74520366600007,53.3013411060001],[4.74571880200006,53.3020741170001],[4.74624123200005,53.302805269],[4.74677093700006,53.303534535],[4.74730789700004,53.3042618900001],[4.74785209400005,53.3049873080001],[4.74840350800002,53.305710762],[4.74896212000004,53.3064322280001],[4.74952790900005,53.3071516780001],[4.75010085600007,53.3078690890001],[4.75068094000005,53.3085844330001],[4.75126813900005,53.309297685],[4.75186243400003,53.3100088210001],[4.75246380300007,53.310717814],[4.75307222500004,53.3114246390001],[4.75368767700007,53.3121292710001],[4.75431013800005,53.312831686],[4.75493958600003,53.3135318560001],[4.75557599800004,53.3142297590001],[4.75621935100003,53.314925368],[4.75686962300006,53.31561866],[4.75752679000004,53.316309608],[4.75819082800007,53.31699819],[4.75886171500002,53.3176843790001],[4.75953942600006,53.3183681520001],[4.76022393700003,53.3190494840001],[4.76091522400003,53.31972835],[4.76161326100004,53.320404727],[4.76231802400002,53.3210785910001],[4.76302948800003,53.321749917],[4.76374762700004,53.322418681],[4.76447241500006,53.3230848590001],[4.76520382800004,53.323748429],[4.76594183800006,53.3244093650001],[4.76668642000004,53.325067645],[4.76743754600005,53.3257232440001],[4.76819519000003,53.32637614],[4.76895932600007,53.3270263100001],[4.76972992400005,53.3276737290001],[4.77050695900004,53.328318375],[4.77129040200003,53.3289602250001],[4.77208022600007,53.3295992560001],[4.77287640200007,53.330235445],[4.77367890100004,53.3308687690001],[4.77448769600005,53.331499206],[4.77530275700002,53.332126734],[4.77612405500003,53.3327513290001],[4.77695156100003,53.33337297],[4.77778524500008,53.333991634],[4.77862507700007,53.334607299],[4.77947102800005,53.3352199440001],[4.78032306800003,53.3358295470001],[4.78118116500002,53.3364360850001],[4.78204529000004,53.3370395360001],[4.78291541100003,53.337639881],[4.78379149700004,53.3382370960001],[4.78467351700004,53.338831161],[4.78556144000004,53.3394220550001],[4.78645523400007,53.340009756],[4.78735486700003,53.340594244],[4.78826030600004,53.3411754970001],[4.78917152000002,53.341753495],[4.79008847600005,53.342328217],[4.79101114200006,53.3428996420001],[4.79193948300002,53.343467751],[4.79287346800004,53.3440325230001],[4.79381306300007,53.3445939380001],[4.79475823400003,53.3451519750001],[4.79570894700004,53.345706616],[4.79666516900005,53.346257839],[4.79762686500004,53.346805626],[4.79859400200007,53.3473499560001],[4.79956654400007,53.3478908110001],[4.80054445700006,53.3484281710001],[4.80152770600006,53.3489620170001],[4.80251625500006,53.349492329],[4.80351007100006,53.35001909],[4.80450911600008,53.3505422790001],[4.80551335600006,53.351061879],[4.80652275400007,53.3515778710001],[4.80753727400003,53.352090236],[4.80855688100007,53.3525989560001],[4.80958153800003,53.3531040140001],[4.81061120800007,53.35360539],[4.81164585500005,53.354103067],[4.81268544100004,53.3545970270001],[4.81372993000002,53.3550872530001],[4.81477928400005,53.3555737280001],[4.81583346600007,53.356056433],[4.81689243700004,53.356535351],[4.81795616100004,53.3570104660001],[4.81902460000003,53.35748176],[4.82009771400004,53.3579492170001],[4.82117546600006,53.3584128200001],[4.82225781800003,53.358872553],[4.82334473000003,53.3593283980001],[4.82443616500007,53.35978034],[4.82553208200005,53.360228362],[4.82663244300005,53.36067245],[4.82773720900002,53.3611125850001],[4.82884633900005,53.3615487540001],[4.82995979500004,53.3619809410001],[4.83107753700006,53.3624091290001],[4.83219952500002,53.362833304],[4.83332571800003,53.3632534500001],[4.83445607700003,53.3636695540001],[4.83559056200005,53.364081598],[4.83672913100003,53.36448957],[4.83787174400004,53.3648934540001],[4.83901836000007,53.3652932370001],[4.84016893900002,53.365688903],[4.84132343800007,53.366080438],[4.84248181800007,53.36646783],[4.84364403700005,53.3668510630001],[4.84481005300006,53.3672301240001],[4.84597982400004,53.367605],[4.84715330900002,53.3679756770001],[4.84833046600005,53.3683421420001],[4.84951125300006,53.368704382],[4.85069562700005,53.3690623840001],[4.85188354700006,53.3694161350001],[4.85307497000002,53.369765622],[4.85426985300006,53.3701108340001],[4.85546815400005,53.3704517570001],[4.85666983000004,53.3707883800001],[4.85787483900003,53.371120691],[4.85908313600004,53.371448677],[4.86029468000004,53.371772327],[4.86150942600005,53.3720916290001],[4.86272733100003,53.372406573],[4.86394835200002,53.3727171460001],[4.86517244600003,53.3730233380001],[4.86639956800008,53.373325138],[4.86762967500005,53.373622535],[4.86886272200007,53.373915518],[4.87009866700004,53.3742040770001],[4.87133746400002,53.3744882020001],[4.87235277800005,53.3747416670001],[4.87257884200005,53.374767831]]]},"properties":{"Name":"NIEUW MILLIGEN TMA A","Designator":"EHMCAE","Type":"TMA","LocalType":"TMA","UpperLimit":65,"LowerLimit":1500,"UpperLimitUnit":"FL","LowerLimitUnit":"FT","Class":"E","name":"NIEUW MILLIGEN TMA A"}},{"type":"Feature","geometry":{"type":"Polygon","coordinates":[[[4.87257884200005,53.374767831],[4.88634723200005,53.3778656010001],[4.90034373900005,53.3809878980001],[4.91434229800007,53.384108559],[4.92834290800005,53.387227581],[4.94234557000004,53.390344966],[4.95635028300006,53.393460712],[4.97035704500007,53.3965748190001],[4.98436585700006,53.3996872870001],[4.99837671800003,53.4027981150001],[5.01238962700006,53.405907303],[5.02640458400003,53.4090148510001],[5.04042158900006,53.4121207570001],[5.05444064000005,53.4152250220001],[5.06846173800005,53.418327645],[5.08248488100003,53.4214286260001],[5.09651006900003,53.424527965],[5.11053730200007,53.42762566],[5.12456657800004,53.430721711],[5.13859789900005,53.433816119],[5.15263126200006,53.4369088820001],[5.16666666700007,53.4400000000001],[5.18093285600003,53.442165839],[5.19520049800008,53.444329978],[5.20946959400004,53.4464924170001],[5.22374014200005,53.448653156],[5.23801214100007,53.450812194],[5.25228559100003,53.4529695320001],[5.26656049000007,53.4551251680001],[5.28083683800003,53.457279102],[5.29511463400007,53.459431335],[5.30939387700005,53.4615818660001],[5.32367456600002,53.463730694],[5.33795670000006,53.4658778190001],[5.35224027900006,53.468023241],[5.36652530100002,53.47016696],[5.38081176500003,53.472308975],[5.39509967100003,53.474449287],[5.40938901800007,53.476587894],[5.42367980500006,53.4787247960001],[5.43797203000003,53.4808599930001],[5.45226569400006,53.4829934860001],[5.46656079500002,53.4851252720001],[5.48085733200003,53.4872553530001],[5.49515530500003,53.4893837280001],[5.50945471200004,53.4915103970001],[5.52375555200007,53.4936353580001],[5.53805782600006,53.4957586130001],[5.55236153100003,53.4978801600001],[5.56666666700005,53.5000000000001],[5.58096962800005,53.502618989],[5.59527435600006,53.505236272],[5.60958084900005,53.5078518460001],[5.62388910800007,53.510465712],[5.63819913200007,53.5130778700001],[5.65251091900006,53.5156883180001],[5.66682446900006,53.518297058],[5.68113978100007,53.5209040870001],[5.69545685500003,53.5235094070001],[5.70977569000007,53.5261130170001],[5.72409628400004,53.5287149150001],[5.73841863700005,53.5313151030001],[5.75274274900005,53.5339135780001],[5.76706861800005,53.536510342],[5.78139624400006,53.539105394],[5.79572562600003,53.541698733],[5.81005676300003,53.54429036],[5.82438965500006,53.5468802720001],[5.83872430000002,53.5494684710001],[5.85306069800004,53.5520549560001],[5.86739884800005,53.5546397270001],[5.88173875000007,53.5572227820001],[5.89608040200005,53.559804123],[5.91042380400006,53.5623837470001],[5.92476895500005,53.564961656],[5.93911585300003,53.567537848],[5.95346450000005,53.570112324],[5.96781489300002,53.5726850830001],[5.98216703100007,53.5752561240001],[5.99652091500008,53.5778254470001],[6.01087654300005,53.580393052],[6.02523391400007,53.582958939],[6.03959302800007,53.585523107],[6.05395388400007,53.5880855550001],[6.06831648100007,53.5906462840001],[6.08268081800003,53.5932052920001],[6.09704689500006,53.59576258],[6.11141471000008,53.598318148],[6.12578426300007,53.600871994],[6.14015555300006,53.6034241190001],[6.15452858000003,53.6059745220001],[6.16890334200002,53.6085232020001],[6.18327983900002,53.6110701600001],[6.19765806900006,53.6136153950001],[6.21203803200007,53.6161589070001],[6.22641972800005,53.618700694],[6.24080315500004,53.6212407580001],[6.25518831300008,53.6237790980001],[6.26957520100007,53.6263157120001],[6.28396381800007,53.6288506010001],[6.29835416300006,53.6313837650001],[6.31274623500002,53.6339152030001],[6.32714003400002,53.636444914],[6.34153555900002,53.6389728990001],[6.35593280900002,53.6414991570001],[6.37033178200005,53.6440236870001],[6.38473248000003,53.64654649],[6.39913489900005,53.6490675640001],[6.41353904100004,53.65158691],[6.42794490300003,53.6541045270001],[6.44235248600006,53.6566204150001],[6.45676178700006,53.6591345730001],[6.47117280800006,53.6616470020001],[6.48558554500005,53.6641577],[6.50000000000006,53.6666666670001],[6.50763684900005,53.6590904510001],[6.51527095200004,53.6515137490001],[6.52290231300003,53.6439365620001],[6.53053093200003,53.6363588900001],[6.53815681000003,53.628780733],[6.54577995000005,53.621202092],[6.55340035300003,53.613622966],[6.56101802000006,53.606043356],[6.56863295400007,53.598463263],[6.57624515500004,53.590882687],[6.58385462500007,53.5833016280001],[6.59146136600003,53.575720086],[6.59906538000007,53.5681380620001],[6.60666666700007,53.5605555560001],[6.61603891200002,53.555160926],[6.62540876700007,53.549765564],[6.63477623300003,53.54436947],[6.64414131100006,53.5389726440001],[6.65350400100004,53.533575086],[6.66286430400004,53.5281767970001],[6.67222222200007,53.522777778],[6.68380053200002,53.519678721],[6.69537714800003,53.5165785460001],[6.70695206900007,53.513477252],[6.71852529700004,53.510374841],[6.73009682900005,53.507271313],[6.74166666700006,53.504166667],[6.73212328600005,53.497465246],[6.72258292200007,53.4907630650001],[6.71304557200006,53.4840601240001],[6.70351123600005,53.477356424],[6.69397991300002,53.470651966],[6.68445160000005,53.46394675],[6.67492629700007,53.457240776],[6.66540400300005,53.450534045],[6.65588471500007,53.4438265570001],[6.64636843300002,53.4371183120001],[6.63685515500003,53.4304093120001],[6.62734488000007,53.423699555],[6.61783760600002,53.416989044],[6.60833333300008,53.4102777780001],[6.59636322100005,53.4049013690001],[6.58439613400003,53.399523764],[6.57243207100004,53.394144962],[6.56047103300006,53.3887649650001],[6.54851301800005,53.383383773],[6.53655802500003,53.3780013860001],[6.52460605400006,53.3726178050001],[6.51265710500007,53.3672330310001],[6.50071117600004,53.3618470640001],[6.48876826700007,53.3564599050001],[6.47682837700006,53.351071554],[6.46489150600007,53.3456820110001],[6.45295765300006,53.3402912780001],[6.44102681600003,53.3348993540001],[6.42909899600005,53.329506241],[6.41717419200006,53.324111939],[6.40525240300008,53.318716448],[6.39333362800005,53.313319769],[6.38141786700004,53.307921902],[6.36950511800006,53.3025228490001],[6.35759538200006,53.297122609],[6.34568865800003,53.291721183],[6.33378494400006,53.286318571],[6.32188424100002,53.280914775],[6.30998654700005,53.2755097940001],[6.29809186200004,53.2701036300001],[6.28620018500004,53.264696282],[6.27431151600007,53.259287751],[6.26242585300002,53.253878039],[6.25054319600002,53.2484671440001],[6.23866354500007,53.243055069],[6.22678689800006,53.237641812],[6.21491325500006,53.232227376],[6.20304261500007,53.22681176],[6.19117497800005,53.2213949650001],[6.17931034300005,53.215976992],[6.16744870800005,53.21055784],[6.15559007500002,53.2051375120001],[6.14373444100005,53.1997160060001],[6.13188180600002,53.1942933240001],[6.12003216900007,53.188869466],[6.10818553000007,53.183444432],[6.09634188800004,53.178018224],[6.08450124300003,53.172590842],[6.07266359200003,53.1671622860001],[6.06082893700005,53.1617325560001],[6.04899727600002,53.1563016540001],[6.03716860800006,53.1508695800001],[6.02534293300005,53.1454363340001],[6.01352025000006,53.1400019170001],[6.00170055800004,53.13456633],[5.98988385700005,53.1291295720001],[5.97807014600005,53.1236916450001],[5.96625942400004,53.118252549],[5.95445169000004,53.1128122850001],[5.94264694400005,53.107370852],[5.93084518600006,53.101928253],[5.91904641400004,53.0964844860001],[5.90725062700005,53.091039553],[5.89545782500005,53.085593454],[5.88366800800003,53.0801461900001],[5.87188117400007,53.074697761],[5.86009732300005,53.0692481680001],[5.84831645500003,53.0637974110001],[5.83653856700005,53.0583454910001],[5.82476366100002,53.052892408],[5.81299173400004,53.047438163],[5.80122278700003,53.041982756],[5.78945681800008,53.036526189],[5.77769382700006,53.03106846],[5.76593381400005,53.0256095720001],[5.75417677700005,53.020149524],[5.74242271500003,53.014688317],[5.73067162900003,53.0092259520001],[5.71892351700006,53.0037624280001],[5.70717837800004,52.998297748],[5.69543621300005,52.9928319100001],[5.68369701900002,52.987364916],[5.67196079700005,52.981896766],[5.66022754600004,52.9764274610001],[5.64849726500006,52.9709570000001],[5.63676995300006,52.9654853860001],[5.62504561000003,52.9600126180001],[5.61332423500005,52.954538696],[5.60160582700007,52.949063622],[5.58989038500005,52.9435873960001],[5.57817790900003,52.938110017],[5.56646839900003,52.932631488],[5.55476185200007,52.9271518080001],[5.54305826900003,52.9216709780001],[5.53135764900003,52.9161889980001],[5.51965999100003,52.910705869],[5.50796529500008,52.905221592],[5.49627355900003,52.8997361660001],[5.48458478300006,52.894249593],[5.47289896700005,52.8887618730001],[5.46121610900002,52.8832730060001],[5.44953620900003,52.877782994],[5.43785926600003,52.872291836],[5.42618527900004,52.8667995330001],[5.41451424900004,52.8613060850001],[5.40284617300006,52.8558114940001],[5.39118105100005,52.8503157590001],[5.37951888300006,52.844818881],[5.36785966800005,52.839320861],[5.35620340500003,52.8338216990001],[5.34455009300007,52.828321396],[5.33289973100005,52.822819952],[5.32125232000004,52.817317368],[5.30960785800005,52.811813644],[5.29796634400003,52.8063087800001],[5.28632777800004,52.800802778],[5.27179890900004,52.799330103],[5.25727102500002,52.797855654],[5.24274412600005,52.796379431],[5.22821821400004,52.794901435],[5.21369328900005,52.793421665],[5.19916935400005,52.791940121],[5.18464640800005,52.7904568050001],[5.17012445300003,52.788971716],[5.15560349000003,52.7874848540001],[5.14108352000005,52.7859962200001],[5.12656454400008,52.7845058130001],[5.11204656300004,52.783013635],[5.09752957900002,52.781519685],[5.08301359100005,52.7800239630001],[5.06849860200003,52.77852647],[5.05398461300007,52.7770272060001],[5.03947162300005,52.7755261710001],[5.02495963600006,52.7740233660001],[5.01044865000006,52.77251879],[4.99593866900005,52.7710124430001],[4.98142969200006,52.769504327],[4.96692172100006,52.767994441],[4.95241475600005,52.766482786],[4.93790880000006,52.7649693610001],[4.92340385200004,52.7634541670001],[4.90889991400007,52.761937204],[4.89439698700005,52.760418472],[4.87989507200007,52.7588979720001],[4.86539417100005,52.757375704],[4.85089428300006,52.755851668],[4.83639541000002,52.7543258630001],[4.82189755400003,52.7527982920001],[4.80740071500003,52.7512689530001],[4.79290489500005,52.7497378470001],[4.77841009400004,52.748204973],[4.76391631300004,52.746670334],[4.74942355300004,52.745133927],[4.73493181700007,52.7435957550001],[4.72044110300004,52.7420558170001],[4.70595141500007,52.740514112],[4.69146275200006,52.738970642],[4.67697511500006,52.737425407],[4.66248850700003,52.735878407],[4.64800292700005,52.734329642],[4.63351837700003,52.7327791120001],[4.61903485800002,52.731226817],[4.60455237100007,52.729672759],[4.59007091700005,52.728116936],[4.57559049600007,52.7265593500001],[4.56111111100006,52.7250000000001],[4.54941722600006,52.7289970840001],[4.53772119800004,52.732993019],[4.52602302500003,52.736987802],[4.51432270900006,52.740981434],[4.50262024800003,52.7449739150001],[4.49091564300005,52.748965244],[4.47920889400007,52.75295542],[4.46750000000003,52.7569444440001],[4.45576175200006,52.7617871640001],[4.44402089400006,52.7666287260001],[4.43227742500005,52.771469128],[4.42053134500003,52.77630837],[4.40878265200007,52.781146452],[4.39703134800004,52.7859833740001],[4.38527743100002,52.7908191340001],[4.37352090100006,52.7956537330001],[4.36176175700007,52.8004871700001],[4.35000000000002,52.8053194440001],[4.35000000000002,53.083333333],[4.36379057300007,53.0849624750001],[4.37758219000006,53.086590023],[4.39137485000003,53.0882159760001],[4.40516855100003,53.0898403350001],[4.41896329300005,53.0914630990001],[4.43275907500004,53.093084269],[4.44655589600006,53.094703843],[4.46035375500003,53.0963218210001],[4.47415265200004,53.0979382040001],[4.48795258500007,53.099552992],[4.50175355300007,53.101166183],[4.51555555600004,53.1027777780001],[4.52776414200002,53.106781009],[4.53997500000003,53.1107829900001],[4.55218813000005,53.114783722],[4.56440353400006,53.1187832040001],[4.57662121000004,53.1227814360001],[4.58884115900003,53.126778416],[4.60106338100007,53.1307741460001],[4.61328787600007,53.1347686230001],[4.62551464300003,53.138761849],[4.63774368400004,53.142753822],[4.64997499800006,53.1467445420001],[4.66220858400004,53.1507340090001],[4.67444444400007,53.154722222],[4.66664384900002,53.1607787980001],[4.65884105200007,53.1668348630001],[4.65103605300004,53.1728904190001],[4.64322885100006,53.178945465],[4.63541944400004,53.1850000000001],[4.63494652600002,53.1854158130001],[4.63442259600004,53.186338248],[4.63390863900003,53.1872621740001],[4.63340220200007,53.1881875920001],[4.63290329700004,53.189114481],[4.63241193500005,53.190042819],[4.63192812800003,53.1909725830001],[4.63145188900006,53.191903751],[4.63098322700006,53.1928363010001],[4.63052215500005,53.1937702110001],[4.63006868300005,53.194705458],[4.62962282200004,53.1956420220001],[4.62918458200005,53.1965798780001],[4.62875397500005,53.1975190050001],[4.62833101000007,53.1984593810001],[4.62791569700005,53.199400982],[4.62750804600006,53.2003437880001],[4.62710806800004,53.201287775],[4.62671577100002,53.20223292],[4.62633116400002,53.2031792020001],[4.62595425800004,53.2041265980001],[4.62558506000005,53.205075085],[4.62522358100006,53.2060246410001],[4.62486982700005,53.206975243],[4.62452380800005,53.2079268680001],[4.62418553200007,53.2088794950001],[4.62385500700003,53.2098331],[4.62353224100002,53.2107876600001],[4.62321724200007,53.211743153],[4.62291001600005,53.2126995560001],[4.62261057200004,53.213656847],[4.62231891600004,53.2146150020001],[4.62203505600007,53.2155739990001],[4.62175899700003,53.216533815],[4.62149074800004,53.2174944270001],[4.62123031300007,53.2184558120001],[4.62097770000003,53.2194179480001],[4.62073291400003,53.220380811],[4.62049596200006,53.2213443790001],[4.62026684700004,53.2223086290001],[4.62004557800003,53.2232735370001],[4.61983215700008,53.2242390810001],[4.61962659100004,53.2252052380001],[4.61942888500005,53.2261719850001],[4.61923904300005,53.227139299],[4.61905706900006,53.2281071570001],[4.61888296900003,53.229075535],[4.61871674500003,53.2300444110001],[4.61855840300007,53.231013762],[4.61840794500006,53.2319835650001],[4.61826537600007,53.2329537960001],[4.61813069900006,53.233924433],[4.61800391600002,53.234895452],[4.61788503200006,53.2358668310001],[4.61777404900005,53.2368385450001],[4.61767096900007,53.237810573],[4.61757579500005,53.238782891],[4.61748852900007,53.239755476],[4.61740917400004,53.2407283040001],[4.61733773000003,53.2417013530001],[4.61727420100004,53.2426745990001],[4.61721858700002,53.2436480200001],[4.61717089000007,53.244621592],[4.61713111000006,53.2455952920001],[4.61709925000002,53.246569096],[4.61707530900003,53.247542982],[4.61705928800006,53.2485169270001],[4.61705118700007,53.2494909070001],[4.61705109300004,53.2500000000001],[4.63092291300006,53.250005636],[4.64479582900003,53.2500096620001],[4.65866874700004,53.2500120780001],[4.67254166700008,53.2500128830001],[4.68641458600007,53.2500120780001],[4.70028750400007,53.2500096620001],[4.71416042000004,53.250005636],[4.72803333300004,53.2500000000001],[4.72803540800004,53.2502066220001],[4.72803969200004,53.2510020770001],[4.72805363700007,53.251797497],[4.72807550700003,53.2525928530001],[4.72810529900005,53.2533881160001],[4.72814301400007,53.2541832580001],[4.72818865000005,53.2549782500001],[4.72824220500007,53.255773065],[4.72830367700004,53.2565676740001],[4.72837306400004,53.2573620490001],[4.72845036400003,53.2581561600001],[4.72853557400003,53.2589499810001],[4.72862869100004,53.259743481],[4.72872971100003,53.2605366340001],[4.72883863100003,53.2613294110001],[4.72895544700003,53.2621217830001],[4.72908015500008,53.2629137230001],[4.72921275100003,53.2637052010001],[4.72935322900003,53.26449619],[4.72950158500004,53.2652866620001],[4.72965781300007,53.266076588],[4.72982190700003,53.2668659400001],[4.72999386300006,53.267654689],[4.73017367400007,53.2684428090001],[4.73036133200003,53.26923027],[4.73055683300004,53.270017044],[4.73076016800007,53.270803104],[4.73097133100003,53.271588421],[4.73119031300007,53.2723729670001],[4.73141710700003,53.273156714],[4.73165170600004,53.273939635],[4.73189410000003,53.274721701],[4.73214428100005,53.275502884],[4.73240224000006,53.2762831570001],[4.73266796800004,53.277062492],[4.73294145500006,53.27784086],[4.73322269100004,53.2786182340001],[4.73351166700007,53.2793945870001],[4.73380837300004,53.2801698900001],[4.73411279600003,53.2809441160001],[4.73442492800007,53.2817172370001],[4.73474475600005,53.2824892260001],[4.73507226900006,53.283260054],[4.73540745600008,53.2840296960001],[4.73575030400002,53.284798122],[4.73610080200007,53.2855653060001],[4.73645893600008,53.2863312200001],[4.73682469400006,53.287095837],[4.73719806300005,53.2878591300001],[4.73757903000006,53.2886210710001],[4.73796758000003,53.2893816330001],[4.73836370100003,53.2901407900001],[4.73876737700004,53.2908985130001],[4.73917859600004,53.291654775],[4.73959734100004,53.292409551],[4.74002359800005,53.293162813],[4.74045735100003,53.2939145330001],[4.74089858600007,53.294664686],[4.74134728600006,53.295413244],[4.74180343600005,53.2961601810001],[4.74226701900005,53.2969054690001],[4.74273801800007,53.2976490830001],[4.74321641700004,53.2983909960001],[4.74370219900004,53.2991311810001],[4.74419534600003,53.2998696120001],[4.74469584100007,53.3006062630001],[4.74520366600007,53.3013411060001],[4.74571880200006,53.3020741170001],[4.74624123200005,53.302805269],[4.74677093700006,53.303534535],[4.74730789700004,53.3042618900001],[4.74785209400005,53.3049873080001],[4.74840350800002,53.305710762],[4.74896212000004,53.3064322280001],[4.74952790900005,53.3071516780001],[4.75010085600007,53.3078690890001],[4.75068094000005,53.3085844330001],[4.75126813900005,53.309297685],[4.75186243400003,53.3100088210001],[4.75246380300007,53.310717814],[4.75307222500004,53.3114246390001],[4.75368767700007,53.3121292710001],[4.75431013800005,53.312831686],[4.75493958600003,53.3135318560001],[4.75557599800004,53.3142297590001],[4.75621935100003,53.314925368],[4.75686962300006,53.31561866],[4.75752679000004,53.316309608],[4.75819082800007,53.31699819],[4.75886171500002,53.3176843790001],[4.75953942600006,53.3183681520001],[4.76022393700003,53.3190494840001],[4.76091522400003,53.31972835],[4.76161326100004,53.320404727],[4.76231802400002,53.3210785910001],[4.76302948800003,53.321749917],[4.76374762700004,53.322418681],[4.76447241500006,53.3230848590001],[4.76520382800004,53.323748429],[4.76594183800006,53.3244093650001],[4.76668642000004,53.325067645],[4.76743754600005,53.3257232440001],[4.76819519000003,53.32637614],[4.76895932600007,53.3270263100001],[4.76972992400005,53.3276737290001],[4.77050695900004,53.328318375],[4.77129040200003,53.3289602250001],[4.77208022600007,53.3295992560001],[4.77287640200007,53.330235445],[4.77367890100004,53.3308687690001],[4.77448769600005,53.331499206],[4.77530275700002,53.332126734],[4.77612405500003,53.3327513290001],[4.77695156100003,53.33337297],[4.77778524500008,53.333991634],[4.77862507700007,53.334607299],[4.77947102800005,53.3352199440001],[4.78032306800003,53.3358295470001],[4.78118116500002,53.3364360850001],[4.78204529000004,53.3370395360001],[4.78291541100003,53.337639881],[4.78379149700004,53.3382370960001],[4.78467351700004,53.338831161],[4.78556144000004,53.3394220550001],[4.78645523400007,53.340009756],[4.78735486700003,53.340594244],[4.78826030600004,53.3411754970001],[4.78917152000002,53.341753495],[4.79008847600005,53.342328217],[4.79101114200006,53.3428996420001],[4.79193948300002,53.343467751],[4.79287346800004,53.3440325230001],[4.79381306300007,53.3445939380001],[4.79475823400003,53.3451519750001],[4.79570894700004,53.345706616],[4.79666516900005,53.346257839],[4.79762686500004,53.346805626],[4.79859400200007,53.3473499560001],[4.79956654400007,53.3478908110001],[4.80054445700006,53.3484281710001],[4.80152770600006,53.3489620170001],[4.80251625500006,53.349492329],[4.80351007100006,53.35001909],[4.80450911600008,53.3505422790001],[4.80551335600006,53.351061879],[4.80652275400007,53.3515778710001],[4.80753727400003,53.352090236],[4.80855688100007,53.3525989560001],[4.80958153800003,53.3531040140001],[4.81061120800007,53.35360539],[4.81164585500005,53.354103067],[4.81268544100004,53.3545970270001],[4.81372993000002,53.3550872530001],[4.81477928400005,53.3555737280001],[4.81583346600007,53.356056433],[4.81689243700004,53.356535351],[4.81795616100004,53.3570104660001],[4.81902460000003,53.35748176],[4.82009771400004,53.3579492170001],[4.82117546600006,53.3584128200001],[4.82225781800003,53.358872553],[4.82334473000003,53.3593283980001],[4.82443616500007,53.35978034],[4.82553208200005,53.360228362],[4.82663244300005,53.36067245],[4.82773720900002,53.3611125850001],[4.82884633900005,53.3615487540001],[4.82995979500004,53.3619809410001],[4.83107753700006,53.3624091290001],[4.83219952500002,53.362833304],[4.83332571800003,53.3632534500001],[4.83445607700003,53.3636695540001],[4.83559056200005,53.364081598],[4.83672913100003,53.36448957],[4.83787174400004,53.3648934540001],[4.83901836000007,53.3652932370001],[4.84016893900002,53.365688903],[4.84132343800007,53.366080438],[4.84248181800007,53.36646783],[4.84364403700005,53.3668510630001],[4.84481005300006,53.3672301240001],[4.84597982400004,53.367605],[4.84715330900002,53.3679756770001],[4.84833046600005,53.3683421420001],[4.84951125300006,53.368704382],[4.85069562700005,53.3690623840001],[4.85188354700006,53.3694161350001],[4.85307497000002,53.369765622],[4.85426985300006,53.3701108340001],[4.85546815400005,53.3704517570001],[4.85666983000004,53.3707883800001],[4.85787483900003,53.371120691],[4.85908313600004,53.371448677],[4.86029468000004,53.371772327],[4.86150942600005,53.3720916290001],[4.86272733100003,53.372406573],[4.86394835200002,53.3727171460001],[4.86517244600003,53.3730233380001],[4.86639956800008,53.373325138],[4.86762967500005,53.373622535],[4.86886272200007,53.373915518],[4.87009866700004,53.3742040770001],[4.87133746400002,53.3744882020001],[4.87235277800005,53.3747416670001],[4.87257884200005,53.374767831]]]},"properties":{"Name":"NIEUW MILLIGEN TMA A","Designator":"EHMCAB","Type":"TMA","LocalType":"TMA","UpperLimit":195,"LowerLimit":65,"UpperLimitUnit":"FL","LowerLimitUnit":"FL","Class":"B","name":"NIEUW MILLIGEN TMA A"}}]}